ANIO,SINIESTROS,LESIONADOS,FALLECIDOS,ENTE_DE_CONTROL,LATITUD_Y,LONGITUD_X,DPA_1,PROVINCIA,DPA_2,CANTON,DPA_3,PARROQUIA,DIRECCION,ZONA_PLANIFICACION,ZONA,ID_DE_LA_VIA,NOMBRE_DE_LA_VIA,UBICACION_DE_LA_VIA,JERARQUIA_DE_LA_VIA,FECHA,HORA,PERIODO_1,PERIODO_2,DIA_1,DIA_2,MES_1,MES_2,FERIADO,CODIGO_CAUSA,CAUSA_PROBABLE,TIPO_DE_SINIESTRO,TIPO_DE_VEHICULO_1,SERVICIO_1,AUTOMOVIL,BICICLETA,BUS,CAMION,CAMIONETA,EMERGENCIAS,ESPECIAL,FURGONETA,MOTOCICLETA,NO_IDENTIFICADO,SCOOTER_ELECTRICO,TRICIMOTO,VEHICULO_DEPORTIVO_UTILITARIO,SUMA_DE_VEHICULOS,TIPO_ID_1,EDAD_1,SEXO_1,CONDICION_1,PARTICIPANTE_1,CASCO_1,CINTURON_1
2023,DMQ00002012023,0,0,DMQ,-0.284215,-78.516339,17,PICHINCHA,1701,QUITO,170150,QUITO,PRINCESA TOA Y SIMON BOLIVAR,ZONA 9,URBANA,ND,ND,ND,ND,1/1/2023,0:05:00,DE 00H00 A 00H59,0,domingo,7,ENERO,1,SI,C10,"CONDICIONES AMBIENTALES Y/O ATMOSFÉRICAS (NIEBLA, NEBLINA, GRANIZO, LLUVIA).",CHOQUE LATERAL,FURGONETA,PARTICULAR,1,0,0,0,0,0,0,1,0,0,0,0,0,2,LICENCIA,42,HOMBRE,ILESO,CONDUCTOR,NO,NO
2023,DMQ00006012023,6,0,DMQ,-0.057577,-78.464477,17,PICHINCHA,1701,QUITO,170177,POMASQUI,SAN JOSE Y OE408,ZONA 9,RURAL,ND,ND,ND,ND,1/1/2023,0:40:00,DE 00H00 A 00H59,0,domingo,7,ENERO,1,SI,C06,"CONDUCE BAJO LA INFLUENCIA DE ALCOHOL, SUSTANCIAS ESTUPEFACIENTES O PSICOTRÓPICAS Y/O MEDICAMENTOS.",ATROPELLOS,AUTOMÓVIL,PARTICULAR,1,0,0,0,0,0,0,0,0,0,0,0,0,1,LICENCIA,24,HOMBRE,LESIONADO,CONDUCTOR,NO,NO
2023,DMQ00009012023,0,0,DMQ,-0.084671,-78.436849,17,PICHINCHA,1701,QUITO,170155,CALDERON (CARAPUNGO),CARLOS MANTILLA Y DE LOS GERANIOS,ZONA 9,RURAL,ND,ND,ND,ND,1/1/2023,3:30:00,DE 03H00 A 03H59,3,domingo,7,ENERO,1,SI,C09,CONDUCIR VEHÍCULO SUPERANDO LOS LÍMITES MÁXIMOS DE VELOCIDAD.,ESTRELLAMIENTOS,AUTOMÓVIL,PARTICULAR,2,0,0,0,0,0,0,0,0,0,0,0,0,2,LICENCIA,28,HOMBRE,ILESO,CONDUCTOR,NO,NO
2023,DMQ00010012023,3,0,DMQ,-0.313137,-78.548095,17,PICHINCHA,1701,QUITO,170150,QUITO,MALDONADO Y S46F,ZONA 9,URBANA,ND,ND,ND,ND,1/1/2023,4:45:00,DE 04H00 A 04H59,4,domingo,7,ENERO,1,SI,C06,"CONDUCE BAJO LA INFLUENCIA DE ALCOHOL, SUSTANCIAS ESTUPEFACIENTES O PSICOTRÓPICAS Y/O MEDICAMENTOS.",CHOQUE POSTERIOR,AUTOMÓVIL,COMERCIAL,2,0,0,0,0,0,0,0,0,0,0,0,0,2,CÉDULA,33,HOMBRE,LESIONADO,PASAJERO,NO,NO
2023,PNE00002012023,1,0,PNE,-0.411662,-78.546085,17,PICHINCHA,1703,MEJIA,170356,TAMBILLO (MEJIA),PANAMERICANA  SUR  E35  KM284+400  -,ZONA 2,RURAL,65,REDONDEL DEL COLIBRI - TAMBILLO,E35 - E20,ARTERIAL,1/1/2023,5:10:00,DE 05H00 A 05H59,5,domingo,7,ENERO,1,SI,C14,"CONDUCIR DESATENTO A LAS CONDICIONES DE TRÁNSITO (CELULAR, PANTALLAS DE VIDEO, COMIDA, MAQUILLAJE O CUALQUIER OTRO ELEMENTO DISTRACTOR).",CHOQUE LATERAL,AUTOMÓVIL,PARTICULAR,2,0,0,0,0,0,0,0,0,0,0,0,0,2,CÉDULA,26,HOMBRE,LESIONADO,PASAJERO,NO,SI
2023,DMQ00015012023,0,0,DMQ,-0.217508,-78.490528,17,PICHINCHA,1701,QUITO,170150,QUITO,LA CONDAMINE Y SOLANO,ZONA 9,URBANA,ND,ND,ND,ND,1/1/2023,6:15:00,DE 06H00 A 06H59,6,domingo,7,ENERO,1,SI,C09,CONDUCIR VEHÍCULO SUPERANDO LOS LÍMITES MÁXIMOS DE VELOCIDAD.,ESTRELLAMIENTOS,AUTOMÓVIL,PARTICULAR,1,0,0,0,0,0,0,0,0,0,0,0,0,1,NO IDENTIFICADO,-1,NO IDENTIFICADO,NO IDENTIFICADO,CONDUCTOR,NO,NO
2023,DMQ00016012023,0,0,DMQ,-0.202468,-78.368766,17,PICHINCHA,1701,QUITO,170179,PUEMBO,OSWALDO GUAYASAMIN Y 24 DE MAYO,ZONA 9,RURAL,60,QUITO - TUMBACO - PIFO,E28C,COLECTORA,1/1/2023,6:24:00,DE 06H00 A 06H59,6,domingo,7,ENERO,1,SI,C23,"NO RESPETAR LAS SEÑALES REGLAMENTARIAS DE TRÁNSITO. (PARE, CEDA EL PASO, LUZ ROJA DEL SEMAFORO, ETC).",ESTRELLAMIENTOS,AUTOMÓVIL,PARTICULAR,1,0,0,0,0,0,0,0,0,0,0,0,0,1,NO IDENTIFICADO,-1,NO IDENTIFICADO,NO IDENTIFICADO,CONDUCTOR,NO,NO
2023,DMQ00019012023,0,0,DMQ,-0.107424,-78.446731,17,PICHINCHA,1701,QUITO,170155,CALDERON (CARAPUNGO),PANAMERICANA NORTE Y GARCIA MORENO,ZONA 9,RURAL,58,ENTRADA A CARAPUNGO - CALDERON,E28B,COLECTORA,1/1/2023,7:45:00,DE 07H00 A 07H59,7,domingo,7,ENERO,1,SI,C09,CONDUCIR VEHÍCULO SUPERANDO LOS LÍMITES MÁXIMOS DE VELOCIDAD.,CHOQUE POSTERIOR,AUTOMÓVIL,PARTICULAR,2,0,0,0,0,0,0,0,0,0,0,0,0,2,LICENCIA,49,HOMBRE,ILESO,CONDUCTOR,NO,NO
2023,PNE00008012023,0,0,PNE,0.005658,-78.822455,17,PICHINCHA,1707,SAN MIGUEL DE LOS BANCOS,170750,SAN MIGUEL DE LOS BANCOS,AV  calle  Quito  -  s/n,ZONA 2,RURAL,ND,ND,ND,ND,1/1/2023,9:00:00,DE 09H00 A 09H59,9,domingo,7,ENERO,1,SI,C20,"MAL ESTACIONADO - EL CONDUCTOR QUE DETENGA O ESTACIONE VEHÍCULOS EN SITIOS O ZONAS QUE ENTRAÑEN PELIGRO, TALES COMO ZONA DE SEGURIDAD, CURVAS, PUENTES, TÚNELES, PENDIENTES.",ESTRELLAMIENTOS,NO IDENTIFICADO,PARTICULAR,0,0,0,0,0,0,0,0,0,1,0,0,0,1,CÉDULA,33,HOMBRE,ILESO,PEATÓN,NO,SI
2023,DMQ00021012023,1,0,DMQ,-0.258951,-78.502631,17,PICHINCHA,1701,QUITO,170150,QUITO,SIMON BOLIVAR Y FORESTAL,ZONA 9,URBANA,ND,ND,ND,ND,1/1/2023,9:15:00,DE 09H00 A 09H59,9,domingo,7,ENERO,1,SI,C26,NO CEDER EL DERECHO DE VÍA O PREFERENCIA DE PASO AL PEATÓN.,ATROPELLOS,NO IDENTIFICADO,PARTICULAR,0,0,0,0,0,0,0,0,0,1,0,0,0,1,CÉDULA,23,HOMBRE,LESIONADO,PEATÓN,NO,NO
2023,DMQ00025012023,1,0,DMQ,-0.152087,-78.464618,17,PICHINCHA,1701,QUITO,170150,QUITO,ELOY ALFARO Y DE LAS PALMERAS,ZONA 9,URBANA,ND,ND,ND,ND,1/1/2023,14:30:00,DE 14H00 A 14H59,14,domingo,7,ENERO,1,SI,C10,"CONDICIONES AMBIENTALES Y/O ATMOSFÉRICAS (NIEBLA, NEBLINA, GRANIZO, LLUVIA).",ESTRELLAMIENTOS,AUTOMÓVIL,PARTICULAR,1,0,0,0,0,0,0,0,0,0,0,0,0,1,LICENCIA,21,HOMBRE,LESIONADO,CONDUCTOR,NO,NO
2023,DMQ00026012023,1,0,DMQ,-0.152056,-78.450928,17,PICHINCHA,1701,QUITO,170150,QUITO,SIMON BOLIVAR Y 500 METROS ANTES DEL REDONDEL DE ZAMBIZA,ZONA 9,URBANA,ND,ND,ND,ND,1/1/2023,14:50:00,DE 14H00 A 14H59,14,domingo,7,ENERO,1,SI,C10,"CONDICIONES AMBIENTALES Y/O ATMOSFÉRICAS (NIEBLA, NEBLINA, GRANIZO, LLUVIA).",CHOQUE LATERAL,CAMIONETA,PARTICULAR,1,0,0,0,1,0,0,0,0,0,0,0,0,2,LICENCIA,30,HOMBRE,LESIONADO,CONDUCTOR,NO,NO
2023,DMQ00028012023,0,0,DMQ,-0.213601,-78.515901,17,PICHINCHA,1701,QUITO,170150,QUITO,MARISCAL SUCRE Y MEJIA,ZONA 9,URBANA,ND,ND,ND,ND,1/1/2023,15:00:00,DE 15H00 A 15H59,15,domingo,7,ENERO,1,SI,C09,CONDUCIR VEHÍCULO SUPERANDO LOS LÍMITES MÁXIMOS DE VELOCIDAD.,ESTRELLAMIENTOS,AUTOMÓVIL,PARTICULAR,1,0,0,0,0,0,0,0,0,0,0,0,0,1,NO IDENTIFICADO,-1,NO IDENTIFICADO,NO IDENTIFICADO,CONDUCTOR,NO,NO
2023,DMQ00029012023,0,0,DMQ,-0.154062,-78.349699,17,PICHINCHA,1701,QUITO,170183,TABABELA,CONECTOR ALPACHACA Y DIAGONAL A LA ADUANA DEL AEROPUERTO,ZONA 9,RURAL,ND,ND,ND,ND,1/1/2023,15:30:00,DE 15H00 A 15H59,15,domingo,7,ENERO,1,SI,C10,"CONDICIONES AMBIENTALES Y/O ATMOSFÉRICAS (NIEBLA, NEBLINA, GRANIZO, LLUVIA).",ESTRELLAMIENTOS,AUTOMÓVIL,COMERCIAL,1,0,0,0,0,0,0,0,0,0,0,0,0,1,NO IDENTIFICADO,-1,NO IDENTIFICADO,NO IDENTIFICADO,CONDUCTOR,NO,NO
2023,DMQ00030012023,0,0,DMQ,-0.247597,-78.528255,17,PICHINCHA,1701,QUITO,170150,QUITO,FRANCISCO BALLESTEROS Y JIPIJAPA,ZONA 9,URBANA,ND,ND,ND,ND,1/1/2023,15:45:00,DE 15H00 A 15H59,15,domingo,7,ENERO,1,SI,C10,"CONDICIONES AMBIENTALES Y/O ATMOSFÉRICAS (NIEBLA, NEBLINA, GRANIZO, LLUVIA).",ESTRELLAMIENTOS,AUTOMÓVIL,PARTICULAR,1,0,0,0,0,0,0,0,0,0,0,0,0,1,NO IDENTIFICADO,-1,NO IDENTIFICADO,NO IDENTIFICADO,CONDUCTOR,NO,NO
2023,CTE00028012023,4,0,CTE,-0.333861,-78.896222,17,PICHINCHA,1703,MEJIA,170355,MANUEL CORNEJO ASTORGA,RED. ESTATAL E-20 KM 62 + 500 SENTIDO TANDAPI - SANTO DOMINGO,ZONA 2,RURAL,332,TANDAPI - LIMITE PROVINCIAL ENTRE PICHINCHA Y SANTO DOMINGO,E20,ARTERIAL,1/1/2023,17:30:00,DE 17H00 A 17H59,17,domingo,7,ENERO,1,SI,C14,"CONDUCIR DESATENTO A LAS CONDICIONES DE TRÁNSITO (CELULAR, PANTALLAS DE VIDEO, COMIDA, MAQUILLAJE O CUALQUIER OTRO ELEMENTO DISTRACTOR).",PÉRDIDA DE CARRIL,AUTOMÓVIL,PARTICULAR,1,0,0,0,0,0,0,0,0,0,0,0,0,1,CÉDULA,-1,HOMBRE,LESIONADO,PASAJERO,NO,NO
2023,PNE00016012023,0,0,PNE,-0.448295,-78.558551,17,PICHINCHA,1703,MEJIA,170351,ALOAG,PANAMERICANA  SUR  E-35  KM  290  -,ZONA 2,RURAL,67,ESTACION DE PESAJE - ALOAG (OBELISCO),E35 - E20,ARTERIAL,1/1/2023,18:00:00,DE 18H00 A 18H59,18,domingo,7,ENERO,1,SI,C14,"CONDUCIR DESATENTO A LAS CONDICIONES DE TRÁNSITO (CELULAR, PANTALLAS DE VIDEO, COMIDA, MAQUILLAJE O CUALQUIER OTRO ELEMENTO DISTRACTOR).",CHOQUE LATERAL,CAMIÓN,PÚBLICO,1,0,0,1,0,0,0,0,0,0,0,0,0,2,LICENCIA,39,HOMBRE,ILESO,CONDUCTOR,NO,SI
2023,DMQ00032012023,0,0,DMQ,-0.349299,-78.556201,17,PICHINCHA,1701,QUITO,170150,QUITO,PATRICIO ROMERO BARBERIS Y DUQUESA VILLA HERMOSA,ZONA 9,URBANA,ND,ND,ND,ND,1/1/2023,18:15:00,DE 18H00 A 18H59,18,domingo,7,ENERO,1,SI,C10,"CONDICIONES AMBIENTALES Y/O ATMOSFÉRICAS (NIEBLA, NEBLINA, GRANIZO, LLUVIA).",CHOQUE LATERAL,CAMIONETA,PARTICULAR,0,0,0,0,2,0,0,0,0,0,0,0,0,2,LICENCIA,65,HOMBRE,ILESO,CONDUCTOR,NO,NO
2023,DMQ00033012023,1,0,DMQ,-0.291477,-78.567163,17,PICHINCHA,1701,QUITO,170150,QUITO,LUIS DUQUE Y DEL OLEODUCTO,ZONA 9,URBANA,ND,ND,ND,ND,1/1/2023,18:45:00,DE 18H00 A 18H59,18,domingo,7,ENERO,1,SI,C10,"CONDICIONES AMBIENTALES Y/O ATMOSFÉRICAS (NIEBLA, NEBLINA, GRANIZO, LLUVIA).",CHOQUE LATERAL,BUS,PÚBLICO,0,0,1,0,0,0,0,0,1,0,0,0,0,2,LICENCIA,29,HOMBRE,LESIONADO,CONDUCTOR,SI,NO
2023,DMQ00035012023,1,0,DMQ,-0.248849,-78.528591,17,PICHINCHA,1701,QUITO,170150,QUITO,ALONSO DE ANGULO Y JIPIJAPA,ZONA 9,URBANA,ND,ND,ND,ND,1/1/2023,20:30:00,DE 20H00 A 20H59,20,domingo,7,ENERO,1,SI,C06,"CONDUCE BAJO LA INFLUENCIA DE ALCOHOL, SUSTANCIAS ESTUPEFACIENTES O PSICOTRÓPICAS Y/O MEDICAMENTOS.",ESTRELLAMIENTOS,MOTOCICLETA,PARTICULAR,1,0,0,0,0,0,0,0,1,0,0,0,0,2,LICENCIA,22,HOMBRE,LESIONADO,CONDUCTOR,SI,NO
2023,DMQ00037012023,2,0,DMQ,-0.169312,-78.488214,17,PICHINCHA,1701,QUITO,170150,QUITO,AMERICA Y VOZ ANDES,ZONA 9,URBANA,ND,ND,ND,ND,1/1/2023,21:05:00,DE 21H00 A 21H59,21,domingo,7,ENERO,1,SI,C10,"CONDICIONES AMBIENTALES Y/O ATMOSFÉRICAS (NIEBLA, NEBLINA, GRANIZO, LLUVIA).",ESTRELLAMIENTOS,MOTOCICLETA,PARTICULAR,0,0,0,0,0,0,0,0,1,0,0,0,0,1,PASAPORTE,37,HOMBRE,LESIONADO,PASAJERO,SI,NO
2023,PNE00020012023,1,0,PNE,-0.366206,-78.550752,17,PICHINCHA,1703,MEJIA,170353,CUTUGLAHUA,PANAMERICANA  SUR-CUTUGLAGUA  -,ZONA 2,RURAL,56,TAMBILLO - CUTUGLAGUA,E28A,COLECTORA,1/1/2023,22:20:00,DE 22H00 A 22H59,22,domingo,7,ENERO,1,SI,C14,"CONDUCIR DESATENTO A LAS CONDICIONES DE TRÁNSITO (CELULAR, PANTALLAS DE VIDEO, COMIDA, MAQUILLAJE O CUALQUIER OTRO ELEMENTO DISTRACTOR).",CHOQUE POSTERIOR,CAMIÓN,PARTICULAR,0,0,0,1,0,0,0,1,0,0,0,0,0,2,LICENCIA,33,HOMBRE,LESIONADO,CONDUCTOR,NO,SI
2023,DMQ00040012023,1,0,DMQ,-0.369001,-78.502444,17,PICHINCHA,1701,QUITO,170152,AMAGUAÑA,CESAR AGUIRRE Y DE LOS LIBERTADORES,ZONA 9,RURAL,ND,ND,ND,ND,2/1/2023,0:20:00,DE 00H00 A 00H59,0,lunes,1,ENERO,1,SI,C26,NO CEDER EL DERECHO DE VÍA O PREFERENCIA DE PASO AL PEATÓN.,ATROPELLOS,MOTOCICLETA,PARTICULAR,0,0,0,0,0,0,0,0,1,0,0,0,0,1,CÉDULA,19,MUJER,LESIONADO,PEATÓN,NO,NO
2023,DMQ00043012023,2,0,DMQ,-0.286757,-78.460197,17,PICHINCHA,1701,QUITO,170151,ALANGASI,RIO COCA Y AMAZONAS,ZONA 9,RURAL,ND,ND,ND,ND,2/1/2023,2:10:00,DE 02H00 A 02H59,2,lunes,1,ENERO,1,SI,C10,"CONDICIONES AMBIENTALES Y/O ATMOSFÉRICAS (NIEBLA, NEBLINA, GRANIZO, LLUVIA).",PÉRDIDA DE CARRIL,AUTOMÓVIL,PARTICULAR,1,0,0,0,0,0,0,0,0,0,0,0,0,1,CÉDULA,25,HOMBRE,LESIONADO,PASAJERO,NO,NO
2023,DMQ00044012023,0,0,DMQ,-0.192373,-78.454925,17,PICHINCHA,1701,QUITO,170150,QUITO,SIMON BOLIVAR Y OSWALDO GUAYASAMIN,ZONA 9,URBANA,ND,ND,ND,ND,2/1/2023,8:25:00,DE 08H00 A 08H59,8,lunes,1,ENERO,1,SI,C10,"CONDICIONES AMBIENTALES Y/O ATMOSFÉRICAS (NIEBLA, NEBLINA, GRANIZO, LLUVIA).",ESTRELLAMIENTOS,AUTOMÓVIL,PARTICULAR,1,0,0,0,0,0,0,0,0,0,0,0,0,1,LICENCIA,35,HOMBRE,ILESO,CONDUCTOR,NO,NO
2023,DMQ00045012023,0,0,DMQ,-0.190385,-78.476111,17,PICHINCHA,1701,QUITO,170150,QUITO,GONZALEZ SUAREZ Y JOSE BOSMEDIANO,ZONA 9,URBANA,ND,ND,ND,ND,2/1/2023,9:00:00,DE 09H00 A 09H59,9,lunes,1,ENERO,1,SI,C09,CONDUCIR VEHÍCULO SUPERANDO LOS LÍMITES MÁXIMOS DE VELOCIDAD.,ESTRELLAMIENTOS,AUTOMÓVIL,PARTICULAR,1,0,0,0,0,0,0,0,0,0,0,0,0,1,LICENCIA,37,MUJER,ILESO,CONDUCTOR,NO,NO
2023,DMQ00046012023,1,0,DMQ,-0.206228,-78.512122,17,PICHINCHA,1701,QUITO,170150,QUITO,MARISCAL SUCRE Y UNIVERSITARIA,ZONA 9,URBANA,ND,ND,ND,ND,2/1/2023,9:35:00,DE 09H00 A 09H59,9,lunes,1,ENERO,1,SI,C23,"NO RESPETAR LAS SEÑALES REGLAMENTARIAS DE TRÁNSITO. (PARE, CEDA EL PASO, LUZ ROJA DEL SEMAFORO, ETC).",ESTRELLAMIENTOS,AUTOMÓVIL,PARTICULAR,1,0,0,0,0,0,0,0,0,0,0,0,0,1,LICENCIA,26,HOMBRE,LESIONADO,CONDUCTOR,NO,NO
2023,CTE00060012023,0,0,CTE,-0.452056,-78.658667,17,PICHINCHA,1703,MEJIA,170351,ALOAG,RED. ESTATAL E-20 KM17+810APROX. SENTIDO SANTO DOMINGO- ALOAG.,ZONA 2,RURAL,331,ALOAG (OBELISCO) - TANDAPI,E20,ARTERIAL,2/1/2023,11:15:00,DE 11H00 A 11H59,11,lunes,1,ENERO,1,SI,C18,CONDUCIR EN SENTIDO CONTRARIO A LA VÍA NORMAL DE CIRCULACIÓN.,CHOQUE FRONTAL,AUTOMÓVIL,PARTICULAR,2,0,0,0,0,0,0,0,0,0,0,0,0,2,LICENCIA,-1,HOMBRE,ILESO,CONDUCTOR,NO,NO
2023,DMQ00054012023,1,0,DMQ,-0.234806,-78.538681,17,PICHINCHA,1701,QUITO,170150,QUITO,RIO COLOMBO Y ARENILLAS,ZONA 9,URBANA,ND,ND,ND,ND,2/1/2023,19:50:00,DE 19H00 A 19H59,19,lunes,1,ENERO,1,SI,C26,NO CEDER EL DERECHO DE VÍA O PREFERENCIA DE PASO AL PEATÓN.,ATROPELLOS,NO IDENTIFICADO,PARTICULAR,0,0,0,0,0,0,0,0,0,1,0,0,0,1,CÉDULA,44,HOMBRE,LESIONADO,PEATÓN,NO,NO
2023,DMQ00058012023,0,0,DMQ,-0.247284,-78.534931,17,PICHINCHA,1701,QUITO,170150,QUITO,MARISCAL SUCRE Y MICHELENA,ZONA 9,URBANA,ND,ND,ND,ND,2/1/2023,21:00:00,DE 21H00 A 21H59,21,lunes,1,ENERO,1,SI,C23,"NO RESPETAR LAS SEÑALES REGLAMENTARIAS DE TRÁNSITO. (PARE, CEDA EL PASO, LUZ ROJA DEL SEMAFORO, ETC).",CHOQUE LATERAL,AUTOMÓVIL,PARTICULAR,2,0,0,0,0,0,0,0,0,0,0,0,0,2,LICENCIA,31,HOMBRE,ILESO,CONDUCTOR,NO,NO
2023,DMQ00061012023,2,0,DMQ,-0.207589,-78.512776,17,PICHINCHA,1701,QUITO,170150,QUITO,MARISCAL SUCRE Y UNIVERSITARIA,ZONA 9,URBANA,ND,ND,ND,ND,3/1/2023,7:00:00,DE 07H00 A 07H59,7,martes,2,ENERO,1,NO,C16,NO TRANSITAR POR LAS ACERAS O ZONAS DE SEGURIDAD DESTINADAS PARA EL EFECTO.,ATROPELLOS,AUTOMÓVIL,PARTICULAR,1,0,0,0,0,0,0,0,0,0,0,0,0,1,CÉDULA,16,HOMBRE,LESIONADO,PEATÓN,NO,NO
2023,PNE00027012023,1,0,PNE,0.105786,-78.185791,17,PICHINCHA,1704,PEDRO MONCAYO,170454,TUPIGACHI,PANAMERICANA  E-28    -  VIA  TABACUNDO-CAJAS,ZONA 2,RURAL,69,TABACUNDO - CAJAS,E282,COLECTORA,3/1/2023,9:20:00,DE 09H00 A 09H59,9,martes,2,ENERO,1,NO,C14,"CONDUCIR DESATENTO A LAS CONDICIONES DE TRÁNSITO (CELULAR, PANTALLAS DE VIDEO, COMIDA, MAQUILLAJE O CUALQUIER OTRO ELEMENTO DISTRACTOR).",PÉRDIDA DE PISTA,CAMIÓN,PARTICULAR,0,0,0,1,0,0,0,0,0,1,0,0,0,2,LICENCIA,24,HOMBRE,LESIONADO,CONDUCTOR,NO,SI
2023,DMQ00065012023,1,0,DMQ,-0.289687,-78.538663,17,PICHINCHA,1701,QUITO,170150,QUITO,MALDONADO Y MORAN VALVERDE,ZONA 9,URBANA,ND,ND,ND,ND,3/1/2023,11:00:00,DE 11H00 A 11H59,11,martes,2,ENERO,1,NO,C16,NO TRANSITAR POR LAS ACERAS O ZONAS DE SEGURIDAD DESTINADAS PARA EL EFECTO.,ATROPELLOS,MOTOCICLETA,PARTICULAR,0,0,0,0,0,0,0,0,1,0,0,0,0,1,CÉDULA,52,MUJER,LESIONADO,PEATÓN,NO,NO
2023,DMQ00066012023,1,0,DMQ,-0.183873,-78.478916,17,PICHINCHA,1701,QUITO,170150,QUITO,6 DE DICIEMBRE Y IRLANDA,ZONA 9,URBANA,ND,ND,ND,ND,3/1/2023,12:45:00,DE 12H00 A 12H59,12,martes,2,ENERO,1,NO,C26,NO CEDER EL DERECHO DE VÍA O PREFERENCIA DE PASO AL PEATÓN.,ATROPELLOS,NO IDENTIFICADO,PARTICULAR,0,0,0,0,0,0,0,0,0,1,0,0,0,1,CÉDULA,15,MUJER,LESIONADO,PEATÓN,NO,NO
2023,DMQ00070012023,0,0,DMQ,-0.151961,-78.476493,17,PICHINCHA,1701,QUITO,170150,QUITO,6 DE DICIEMBRE Y SAMUEL FRITZ,ZONA 9,URBANA,ND,ND,ND,ND,3/1/2023,16:15:00,DE 16H00 A 16H59,16,martes,2,ENERO,1,NO,C23,"NO RESPETAR LAS SEÑALES REGLAMENTARIAS DE TRÁNSITO. (PARE, CEDA EL PASO, LUZ ROJA DEL SEMAFORO, ETC).",ESTRELLAMIENTOS,FURGONETA,COMERCIAL,0,0,0,0,1,0,0,1,0,0,0,0,0,2,LICENCIA,33,MUJER,ILESO,CONDUCTOR,NO,NO
2023,DMQ00073012023,1,0,DMQ,-0.273699,-78.552273,17,PICHINCHA,1701,QUITO,170150,QUITO,MARISCAL SUCRE Y TALABERA,ZONA 9,URBANA,ND,ND,ND,ND,3/1/2023,18:05:00,DE 18H00 A 18H59,18,martes,2,ENERO,1,NO,C09,CONDUCIR VEHÍCULO SUPERANDO LOS LÍMITES MÁXIMOS DE VELOCIDAD.,CHOQUE LATERAL,MOTOCICLETA,PARTICULAR,0,0,0,0,0,0,0,1,1,0,0,0,0,2,PASAPORTE,5,MUJER,LESIONADO,PASAJERO,SI,NO
2023,DMQ00075012023,0,0,DMQ,-0.185214,-78.498855,17,PICHINCHA,1701,QUITO,170150,QUITO,MARIANA DE JESUS Y MARTIN DE UTRERAS,ZONA 9,URBANA,ND,ND,ND,ND,3/1/2023,21:19:00,DE 21H00 A 21H59,21,martes,2,ENERO,1,NO,C12,NO GUARDAR LA DISTANCIA LATERAL MÍNIMA DE SEGURIDAD ENTRE VEHÍCULOS.,CHOQUE POSTERIOR,AUTOMÓVIL,PARTICULAR,2,0,0,0,0,0,0,0,0,0,0,0,0,2,LICENCIA,26,HOMBRE,ILESO,CONDUCTOR,NO,NO
2023,DMQ00080012023,0,0,DMQ,-0.254396,-78.522179,17,PICHINCHA,1701,QUITO,170150,QUITO,MALDONADO Y MORASPUNGO,ZONA 9,URBANA,ND,ND,ND,ND,4/1/2023,9:16:00,DE 09H00 A 09H59,9,miércoles,3,ENERO,1,NO,C09,CONDUCIR VEHÍCULO SUPERANDO LOS LÍMITES MÁXIMOS DE VELOCIDAD.,CHOQUE POSTERIOR,AUTOMÓVIL,COMERCIAL,2,0,0,0,0,0,0,0,0,0,0,0,0,2,LICENCIA,33,HOMBRE,ILESO,CONDUCTOR,NO,NO
2023,DMQ00082012023,1,0,DMQ,-0.189692,-78.497374,17,PICHINCHA,1701,QUITO,170150,QUITO,CUERO Y CAICEDO Y AMERICA,ZONA 9,URBANA,ND,ND,ND,ND,4/1/2023,10:45:00,DE 10H00 A 10H59,10,miércoles,3,ENERO,1,NO,C16,NO TRANSITAR POR LAS ACERAS O ZONAS DE SEGURIDAD DESTINADAS PARA EL EFECTO.,ATROPELLOS,AUTOMÓVIL,PARTICULAR,1,0,0,0,0,0,0,0,0,0,0,0,0,1,CÉDULA,61,MUJER,LESIONADO,PEATÓN,NO,NO
2023,CTE00089012023,0,0,CTE,-0.449972,-78.649778,17,PICHINCHA,1703,MEJIA,170351,ALOAG,RED. ESTATAL E-20 KM 16+020 SENTIDO  SANTO DOMINGO - QUITO,ZONA 2,RURAL,331,ALOAG (OBELISCO) - TANDAPI,E20,ARTERIAL,4/1/2023,11:15:00,DE 11H00 A 11H59,11,miércoles,3,ENERO,1,NO,C14,"CONDUCIR DESATENTO A LAS CONDICIONES DE TRÁNSITO (CELULAR, PANTALLAS DE VIDEO, COMIDA, MAQUILLAJE O CUALQUIER OTRO ELEMENTO DISTRACTOR).",ESTRELLAMIENTOS,CAMIÓN,PÚBLICO,1,0,0,1,0,0,0,0,0,0,0,0,0,2,LICENCIA,30,HOMBRE,ILESO,CONDUCTOR,NO,NO