ANIO,SINIESTROS,LESIONADOS,FALLECIDOS,ENTE_DE_CONTROL,LATITUD_Y,LONGITUD_X,DPA_1,PROVINCIA,DPA_2,CANTON,DPA_3,PARROQUIA,DIRECCION,ZONA_PLANIFICACION,ZONA,ID_DE_LA_VIA,NOMBRE_DE_LA_VIA,UBICACION_DE_LA_VIA,JERARQUIA_DE_LA_VIA,FECHA,HORA,PERIODO_1,PERIODO_2,DIA_1,DIA_2,MES_1,MES_2,FERIADO,CODIGO_CAUSA,CAUSA_PROBABLE,TIPO_DE_SINIESTRO,TIPO_DE_VEHICULO_1,SERVICIO_1,AUTOMOVIL,BICICLETA,BUS,CAMION,CAMIONETA,EMERGENCIAS,ESPECIAL,FURGONETA,MOTOCICLETA,NO_IDENTIFICADO,SCOOTER_ELECTRICO,TRICIMOTO,VEHICULO_DEPORTIVO_UTILITARIO,SUMA_DE_VEHICULOS,TIPO_ID_1,EDAD_1,SEXO_1,CONDICION_1,PARTICIPANTE_1,CASCO_1,CINTURON_1
2023,DMQ00086012023,0,0,DMQ,-0.109446,-78.458695,17,PICHINCHA,1701,QUITO,170155,CALDERON (CARAPUNGO),PANAMERICANA NORTE Y SIMON BOLIVAR,ZONA 9,RURAL,58,ENTRADA A CARAPUNGO - CALDERON,E28B,COLECTORA,4/1/2023,14:55:00,DE 14H00 A 14H59,14,miércoles,3,ENERO,1,NO,C23,"NO RESPETAR LAS SEÑALES REGLAMENTARIAS DE TRÁNSITO. (PARE, CEDA EL PASO, LUZ ROJA DEL SEMAFORO, ETC).",ESTRELLAMIENTOS,AUTOMÓVIL,PARTICULAR,1,0,0,0,0,0,0,0,0,0,0,0,0,1,LICENCIA,25,HOMBRE,ILESO,CONDUCTOR,NO,NO
2023,DMQ00087012023,1,0,DMQ,-0.264329,-78.531638,17,PICHINCHA,1701,QUITO,170150,QUITO,TENIENTE HUGO ORTIZ Y TOMAS GUERRA,ZONA 9,URBANA,ND,ND,ND,ND,4/1/2023,15:20:00,DE 15H00 A 15H59,15,miércoles,3,ENERO,1,NO,C09,CONDUCIR VEHÍCULO SUPERANDO LOS LÍMITES MÁXIMOS DE VELOCIDAD.,PÉRDIDA DE CARRIL,AUTOMÓVIL,PARTICULAR,1,0,0,0,0,0,0,0,0,0,0,0,0,1,CÉDULA,70,MUJER,LESIONADO,PASAJERO,NO,NO
2023,DMQ00093012023,2,0,DMQ,-0.099357,-78.445241,17,PICHINCHA,1701,QUITO,170155,CALDERON (CARAPUNGO),GIOVANNI CALLES Y CARLOS MANTILLA,ZONA 9,RURAL,ND,ND,ND,ND,4/1/2023,21:45:00,DE 21H00 A 21H59,21,miércoles,3,ENERO,1,NO,C06,"CONDUCE BAJO LA INFLUENCIA DE ALCOHOL, SUSTANCIAS ESTUPEFACIENTES O PSICOTRÓPICAS Y/O MEDICAMENTOS.",OTROS,MOTOCICLETA,PARTICULAR,2,0,0,0,0,0,0,0,1,0,0,0,0,3,LICENCIA,20,HOMBRE,LESIONADO,CONDUCTOR,SI,NO
2023,DMQ00098012023,2,0,DMQ,-0.283753,-78.560028,17,PICHINCHA,1701,QUITO,170150,QUITO,JOAQUIN RUALES Y PRUDENCIO VASCONEZ,ZONA 9,URBANA,ND,ND,ND,ND,5/1/2023,7:45:00,DE 07H00 A 07H59,7,jueves,4,ENERO,1,NO,C25,NO CEDER EL DERECHO DE VÍA O PREFERENCIA DE PASO A VEHÍCULOS.,CHOQUE LATERAL,CAMIONETA,PARTICULAR,1,0,0,0,1,0,0,0,0,0,0,0,0,2,LICENCIA,26,HOMBRE,LESIONADO,CONDUCTOR,NO,NO
2023,DMQ00100012023,1,0,DMQ,-0.123909,-78.485895,17,PICHINCHA,1701,QUITO,170150,QUITO,DEL MAESTRO Y REAL AUDIENCIA,ZONA 9,URBANA,ND,ND,ND,ND,5/1/2023,8:45:00,DE 08H00 A 08H59,8,jueves,4,ENERO,1,NO,C25,NO CEDER EL DERECHO DE VÍA O PREFERENCIA DE PASO A VEHÍCULOS.,CHOQUE LATERAL,AUTOMÓVIL,PARTICULAR,2,0,0,0,0,0,0,0,0,0,0,0,0,2,LICENCIA,36,MUJER,LESIONADO,CONDUCTOR,NO,NO
2023,DMQ00104012023,0,0,DMQ,-0.280699,-78.557903,17,PICHINCHA,1701,QUITO,170150,QUITO,MATILDE ALVAREZ Y JOAQUIN RUALES,ZONA 9,URBANA,ND,ND,ND,ND,5/1/2023,16:20:00,DE 16H00 A 16H59,16,jueves,4,ENERO,1,NO,C25,NO CEDER EL DERECHO DE VÍA O PREFERENCIA DE PASO A VEHÍCULOS.,CHOQUE LATERAL,CAMIONETA,PARTICULAR,0,0,0,0,1,0,0,0,0,1,0,0,0,2,LICENCIA,38,HOMBRE,ILESO,CONDUCTOR,NO,NO
2023,DMQ00105012023,1,0,DMQ,-0.177361,-78.485814,17,PICHINCHA,1701,QUITO,170150,QUITO,AMAZONAS Y COREA,ZONA 9,URBANA,ND,ND,ND,ND,5/1/2023,16:50:00,DE 16H00 A 16H59,16,jueves,4,ENERO,1,NO,C16,NO TRANSITAR POR LAS ACERAS O ZONAS DE SEGURIDAD DESTINADAS PARA EL EFECTO.,ATROPELLOS,SCOOTER ELÉCTRICO,PARTICULAR,0,0,0,0,0,0,0,0,0,0,1,0,0,1,CÉDULA,27,MUJER,LESIONADO,PEATÓN,NO,NO
2023,PNE00032012023,0,0,PNE,-0.040475,-78.455014,17,PICHINCHA,1701,QUITO,170177,POMASQUI,POMASQUI  -  INGRESO  A  SAN  JOSE,ZONA 9,URBANA,52,QUITO - POMASQUI - REDONDEL MITAD DEL MUNDO,E28,COLECTORA,5/1/2023,19:00:00,DE 19H00 A 19H59,19,jueves,4,ENERO,1,NO,C06,"CONDUCE BAJO LA INFLUENCIA DE ALCOHOL, SUSTANCIAS ESTUPEFACIENTES O PSICOTRÓPICAS Y/O MEDICAMENTOS.",ROZAMIENTOS,AUTOMÓVIL,PARTICULAR,1,0,0,0,0,0,0,0,0,0,0,0,0,1,LICENCIA,39,HOMBRE,ILESO,CONDUCTOR,NO,SI
2023,DMQ00107012023,1,0,DMQ,-0.251119,-78.538441,17,PICHINCHA,1701,QUITO,170150,QUITO,MARISCAL SUCRE Y ZAPOTAL,ZONA 9,URBANA,ND,ND,ND,ND,5/1/2023,19:21:00,DE 19H00 A 19H59,19,jueves,4,ENERO,1,NO,C09,CONDUCIR VEHÍCULO SUPERANDO LOS LÍMITES MÁXIMOS DE VELOCIDAD.,OTROS,BUS,PÚBLICO,0,0,1,0,0,0,0,0,0,0,1,0,0,2,PASAPORTE,31,HOMBRE,LESIONADO,CONDUCTOR,NO,NO
2023,DMQ00112012023,1,0,DMQ,-0.123792,-78.498738,17,PICHINCHA,1701,QUITO,170150,QUITO,MACHALA Y FLAVIO ALFARO,ZONA 9,URBANA,ND,ND,ND,ND,6/1/2023,9:50:00,DE 09H00 A 09H59,9,viernes,5,ENERO,1,NO,C26,NO CEDER EL DERECHO DE VÍA O PREFERENCIA DE PASO AL PEATÓN.,ATROPELLOS,BUS,PÚBLICO,0,0,1,0,0,0,0,0,0,0,0,0,0,1,CÉDULA,27,HOMBRE,LESIONADO,PEATÓN,NO,NO
2023,DMQ00114012023,0,0,DMQ,-0.263526,-78.487552,17,PICHINCHA,1701,QUITO,170156,CONOCOTO,IGNACIO LECUMBERRY Y NELA MARTINEZ,ZONA 9,RURAL,ND,ND,ND,ND,6/1/2023,14:45:00,DE 14H00 A 14H59,14,viernes,5,ENERO,1,NO,C09,CONDUCIR VEHÍCULO SUPERANDO LOS LÍMITES MÁXIMOS DE VELOCIDAD.,ESTRELLAMIENTOS,FURGONETA,COMERCIAL,0,0,0,0,0,0,0,1,0,0,0,0,0,1,LICENCIA,21,HOMBRE,ILESO,CONDUCTOR,NO,NO
2023,DMQ00115012023,2,0,DMQ,-0.226151,-78.521181,17,PICHINCHA,1701,QUITO,170150,QUITO,CHIMBORAZO Y BAHIA DE CARAQUEZ,ZONA 9,URBANA,ND,ND,ND,ND,6/1/2023,15:05:00,DE 15H00 A 15H59,15,viernes,5,ENERO,1,NO,C01,"CASO FORTUITO O FUERZA MAYOR (EXPLOSIÓN DE NEUMÁTICO NUEVO, DERRUMBE, INUNDACIÓN, CAÍDA DE PUENTE, ÁRBOL, PRESENCIA INTEMPESTIVA E IMPREVISTA DE SEMOVIENTES EN LA VÍA, ETC.).",OTROS,NO IDENTIFICADO,PARTICULAR,0,0,0,0,0,0,0,0,0,2,0,0,0,2,LICENCIA,24,HOMBRE,LESIONADO,CONDUCTOR,NO,NO
2023,DMQ00116012023,1,0,DMQ,-0.111378,-78.459444,17,PICHINCHA,1701,QUITO,170155,CALDERON (CARAPUNGO),N69H Y E14A,ZONA 9,RURAL,ND,ND,ND,ND,6/1/2023,15:45:00,DE 15H00 A 15H59,15,viernes,5,ENERO,1,NO,C23,"NO RESPETAR LAS SEÑALES REGLAMENTARIAS DE TRÁNSITO. (PARE, CEDA EL PASO, LUZ ROJA DEL SEMAFORO, ETC).",CHOQUE LATERAL,CAMIONETA,PARTICULAR,1,0,0,0,1,0,0,0,0,0,0,0,0,2,CÉDULA,17,MUJER,LESIONADO,PASAJERO,NO,NO
2023,DMQ00117012023,1,0,DMQ,-0.313894,-78.553377,17,PICHINCHA,1701,QUITO,170150,QUITO,QUITUMBE ÑAN Y S47D,ZONA 9,URBANA,ND,ND,ND,ND,6/1/2023,16:15:00,DE 16H00 A 16H59,16,viernes,5,ENERO,1,NO,C06,"CONDUCE BAJO LA INFLUENCIA DE ALCOHOL, SUSTANCIAS ESTUPEFACIENTES O PSICOTRÓPICAS Y/O MEDICAMENTOS.",ATROPELLOS,CAMIONETA,PARTICULAR,0,0,0,0,1,0,0,0,0,0,0,0,0,1,CÉDULA,61,HOMBRE,LESIONADO,PEATÓN,NO,NO
2023,DMQ00120012023,0,0,DMQ,-0.088414,-78.472433,17,PICHINCHA,1701,QUITO,170150,QUITO,ALEJANDRO PONCE Y FRANCISCO DEL CAMPO,ZONA 9,URBANA,ND,ND,ND,ND,6/1/2023,19:48:00,DE 19H00 A 19H59,19,viernes,5,ENERO,1,NO,C06,"CONDUCE BAJO LA INFLUENCIA DE ALCOHOL, SUSTANCIAS ESTUPEFACIENTES O PSICOTRÓPICAS Y/O MEDICAMENTOS.",CHOQUE POSTERIOR,MOTOCICLETA,GOBIERNOS SECCIONALES,1,0,0,0,0,0,0,0,1,0,0,0,0,2,LICENCIA,25,HOMBRE,ILESO,CONDUCTOR,SI,NO
2023,DMQ00122012023,1,0,DMQ,-0.304121,-78.494117,17,PICHINCHA,1701,QUITO,170156,CONOCOTO,LEONIDAS PLAZA Y MANUEL DE JESUS MARTINEZ,ZONA 9,RURAL,ND,ND,ND,ND,6/1/2023,20:10:00,DE 20H00 A 20H59,20,viernes,5,ENERO,1,NO,C06,"CONDUCE BAJO LA INFLUENCIA DE ALCOHOL, SUSTANCIAS ESTUPEFACIENTES O PSICOTRÓPICAS Y/O MEDICAMENTOS.",ATROPELLOS,CAMIONETA,PARTICULAR,0,0,0,0,1,0,0,0,0,0,0,0,0,1,CÉDULA,63,MUJER,LESIONADO,PEATÓN,NO,NO
2023,PNE00035012023,0,1,PNE,-0.239971,-78.335244,17,PICHINCHA,1701,QUITO,170175,PIFO,E35  Sur  Km.  244    -  RETORNO  A  PALUGO  SENTIDO  NORTE  -SUR,ZONA 9,RURAL,ND,ND,ND,ND,6/1/2023,21:00:00,DE 21H00 A 21H59,21,viernes,5,ENERO,1,NO,C09,CONDUCIR VEHÍCULO SUPERANDO LOS LÍMITES MÁXIMOS DE VELOCIDAD.,ARROLLAMIENTOS,NO IDENTIFICADO,PARTICULAR,0,0,0,0,0,0,0,0,0,1,0,0,0,1,NO IDENTIFICADO,25,HOMBRE,FALLECIDO,PEATÓN,NO,SI
2023,DMQ00125012023,1,0,DMQ,-0.244724,-78.476049,17,PICHINCHA,1701,QUITO,170150,QUITO,SIMON BOLIVAR Y UNIVERSIDAD INTERNACIONAL,ZONA 9,URBANA,ND,ND,ND,ND,6/1/2023,22:20:00,DE 22H00 A 22H59,22,viernes,5,ENERO,1,NO,C06,"CONDUCE BAJO LA INFLUENCIA DE ALCOHOL, SUSTANCIAS ESTUPEFACIENTES O PSICOTRÓPICAS Y/O MEDICAMENTOS.",ATROPELLOS,AUTOMÓVIL,PARTICULAR,2,0,0,0,0,0,0,0,0,0,0,0,0,2,CÉDULA,38,HOMBRE,LESIONADO,PEATÓN,NO,NO
2023,DMQ00127012023,2,0,DMQ,-0.254483,-78.530966,17,PICHINCHA,1701,QUITO,170150,QUITO,TENIENTE HUGO ORTIZ Y CARDENAL DE LA TORRE,ZONA 9,URBANA,ND,ND,ND,ND,7/1/2023,0:45:00,DE 00H00 A 00H59,0,sábado,6,ENERO,1,NO,C09,CONDUCIR VEHÍCULO SUPERANDO LOS LÍMITES MÁXIMOS DE VELOCIDAD.,PÉRDIDA DE CARRIL,MOTOCICLETA,PARTICULAR,0,0,0,0,0,0,0,0,1,0,0,0,0,1,CÉDULA,25,HOMBRE,LESIONADO,PASAJERO,SI,NO
2023,DMQ00128012023,2,0,DMQ,-0.268806,-78.532837,17,PICHINCHA,1701,QUITO,170150,QUITO,TENIENTE HUGO ORTIZ Y AJAVI,ZONA 9,URBANA,ND,ND,ND,ND,7/1/2023,0:48:00,DE 00H00 A 00H59,0,sábado,6,ENERO,1,NO,C09,CONDUCIR VEHÍCULO SUPERANDO LOS LÍMITES MÁXIMOS DE VELOCIDAD.,PÉRDIDA DE CARRIL,MOTOCICLETA,PARTICULAR,0,0,0,0,0,0,0,0,1,0,0,0,0,1,CÉDULA,27,HOMBRE,LESIONADO,PASAJERO,SI,NO
2023,DMQ00130012023,2,0,DMQ,-0.094611,-78.482081,17,PICHINCHA,1701,QUITO,170150,QUITO,MARISCAL SUCRE Y DIEGO VASQUEZ DE CEPEDA,ZONA 9,URBANA,ND,ND,ND,ND,7/1/2023,3:00:00,DE 03H00 A 03H59,3,sábado,6,ENERO,1,NO,C23,"NO RESPETAR LAS SEÑALES REGLAMENTARIAS DE TRÁNSITO. (PARE, CEDA EL PASO, LUZ ROJA DEL SEMAFORO, ETC).",CHOQUE LATERAL,AUTOMÓVIL,PARTICULAR,2,0,0,0,0,0,0,0,0,0,0,0,0,2,LICENCIA,36,HOMBRE,LESIONADO,CONDUCTOR,NO,NO
2023,DMQ00131012023,1,0,DMQ,-0.215537,-78.517442,17,PICHINCHA,1701,QUITO,170150,QUITO,MARISCAL SUCRE Y EL PLACER,ZONA 9,URBANA,ND,ND,ND,ND,7/1/2023,3:30:00,DE 03H00 A 03H59,3,sábado,6,ENERO,1,NO,C25,NO CEDER EL DERECHO DE VÍA O PREFERENCIA DE PASO A VEHÍCULOS.,CHOQUE LATERAL,CAMIÓN,GOBIERNOS SECCIONALES,0,0,0,1,0,0,0,0,1,0,0,0,0,2,LICENCIA,27,HOMBRE,LESIONADO,CONDUCTOR,SI,NO
2023,DMQ00132012023,1,0,DMQ,-0.104669,-78.453862,17,PICHINCHA,1701,QUITO,170155,CALDERON (CARAPUNGO),PADRE LUIS VACCARI Y GIOVANNI CALLES,ZONA 9,RURAL,ND,ND,ND,ND,7/1/2023,4:15:00,DE 04H00 A 04H59,4,sábado,6,ENERO,1,NO,C23,"NO RESPETAR LAS SEÑALES REGLAMENTARIAS DE TRÁNSITO. (PARE, CEDA EL PASO, LUZ ROJA DEL SEMAFORO, ETC).",CHOQUE LATERAL,AUTOMÓVIL,COMERCIAL,2,0,0,0,0,0,0,0,0,0,0,0,0,2,CÉDULA,58,MUJER,LESIONADO,PASAJERO,NO,NO
2023,DMQ00133012023,0,0,DMQ,-0.165785,-78.452747,17,PICHINCHA,1701,QUITO,170150,QUITO,SIMON BOLIVAR Y INGRESO A CAMPOSANTO,ZONA 9,URBANA,ND,ND,ND,ND,7/1/2023,4:45:00,DE 04H00 A 04H59,4,sábado,6,ENERO,1,NO,C09,CONDUCIR VEHÍCULO SUPERANDO LOS LÍMITES MÁXIMOS DE VELOCIDAD.,ESTRELLAMIENTOS,AUTOMÓVIL,PARTICULAR,1,0,0,0,0,0,0,0,0,0,0,0,0,1,CÉDULA,18,MUJER,ILESO,PASAJERO,NO,NO
2023,DMQ00138012023,0,0,DMQ,-0.289827,-78.543902,17,PICHINCHA,1701,QUITO,170150,QUITO,S33 Y QUIPU,ZONA 9,URBANA,ND,ND,ND,ND,7/1/2023,12:00:00,DE 12H00 A 12H59,12,sábado,6,ENERO,1,NO,C23,"NO RESPETAR LAS SEÑALES REGLAMENTARIAS DE TRÁNSITO. (PARE, CEDA EL PASO, LUZ ROJA DEL SEMAFORO, ETC).",OTROS,AUTOMÓVIL,PARTICULAR,1,0,0,0,0,0,0,0,0,0,0,0,0,1,NO IDENTIFICADO,-1,NO IDENTIFICADO,NO IDENTIFICADO,CONDUCTOR,NO,NO
2023,DMQ00142012023,1,0,DMQ,-0.293743,-78.569629,17,PICHINCHA,1701,QUITO,170150,QUITO,OE12 Y JORGE SALVADOR LARA,ZONA 9,URBANA,ND,ND,ND,ND,7/1/2023,18:55:00,DE 18H00 A 18H59,18,sábado,6,ENERO,1,NO,C26,NO CEDER EL DERECHO DE VÍA O PREFERENCIA DE PASO AL PEATÓN.,ATROPELLOS,NO IDENTIFICADO,PARTICULAR,0,0,0,0,0,0,0,0,0,1,0,0,0,1,CÉDULA,3,HOMBRE,LESIONADO,PEATÓN,NO,NO
2023,DMQ00149012023,0,3,DMQ,-0.190882,-78.457532,17,PICHINCHA,1701,QUITO,170150,QUITO,OSWALDO GUAYASAMIN Y DIAGONAL A LA FABRICA DE ASFALTO,ZONA 9,URBANA,60,QUITO - TUMBACO - PIFO,E28C,COLECTORA,7/1/2023,22:30:00,DE 22H00 A 22H59,22,sábado,6,ENERO,1,NO,C09,CONDUCIR VEHÍCULO SUPERANDO LOS LÍMITES MÁXIMOS DE VELOCIDAD.,OTROS,AUTOMÓVIL,PARTICULAR,2,0,0,0,0,0,0,0,0,1,0,0,0,3,LICENCIA,28,HOMBRE,FALLECIDO,CONDUCTOR,NO,NO
2023,DMQ00150012023,1,0,DMQ,-0.202163,-78.497707,17,PICHINCHA,1701,QUITO,170150,QUITO,10 DE AGOSTO Y JERONIMO CARRION,ZONA 9,URBANA,ND,ND,ND,ND,7/1/2023,23:40:00,DE 23H00 A 23H59,23,sábado,6,ENERO,1,NO,C23,"NO RESPETAR LAS SEÑALES REGLAMENTARIAS DE TRÁNSITO. (PARE, CEDA EL PASO, LUZ ROJA DEL SEMAFORO, ETC).",CHOQUE LATERAL,AUTOMÓVIL,PARTICULAR,2,0,0,0,0,0,0,0,0,0,0,0,0,2,CÉDULA,32,MUJER,LESIONADO,PASAJERO,NO,NO
2023,DMQ00156012023,0,0,DMQ,-0.233391,-78.508778,17,PICHINCHA,1701,QUITO,170150,QUITO,VELASCO IBARRA Y SENA,ZONA 9,URBANA,ND,ND,ND,ND,8/1/2023,3:40:00,DE 03H00 A 03H59,3,domingo,7,ENERO,1,NO,C25,NO CEDER EL DERECHO DE VÍA O PREFERENCIA DE PASO A VEHÍCULOS.,CHOQUE LATERAL,AUTOMÓVIL,PARTICULAR,2,0,0,0,0,0,0,0,0,0,0,0,0,2,NO IDENTIFICADO,-1,NO IDENTIFICADO,NO IDENTIFICADO,CONDUCTOR,NO,NO
2023,DMQ00157012023,2,0,DMQ,-0.133853,-78.493833,17,PICHINCHA,1701,QUITO,170150,QUITO,PRENSA Y FERNANDEZ SALVADOR,ZONA 9,URBANA,ND,ND,ND,ND,8/1/2023,4:30:00,DE 04H00 A 04H59,4,domingo,7,ENERO,1,NO,C23,"NO RESPETAR LAS SEÑALES REGLAMENTARIAS DE TRÁNSITO. (PARE, CEDA EL PASO, LUZ ROJA DEL SEMAFORO, ETC).",CHOQUE LATERAL,AUTOMÓVIL,PARTICULAR,2,0,0,0,0,0,0,0,0,0,0,0,0,2,NO IDENTIFICADO,21,HOMBRE,LESIONADO,PASAJERO,NO,NO
2023,DMQ00159012023,1,0,DMQ,-0.204347,-78.490006,17,PICHINCHA,1701,QUITO,170150,QUITO,6 DE DICIEMBRE Y MARISCAL FOCH,ZONA 9,URBANA,ND,ND,ND,ND,8/1/2023,9:00:00,DE 09H00 A 09H59,9,domingo,7,ENERO,1,NO,C09,CONDUCIR VEHÍCULO SUPERANDO LOS LÍMITES MÁXIMOS DE VELOCIDAD.,PÉRDIDA DE CARRIL,MOTOCICLETA,PARTICULAR,0,0,0,0,0,0,0,0,1,0,0,0,0,1,PASAPORTE,37,HOMBRE,LESIONADO,CONDUCTOR,NO,NO
2023,DMQ00160012023,0,0,DMQ,-0.326044,-78.556305,17,PICHINCHA,1701,QUITO,170150,QUITO,LEOPOLDO CHAVEZ Y MARISCAL SUCRE,ZONA 9,URBANA,ND,ND,ND,ND,8/1/2023,11:19:00,DE 11H00 A 11H59,11,domingo,7,ENERO,1,NO,C23,"NO RESPETAR LAS SEÑALES REGLAMENTARIAS DE TRÁNSITO. (PARE, CEDA EL PASO, LUZ ROJA DEL SEMAFORO, ETC).",ESTRELLAMIENTOS,BUS,PÚBLICO,0,0,1,0,0,0,0,0,0,0,0,0,0,1,LICENCIA,64,HOMBRE,ILESO,CONDUCTOR,NO,NO
2023,DMQ00161012023,0,0,DMQ,-0.303396,-78.551285,17,PICHINCHA,1701,QUITO,170150,QUITO,QUITUMBE ÑAN Y S40,ZONA 9,URBANA,ND,ND,ND,ND,8/1/2023,11:30:00,DE 11H00 A 11H59,11,domingo,7,ENERO,1,NO,C23,"NO RESPETAR LAS SEÑALES REGLAMENTARIAS DE TRÁNSITO. (PARE, CEDA EL PASO, LUZ ROJA DEL SEMAFORO, ETC).",OTROS,BUS,PÚBLICO,0,0,1,0,0,0,0,0,0,0,0,0,0,1,LICENCIA,27,HOMBRE,ILESO,CONDUCTOR,NO,NO
2023,DMQ00162012023,0,0,DMQ,-0.167895,-78.479368,17,PICHINCHA,1701,QUITO,170150,QUITO,SHYRIS Y ISLA PINZON,ZONA 9,URBANA,ND,ND,ND,ND,8/1/2023,12:35:00,DE 12H00 A 12H59,12,domingo,7,ENERO,1,NO,C11,NO MANTENER LA DISTANCIA PRUDENCIAL CON RESPECTO AL VEHÍCULO QUE LE ANTECEDE.,CHOQUE POSTERIOR,AUTOMÓVIL,PARTICULAR,2,0,0,0,0,0,0,0,0,0,0,0,0,2,LICENCIA,32,HOMBRE,ILESO,CONDUCTOR,NO,NO
2023,DMQ00164012023,0,0,DMQ,-0.330721,-78.550462,17,PICHINCHA,1701,QUITO,170150,QUITO,MALDONADO Y S54,ZONA 9,URBANA,ND,ND,ND,ND,8/1/2023,12:50:00,DE 12H00 A 12H59,12,domingo,7,ENERO,1,NO,C06,"CONDUCE BAJO LA INFLUENCIA DE ALCOHOL, SUSTANCIAS ESTUPEFACIENTES O PSICOTRÓPICAS Y/O MEDICAMENTOS.",PÉRDIDA DE CARRIL,AUTOMÓVIL,PARTICULAR,1,0,0,0,0,0,0,0,0,0,0,0,0,1,LICENCIA,29,HOMBRE,ILESO,CONDUCTOR,NO,NO
2023,CTE00145012023,5,0,CTE,-0.446782,-78.664274,17,PICHINCHA,1703,MEJIA,170351,ALOAG,RED. ESTATAL E-20 KM29,ZONA 2,RURAL,331,ALOAG (OBELISCO) - TANDAPI,E20,ARTERIAL,8/1/2023,14:45:00,DE 14H00 A 14H59,14,domingo,7,ENERO,1,NO,C23,"NO RESPETAR LAS SEÑALES REGLAMENTARIAS DE TRÁNSITO. (PARE, CEDA EL PASO, LUZ ROJA DEL SEMAFORO, ETC).",CHOQUE LATERAL,VEHÍCULO DEPORTIVO UTILITARIO,PARTICULAR,1,0,0,0,0,0,0,0,0,0,0,0,1,2,LICENCIA,-1,HOMBRE,LESIONADO,CONDUCTOR,NO,NO
2023,DMQ00168012023,1,0,DMQ,-0.250357,-78.537532,17,PICHINCHA,1701,QUITO,170150,QUITO,MARISCAL SUCRE Y PEDRO CAPIRO,ZONA 9,URBANA,ND,ND,ND,ND,8/1/2023,15:35:00,DE 15H00 A 15H59,15,domingo,7,ENERO,1,NO,C26,NO CEDER EL DERECHO DE VÍA O PREFERENCIA DE PASO AL PEATÓN.,ATROPELLOS,NO IDENTIFICADO,PARTICULAR,0,0,0,0,0,0,0,0,0,1,0,0,0,1,CÉDULA,69,MUJER,LESIONADO,PEATÓN,NO,NO
2023,DMQ00171012023,0,0,DMQ,-0.085425,-78.418426,17,PICHINCHA,1701,QUITO,170155,CALDERON (CARAPUNGO),JORGE CABEZAS Y MARIA GODOY,ZONA 9,RURAL,ND,ND,ND,ND,8/1/2023,18:40:00,DE 18H00 A 18H59,18,domingo,7,ENERO,1,NO,C25,NO CEDER EL DERECHO DE VÍA O PREFERENCIA DE PASO A VEHÍCULOS.,CHOQUE LATERAL,FURGONETA,PARTICULAR,1,0,0,0,0,0,0,1,0,0,0,0,0,2,LICENCIA,30,HOMBRE,ILESO,CONDUCTOR,NO,NO
2023,DMQ00172012023,2,0,DMQ,-0.310454,-78.558751,17,PICHINCHA,1701,QUITO,170150,QUITO,MARISCAL SUCRE Y S46,ZONA 9,URBANA,ND,ND,ND,ND,8/1/2023,19:30:00,DE 19H00 A 19H59,19,domingo,7,ENERO,1,NO,C23,"NO RESPETAR LAS SEÑALES REGLAMENTARIAS DE TRÁNSITO. (PARE, CEDA EL PASO, LUZ ROJA DEL SEMAFORO, ETC).",CHOQUE FRONTAL,AUTOMÓVIL,PARTICULAR,2,0,0,0,0,0,0,0,0,0,0,0,0,2,LICENCIA,31,HOMBRE,LESIONADO,CONDUCTOR,NO,NO
2023,DMQ00173012023,0,0,DMQ,-0.229167,-78.522047,17,PICHINCHA,1701,QUITO,170150,QUITO,NECOCHEA Y HUANCAVILCA,ZONA 9,URBANA,ND,ND,ND,ND,8/1/2023,20:20:00,DE 20H00 A 20H59,20,domingo,7,ENERO,1,NO,C23,"NO RESPETAR LAS SEÑALES REGLAMENTARIAS DE TRÁNSITO. (PARE, CEDA EL PASO, LUZ ROJA DEL SEMAFORO, ETC).",ESTRELLAMIENTOS,CAMIONETA,ESTADO,0,0,0,0,1,0,0,0,0,0,0,0,0,1,LICENCIA,30,MUJER,ILESO,CONDUCTOR,NO,NO
2023,DMQ00180012023,0,0,DMQ,-0.302658,-78.556541,17,PICHINCHA,1701,QUITO,170150,QUITO,RUMICHACA ÑAN Y S41,ZONA 9,URBANA,ND,ND,ND,ND,9/1/2023,8:50:00,DE 08H00 A 08H59,8,lunes,1,ENERO,1,NO,C25,NO CEDER EL DERECHO DE VÍA O PREFERENCIA DE PASO A VEHÍCULOS.,CHOQUE LATERAL,AUTOMÓVIL,PARTICULAR,2,0,0,0,0,0,0,0,0,0,0,0,0,2,LICENCIA,19,HOMBRE,ILESO,CONDUCTOR,NO,NO
2023,DMQ00183012023,2,0,DMQ,-0.094826,-78.477528,17,PICHINCHA,1701,QUITO,170150,QUITO,JUAN BARREZUETA Y JOAQUIN MANCHENO,ZONA 9,URBANA,ND,ND,ND,ND,9/1/2023,13:15:00,DE 13H00 A 13H59,13,lunes,1,ENERO,1,NO,C10,"CONDICIONES AMBIENTALES Y/O ATMOSFÉRICAS (NIEBLA, NEBLINA, GRANIZO, LLUVIA).",CHOQUE LATERAL,MOTOCICLETA,PARTICULAR,1,0,0,0,0,0,0,0,1,0,0,0,0,2,CÉDULA,32,HOMBRE,LESIONADO,PASAJERO,SI,NO
2023,DMQ00184012023,1,0,DMQ,-0.109746,-78.458528,17,PICHINCHA,1701,QUITO,170155,CALDERON (CARAPUNGO),SIMON BOLIVAR Y PANAMERICANA NORTE,ZONA 9,RURAL,ND,ND,ND,ND,9/1/2023,13:35:00,DE 13H00 A 13H59,13,lunes,1,ENERO,1,NO,C10,"CONDICIONES AMBIENTALES Y/O ATMOSFÉRICAS (NIEBLA, NEBLINA, GRANIZO, LLUVIA).",CHOQUE LATERAL,BICICLETA,PARTICULAR,0,1,0,0,0,0,0,0,1,0,0,0,0,2,LICENCIA,22,MUJER,LESIONADO,CONDUCTOR,NO,NO