ANIO,SINIESTROS,LESIONADOS,FALLECIDOS,ENTE_DE_CONTROL,LATITUD_Y,LONGITUD_X,DPA_1,PROVINCIA,DPA_2,CANTON,DPA_3,PARROQUIA,DIRECCION,ZONA_PLANIFICACION,ZONA,ID_DE_LA_VIA,NOMBRE_DE_LA_VIA,UBICACION_DE_LA_VIA,JERARQUIA_DE_LA_VIA,FECHA,HORA,PERIODO_1,PERIODO_2,DIA_1,DIA_2,MES_1,MES_2,FERIADO,CODIGO_CAUSA,CAUSA_PROBABLE,TIPO_DE_SINIESTRO,TIPO_DE_VEHICULO_1,SERVICIO_1,AUTOMOVIL,BICICLETA,BUS,CAMION,CAMIONETA,EMERGENCIAS,ESPECIAL,FURGONETA,MOTOCICLETA,NO_IDENTIFICADO,SCOOTER_ELECTRICO,TRICIMOTO,VEHICULO_DEPORTIVO_UTILITARIO,SUMA_DE_VEHICULOS,TIPO_ID_1,EDAD_1,SEXO_1,CONDICION_1,PARTICIPANTE_1,CASCO_1,CINTURON_1
2023,DMQ00188012023,0,0,DMQ,-0.214999,-78.455202,17,PICHINCHA,1701,QUITO,170157,CUMBAYA,RUTA VIVA Y KILOMETRO 2,ZONA 9,RURAL,ND,ND,ND,ND,9/1/2023,17:30:00,DE 17H00 A 17H59,17,lunes,1,ENERO,1,NO,C10,"CONDICIONES AMBIENTALES Y/O ATMOSFÉRICAS (NIEBLA, NEBLINA, GRANIZO, LLUVIA).",ESTRELLAMIENTOS,AUTOMÓVIL,PARTICULAR,1,0,0,0,0,0,0,0,0,0,0,0,0,1,LICENCIA,45,HOMBRE,ILESO,CONDUCTOR,NO,NO
2023,DMQ00189012023,0,0,DMQ,-0.215622,-78.455839,17,PICHINCHA,1701,QUITO,170157,CUMBAYA,RUTA VIVA Y ENTRADA A YANAZARAPATA,ZONA 9,RURAL,ND,ND,ND,ND,9/1/2023,18:12:00,DE 18H00 A 18H59,18,lunes,1,ENERO,1,NO,C10,"CONDICIONES AMBIENTALES Y/O ATMOSFÉRICAS (NIEBLA, NEBLINA, GRANIZO, LLUVIA).",ESTRELLAMIENTOS,AUTOMÓVIL,PARTICULAR,1,0,0,0,0,0,0,0,0,0,0,0,0,1,LICENCIA,49,HOMBRE,ILESO,CONDUCTOR,NO,NO
2023,DMQ00192012023,0,0,DMQ,-0.308469,-78.544927,17,PICHINCHA,1701,QUITO,170150,QUITO,MALDONADO Y S44,ZONA 9,URBANA,ND,ND,ND,ND,9/1/2023,20:12:00,DE 20H00 A 20H59,20,lunes,1,ENERO,1,NO,C06,"CONDUCE BAJO LA INFLUENCIA DE ALCOHOL, SUSTANCIAS ESTUPEFACIENTES O PSICOTRÓPICAS Y/O MEDICAMENTOS.",ESTRELLAMIENTOS,AUTOMÓVIL,COMERCIAL,1,0,0,0,0,0,0,0,0,0,0,0,0,1,LICENCIA,66,HOMBRE,ILESO,CONDUCTOR,NO,NO
2023,DMQ00194012023,0,0,DMQ,-0.206319,-78.501896,17,PICHINCHA,1701,QUITO,170150,QUITO,VERSALLES Y ASUNCION,ZONA 9,URBANA,ND,ND,ND,ND,9/1/2023,21:40:00,DE 21H00 A 21H59,21,lunes,1,ENERO,1,NO,C10,"CONDICIONES AMBIENTALES Y/O ATMOSFÉRICAS (NIEBLA, NEBLINA, GRANIZO, LLUVIA).",CHOQUE LATERAL,AUTOMÓVIL,PARTICULAR,2,0,0,0,0,0,0,0,0,0,0,0,0,2,LICENCIA,22,HOMBRE,ILESO,CONDUCTOR,NO,NO
2023,DMQ00197012023,1,0,DMQ,-0.193433,-78.482987,17,PICHINCHA,1701,QUITO,170150,QUITO,DIEGO DE ALMAGRO Y WHYMPER,ZONA 9,URBANA,ND,ND,ND,ND,10/1/2023,9:40:00,DE 09H00 A 09H59,9,martes,2,ENERO,1,NO,C16,NO TRANSITAR POR LAS ACERAS O ZONAS DE SEGURIDAD DESTINADAS PARA EL EFECTO.,ARROLLAMIENTOS,AUTOMÓVIL,PARTICULAR,1,0,0,0,0,0,0,0,0,0,0,0,0,1,PASAPORTE,32,HOMBRE,LESIONADO,PEATÓN,NO,NO
2023,DMQ00201012023,0,0,DMQ,-0.220112,-78.507467,17,PICHINCHA,1701,QUITO,170150,QUITO,PICHINCHA Y MANABI,ZONA 9,URBANA,ND,ND,ND,ND,10/1/2023,15:45:00,DE 15H00 A 15H59,15,martes,2,ENERO,1,NO,C10,"CONDICIONES AMBIENTALES Y/O ATMOSFÉRICAS (NIEBLA, NEBLINA, GRANIZO, LLUVIA).",CHOQUE LATERAL,BUS,PÚBLICO,0,0,1,0,0,0,0,0,1,0,0,0,0,2,LICENCIA,31,HOMBRE,ILESO,CONDUCTOR,SI,NO
2023,DMQ00203012023,0,1,DMQ,-0.115461,-78.489524,17,PICHINCHA,1701,QUITO,170150,QUITO,BELLAVISTA Y DE LOS MOLLES,ZONA 9,URBANA,ND,ND,ND,ND,10/1/2023,17:00:00,DE 17H00 A 17H59,17,martes,2,ENERO,1,NO,C26,NO CEDER EL DERECHO DE VÍA O PREFERENCIA DE PASO AL PEATÓN.,ATROPELLOS,BUS,PÚBLICO,0,0,1,0,0,0,0,0,0,0,0,0,0,1,CÉDULA,75,HOMBRE,FALLECIDO,PEATÓN,NO,NO
2023,DMQ00204012023,2,0,DMQ,-0.286409,-78.556213,17,PICHINCHA,1701,QUITO,170150,QUITO,MARISCAL SUCRE Y DIEGO VASQUEZ,ZONA 9,URBANA,ND,ND,ND,ND,10/1/2023,17:20:00,DE 17H00 A 17H59,17,martes,2,ENERO,1,NO,C16,NO TRANSITAR POR LAS ACERAS O ZONAS DE SEGURIDAD DESTINADAS PARA EL EFECTO.,ATROPELLOS,MOTOCICLETA,PARTICULAR,0,0,0,0,0,0,0,0,1,0,0,0,0,1,LICENCIA,22,HOMBRE,LESIONADO,CONDUCTOR,SI,NO
2023,DMQ00205012023,0,0,DMQ,-0.218017,-78.431799,17,PICHINCHA,1701,QUITO,170157,CUMBAYA,RUTA VIVA Y NAPOLES,ZONA 9,RURAL,ND,ND,ND,ND,10/1/2023,17:20:00,DE 17H00 A 17H59,17,martes,2,ENERO,1,NO,C06,"CONDUCE BAJO LA INFLUENCIA DE ALCOHOL, SUSTANCIAS ESTUPEFACIENTES O PSICOTRÓPICAS Y/O MEDICAMENTOS.",CHOQUE LATERAL,AUTOMÓVIL,PARTICULAR,2,0,0,0,0,0,0,0,0,0,0,0,0,2,LICENCIA,28,HOMBRE,ILESO,CONDUCTOR,NO,NO
2023,DMQ00206012023,0,0,DMQ,-0.073279,-78.469468,17,PICHINCHA,1701,QUITO,170177,POMASQUI,DE LOS NARCISOS Y MANUEL CORDOVA GALARZA,ZONA 9,RURAL,ND,ND,ND,ND,10/1/2023,19:20:00,DE 19H00 A 19H59,19,martes,2,ENERO,1,NO,C10,"CONDICIONES AMBIENTALES Y/O ATMOSFÉRICAS (NIEBLA, NEBLINA, GRANIZO, LLUVIA).",ESTRELLAMIENTOS,AUTOMÓVIL,PARTICULAR,1,0,0,0,0,0,0,0,0,0,0,0,0,1,LICENCIA,47,HOMBRE,ILESO,CONDUCTOR,NO,NO
2023,DMQ00208012023,1,0,DMQ,-0.286871,-78.489169,17,PICHINCHA,1701,QUITO,170156,CONOCOTO,CAMILO PONCE ENRIQUEZ Y HUAYNA CAPAC,ZONA 9,RURAL,ND,ND,ND,ND,10/1/2023,19:53:00,DE 19H00 A 19H59,19,martes,2,ENERO,1,NO,C10,"CONDICIONES AMBIENTALES Y/O ATMOSFÉRICAS (NIEBLA, NEBLINA, GRANIZO, LLUVIA).",CHOQUE FRONTAL,NO IDENTIFICADO,PARTICULAR,0,0,0,0,0,0,0,0,0,2,0,0,0,2,LICENCIA,27,HOMBRE,LESIONADO,CONDUCTOR,NO,NO
2023,DMQ00216012023,0,0,DMQ,-0.147556,-78.447795,17,PICHINCHA,1701,QUITO,170150,QUITO,SIMON BOLIVAR Y QUITO,ZONA 9,RURAL,ND,ND,ND,ND,11/1/2023,9:15:00,DE 09H00 A 09H59,9,miércoles,3,ENERO,1,NO,C10,"CONDICIONES AMBIENTALES Y/O ATMOSFÉRICAS (NIEBLA, NEBLINA, GRANIZO, LLUVIA).",COLISIÓN,AUTOMÓVIL,PARTICULAR,3,0,0,0,0,0,0,0,0,0,0,0,0,3,LICENCIA,24,HOMBRE,ILESO,CONDUCTOR,NO,NO
2023,DMQ00218012023,0,0,DMQ,-0.113487,-78.505201,17,PICHINCHA,1701,QUITO,170150,QUITO,MARISCAL SUCRE Y MACHALA,ZONA 9,URBANA,ND,ND,ND,ND,11/1/2023,9:40:00,DE 09H00 A 09H59,9,miércoles,3,ENERO,1,NO,C09,CONDUCIR VEHÍCULO SUPERANDO LOS LÍMITES MÁXIMOS DE VELOCIDAD.,OTROS,AUTOMÓVIL,PARTICULAR,2,0,0,0,0,0,0,0,0,1,0,0,0,3,LICENCIA,39,HOMBRE,ILESO,CONDUCTOR,NO,NO
2023,DMQ00223012023,1,0,DMQ,-0.202898,-78.482964,17,PICHINCHA,1701,QUITO,170150,QUITO,CORUÑA Y 12 DE OCTUBRE,ZONA 9,URBANA,ND,ND,ND,ND,11/1/2023,18:50:00,DE 18H00 A 18H59,18,miércoles,3,ENERO,1,NO,C26,NO CEDER EL DERECHO DE VÍA O PREFERENCIA DE PASO AL PEATÓN.,ATROPELLOS,NO IDENTIFICADO,PARTICULAR,0,0,0,0,0,0,0,0,0,1,0,0,0,1,CÉDULA,41,MUJER,LESIONADO,PEATÓN,NO,NO
2023,DMQ00229012023,0,0,DMQ,-0.244401,-78.506001,17,PICHINCHA,1701,QUITO,170150,QUITO,JUAN BAUTISTA AGUIRRE Y PASAJE DIAGONAL AL SUBCENTRO DE SALUD PIO XII,ZONA 9,URBANA,ND,ND,ND,ND,12/1/2023,2:15:00,DE 02H00 A 02H59,2,jueves,4,ENERO,1,NO,C19,REALIZAR CAMBIO BRUSCO O INDEBIDO DE CARRIL.,CHOQUE FRONTAL,FURGONETA,COMERCIAL,1,0,0,0,0,0,0,1,0,0,0,0,0,2,CÉDULA,52,HOMBRE,ILESO,PASAJERO,NO,NO
2023,DMQ00230012023,1,0,DMQ,-0.302988,-78.476481,17,PICHINCHA,1701,QUITO,170156,CONOCOTO,JUAN MONTALVO Y LUIS HERNANDEZ,ZONA 9,RURAL,ND,ND,ND,ND,12/1/2023,7:00:00,DE 07H00 A 07H59,7,jueves,4,ENERO,1,NO,C16,NO TRANSITAR POR LAS ACERAS O ZONAS DE SEGURIDAD DESTINADAS PARA EL EFECTO.,ATROPELLOS,AUTOMÓVIL,PARTICULAR,1,0,0,0,0,0,0,0,0,0,0,0,0,1,CÉDULA,77,HOMBRE,LESIONADO,PEATÓN,NO,NO
2023,DMQ00235012023,0,0,DMQ,-0.238928,-78.484812,17,PICHINCHA,1701,QUITO,170150,QUITO,AUTOPISTA GENERAL RUMIÑAHUI Y SIMON BOLIVAR,ZONA 9,URBANA,ND,ND,ND,ND,12/1/2023,9:05:00,DE 09H00 A 09H59,9,jueves,4,ENERO,1,NO,C11,NO MANTENER LA DISTANCIA PRUDENCIAL CON RESPECTO AL VEHÍCULO QUE LE ANTECEDE.,COLISIÓN,CAMIÓN,CUENTA PROPIA,1,0,0,1,1,0,0,0,0,0,0,0,0,3,LICENCIA,55,HOMBRE,ILESO,CONDUCTOR,NO,NO
2023,DMQ00237012023,0,0,DMQ,-0.230194,-78.506516,17,PICHINCHA,1701,QUITO,170150,QUITO,PICHINCHA Y PIEDRA,ZONA 9,URBANA,ND,ND,ND,ND,12/1/2023,10:50:00,DE 10H00 A 10H59,10,jueves,4,ENERO,1,NO,C25,NO CEDER EL DERECHO DE VÍA O PREFERENCIA DE PASO A VEHÍCULOS.,CHOQUE LATERAL,BUS,PÚBLICO,0,0,1,0,0,0,0,0,1,0,0,0,0,2,LICENCIA,31,HOMBRE,ILESO,CONDUCTOR,SI,NO
2023,DMQ00239012023,1,0,DMQ,-0.115627,-78.491811,17,PICHINCHA,1701,QUITO,170150,QUITO,BELLAVISTA Y DOMINGO SEGURA,ZONA 9,URBANA,ND,ND,ND,ND,12/1/2023,12:20:00,DE 12H00 A 12H59,12,jueves,4,ENERO,1,NO,C26,NO CEDER EL DERECHO DE VÍA O PREFERENCIA DE PASO AL PEATÓN.,ATROPELLOS,CAMIONETA,PARTICULAR,0,0,0,0,1,0,0,0,0,0,0,0,0,1,CÉDULA,54,MUJER,LESIONADO,PEATÓN,NO,NO
2023,DMQ00246012023,0,0,DMQ,-0.077861,-78.435588,17,PICHINCHA,1701,QUITO,170155,CALDERON (CARAPUNGO),ABDON CALDERON Y CARLOS MANTILLA,ZONA 9,RURAL,ND,ND,ND,ND,12/1/2023,16:20:00,DE 16H00 A 16H59,16,jueves,4,ENERO,1,NO,C09,CONDUCIR VEHÍCULO SUPERANDO LOS LÍMITES MÁXIMOS DE VELOCIDAD.,ESTRELLAMIENTOS,CAMIÓN,CUENTA PROPIA,0,0,0,1,0,0,0,0,0,0,0,0,0,1,NO IDENTIFICADO,-1,NO IDENTIFICADO,NO IDENTIFICADO,CONDUCTOR,NO,NO
2023,DMQ00247012023,1,0,DMQ,-0.161677,-78.490085,17,PICHINCHA,1701,QUITO,170150,QUITO,BRASIL Y JUAN GALARZA,ZONA 9,URBANA,ND,ND,ND,ND,12/1/2023,18:45:00,DE 18H00 A 18H59,18,jueves,4,ENERO,1,NO,C10,"CONDICIONES AMBIENTALES Y/O ATMOSFÉRICAS (NIEBLA, NEBLINA, GRANIZO, LLUVIA).",CHOQUE POSTERIOR,MOTOCICLETA,PARTICULAR,0,0,0,0,0,0,0,0,1,1,0,0,0,2,CÉDULA,34,HOMBRE,LESIONADO,PASAJERO,SI,NO
2023,DMQ00248012023,0,0,DMQ,-0.169899,-78.487151,17,PICHINCHA,1701,QUITO,170150,QUITO,JOSE ARIZAGA Y 10 DE AGOSTO,ZONA 9,URBANA,ND,ND,ND,ND,12/1/2023,19:05:00,DE 19H00 A 19H59,19,jueves,4,ENERO,1,NO,C10,"CONDICIONES AMBIENTALES Y/O ATMOSFÉRICAS (NIEBLA, NEBLINA, GRANIZO, LLUVIA).",CHOQUE LATERAL,CAMIÓN,CUENTA PROPIA,1,0,0,1,0,0,0,0,0,0,0,0,0,2,LICENCIA,22,HOMBRE,ILESO,CONDUCTOR,NO,NO
2023,DMQ00250012023,0,0,DMQ,-0.135408,-78.358398,17,PICHINCHA,1701,QUITO,170183,TABABELA,CONECTOR ALPACHACA Y VIA COLLAS,ZONA 9,RURAL,ND,ND,ND,ND,12/1/2023,21:00:00,DE 21H00 A 21H59,21,jueves,4,ENERO,1,NO,C06,"CONDUCE BAJO LA INFLUENCIA DE ALCOHOL, SUSTANCIAS ESTUPEFACIENTES O PSICOTRÓPICAS Y/O MEDICAMENTOS.",CHOQUE POSTERIOR,CAMIONETA,PARTICULAR,1,0,0,0,1,0,0,0,0,0,0,0,0,2,LICENCIA,31,HOMBRE,ILESO,CONDUCTOR,NO,NO
2023,DMQ00251012023,1,0,DMQ,-0.215861,-78.379851,17,PICHINCHA,1701,QUITO,170184,TUMBACO,RUTA VIVA Y UNIVERSITARIA,ZONA 9,RURAL,ND,ND,ND,ND,12/1/2023,21:05:00,DE 21H00 A 21H59,21,jueves,4,ENERO,1,NO,C10,"CONDICIONES AMBIENTALES Y/O ATMOSFÉRICAS (NIEBLA, NEBLINA, GRANIZO, LLUVIA).",CHOQUE LATERAL,MOTOCICLETA,PARTICULAR,1,0,0,0,0,0,0,0,1,0,0,0,0,2,LICENCIA,25,HOMBRE,LESIONADO,CONDUCTOR,SI,NO
2023,DMQ00252012023,0,0,DMQ,-0.203271,-78.459831,17,PICHINCHA,1701,QUITO,170150,QUITO,RUTA VIVA Y SIMON BOLIVAR,ZONA 9,URBANA,ND,ND,ND,ND,12/1/2023,21:47:00,DE 21H00 A 21H59,21,jueves,4,ENERO,1,NO,C10,"CONDICIONES AMBIENTALES Y/O ATMOSFÉRICAS (NIEBLA, NEBLINA, GRANIZO, LLUVIA).",CHOQUE POSTERIOR,AUTOMÓVIL,PARTICULAR,2,0,0,0,0,0,0,0,0,0,0,0,0,2,LICENCIA,49,HOMBRE,ILESO,CONDUCTOR,NO,NO
2023,DMQ00254012023,0,0,DMQ,-0.210583,-78.494073,17,PICHINCHA,1701,QUITO,170150,QUITO,QUESERAS DEL MEDIO Y 12 DE OCTUBRE,ZONA 9,URBANA,ND,ND,ND,ND,12/1/2023,22:30:00,DE 22H00 A 22H59,22,jueves,4,ENERO,1,NO,C10,"CONDICIONES AMBIENTALES Y/O ATMOSFÉRICAS (NIEBLA, NEBLINA, GRANIZO, LLUVIA).",ESTRELLAMIENTOS,AUTOMÓVIL,PARTICULAR,1,0,0,0,0,0,0,0,0,0,0,0,0,1,LICENCIA,24,HOMBRE,ILESO,CONDUCTOR,NO,NO
2023,DMQ00255012023,0,0,DMQ,-0.153314,-78.484571,17,PICHINCHA,1701,QUITO,170150,QUITO,GALO PLAZA LASSO Y ISAAC ALBENIZ,ZONA 9,URBANA,ND,ND,ND,ND,12/1/2023,23:00:00,DE 23H00 A 23H59,23,jueves,4,ENERO,1,NO,C09,CONDUCIR VEHÍCULO SUPERANDO LOS LÍMITES MÁXIMOS DE VELOCIDAD.,ESTRELLAMIENTOS,AUTOMÓVIL,PARTICULAR,1,0,0,0,0,0,0,0,0,0,0,0,0,1,NO IDENTIFICADO,-1,NO IDENTIFICADO,NO IDENTIFICADO,CONDUCTOR,NO,NO
2023,DMQ00257012023,0,1,DMQ,-0.206551,-78.512311,17,PICHINCHA,1701,QUITO,170150,QUITO,MARISCAL SUCRE Y UNIVERSITARIA,ZONA 9,URBANA,ND,ND,ND,ND,13/01/2023,1:15:00,DE 01H00 A 01H59,1,viernes,5,ENERO,1,NO,C26,NO CEDER EL DERECHO DE VÍA O PREFERENCIA DE PASO AL PEATÓN.,ATROPELLOS,NO IDENTIFICADO,PARTICULAR,0,0,0,0,0,0,0,0,0,1,0,0,0,1,NO IDENTIFICADO,35,HOMBRE,FALLECIDO,PEATÓN,NO,NO
2023,DMQ00258012023,0,0,DMQ,-0.330685,-78.484838,17,PICHINCHA,1701,QUITO,170152,AMAGUAÑA,RIO NAPO Y JUAN QUINDE,ZONA 9,RURAL,ND,ND,ND,ND,13/01/2023,1:30:00,DE 01H00 A 01H59,1,viernes,5,ENERO,1,NO,C09,CONDUCIR VEHÍCULO SUPERANDO LOS LÍMITES MÁXIMOS DE VELOCIDAD.,ESTRELLAMIENTOS,AUTOMÓVIL,PARTICULAR,1,0,0,0,0,0,0,0,0,0,0,0,0,1,CÉDULA,24,HOMBRE,ILESO,PASAJERO,NO,NO
2023,PNE00071012023,0,0,PNE,-0.063048,-78.371114,17,PICHINCHA,1701,QUITO,170163,GUAYLLABAMBA,E28  B  -,ZONA 9,RURAL,336,PUENTE GUAYLLABAMBA - GUAYLLABAMBA (REDONDEL NORTE),E28B,COLECTORA,13/01/2023,2:07:00,DE 02H00 A 02H59,2,viernes,5,ENERO,1,NO,C14,"CONDUCIR DESATENTO A LAS CONDICIONES DE TRÁNSITO (CELULAR, PANTALLAS DE VIDEO, COMIDA, MAQUILLAJE O CUALQUIER OTRO ELEMENTO DISTRACTOR).",PÉRDIDA DE CARRIL,FURGONETA,PARTICULAR,0,0,0,0,0,0,0,1,0,0,0,0,0,1,NO IDENTIFICADO,30,HOMBRE,NO IDENTIFICADO,CONDUCTOR,NO,SI
2023,DMQ00260012023,0,0,DMQ,-0.295531,-78.555101,17,PICHINCHA,1701,QUITO,170150,QUITO,CONDOR ÑAN Y PUMAPUNGO,ZONA 9,URBANA,ND,ND,ND,ND,13/01/2023,2:10:00,DE 02H00 A 02H59,2,viernes,5,ENERO,1,NO,C09,CONDUCIR VEHÍCULO SUPERANDO LOS LÍMITES MÁXIMOS DE VELOCIDAD.,ESTRELLAMIENTOS,CAMIONETA,PARTICULAR,0,0,0,0,1,0,0,0,0,0,0,0,0,1,NO IDENTIFICADO,-1,NO IDENTIFICADO,NO IDENTIFICADO,CONDUCTOR,NO,NO
2023,DMQ00262012023,0,0,DMQ,-0.246114,-78.518471,17,PICHINCHA,1701,QUITO,170150,QUITO,NAPO Y GUALBERTO PEREZ,ZONA 9,URBANA,ND,ND,ND,ND,13/01/2023,5:45:00,DE 05H00 A 05H59,5,viernes,5,ENERO,1,NO,C09,CONDUCIR VEHÍCULO SUPERANDO LOS LÍMITES MÁXIMOS DE VELOCIDAD.,ESTRELLAMIENTOS,AUTOMÓVIL,PARTICULAR,1,0,0,0,0,0,0,0,0,0,0,0,0,1,NO IDENTIFICADO,-1,NO IDENTIFICADO,NO IDENTIFICADO,CONDUCTOR,NO,NO
2023,DMQ00264012023,0,0,DMQ,-0.242032,-78.521015,17,PICHINCHA,1701,QUITO,170150,QUITO,PEDRO DE ALFARO Y RODRIGO DE CHAVEZ,ZONA 9,URBANA,ND,ND,ND,ND,13/01/2023,7:35:00,DE 07H00 A 07H59,7,viernes,5,ENERO,1,NO,C12,NO GUARDAR LA DISTANCIA LATERAL MÍNIMA DE SEGURIDAD ENTRE VEHÍCULOS.,ROZAMIENTOS,BUS,PÚBLICO,0,0,1,0,1,0,0,0,0,0,0,0,0,2,LICENCIA,61,HOMBRE,ILESO,CONDUCTOR,NO,NO
2023,PNE00074012023,1,0,PNE,-0.449411,-78.585734,17,PICHINCHA,1703,MEJIA,170351,ALOAG,CAPITAN  EDMUNDO  CHIRIBOGA  -  RIO  PAUTE,ZONA 2,URBANA,ND,ND,ND,ND,13/01/2023,8:45:00,DE 08H00 A 08H59,8,viernes,5,ENERO,1,NO,C14,"CONDUCIR DESATENTO A LAS CONDICIONES DE TRÁNSITO (CELULAR, PANTALLAS DE VIDEO, COMIDA, MAQUILLAJE O CUALQUIER OTRO ELEMENTO DISTRACTOR).",OTROS,EMERGENCIAS,PÚBLICO,1,0,0,0,0,1,0,0,0,0,0,0,0,2,LICENCIA,62,MUJER,LESIONADO,CONDUCTOR,NO,SI
2023,CTE00208012023,0,0,CTE,-0.348639,-78.849001,17,PICHINCHA,1703,MEJIA,170355,MANUEL CORNEJO ASTORGA,RED VIAL ESTATAL E-20 KM 57+500 SANTO DOMINGO QUITO,ZONA 2,RURAL,332,TANDAPI - LIMITE PROVINCIAL ENTRE PICHINCHA Y SANTO DOMINGO,E20,ARTERIAL,13/01/2023,8:59:00,DE 08H00 A 08H59,8,viernes,5,ENERO,1,NO,C14,"CONDUCIR DESATENTO A LAS CONDICIONES DE TRÁNSITO (CELULAR, PANTALLAS DE VIDEO, COMIDA, MAQUILLAJE O CUALQUIER OTRO ELEMENTO DISTRACTOR).",PÉRDIDA DE CARRIL,CAMIÓN,PÚBLICO,0,0,0,1,0,0,0,0,0,0,0,0,0,1,LICENCIA,-1,HOMBRE,ILESO,CONDUCTOR,NO,NO
2023,DMQ00266012023,1,0,DMQ,-0.162113,-78.482296,17,PICHINCHA,1701,QUITO,170150,QUITO,RIO COCA Y ISLA ISABELA,ZONA 9,URBANA,ND,ND,ND,ND,13/01/2023,12:00:00,DE 12H00 A 12H59,12,viernes,5,ENERO,1,NO,C16,NO TRANSITAR POR LAS ACERAS O ZONAS DE SEGURIDAD DESTINADAS PARA EL EFECTO.,ATROPELLOS,AUTOMÓVIL,COMERCIAL,1,0,0,0,0,0,0,0,0,0,0,0,0,1,CÉDULA,17,MUJER,LESIONADO,PEATÓN,NO,NO
2023,DMQ00268012023,1,0,DMQ,-0.115346,-78.490589,17,PICHINCHA,1701,QUITO,170150,QUITO,DIEGO VASQUEZ DE CEPEDA Y BELLAVISTA,ZONA 9,URBANA,ND,ND,ND,ND,13/01/2023,13:00:00,DE 13H00 A 13H59,13,viernes,5,ENERO,1,NO,C25,NO CEDER EL DERECHO DE VÍA O PREFERENCIA DE PASO A VEHÍCULOS.,CHOQUE LATERAL,BUS,PÚBLICO,0,0,1,0,0,0,0,0,1,0,0,0,0,2,LICENCIA,37,HOMBRE,LESIONADO,CONDUCTOR,SI,NO
2023,DMQ00270012023,1,0,DMQ,-0.269186,-78.555512,17,PICHINCHA,1701,QUITO,170150,QUITO,TABIAZO Y SAN GERARDO,ZONA 9,URBANA,ND,ND,ND,ND,13/01/2023,15:00:00,DE 15H00 A 15H59,15,viernes,5,ENERO,1,NO,C09,CONDUCIR VEHÍCULO SUPERANDO LOS LÍMITES MÁXIMOS DE VELOCIDAD.,PÉRDIDA DE CARRIL,NO IDENTIFICADO,PARTICULAR,0,0,0,0,0,0,0,0,0,1,0,0,0,1,CÉDULA,40,HOMBRE,LESIONADO,PASAJERO,NO,NO
2023,DMQ00272012023,0,0,DMQ,-0.226209,-78.523791,17,PICHINCHA,1701,QUITO,170150,QUITO,FRANCISCO FARFAN Y CAYETANO CESTARIS,ZONA 9,URBANA,ND,ND,ND,ND,13/01/2023,17:30:00,DE 17H00 A 17H59,17,viernes,5,ENERO,1,NO,C10,"CONDICIONES AMBIENTALES Y/O ATMOSFÉRICAS (NIEBLA, NEBLINA, GRANIZO, LLUVIA).",CHOQUE FRONTAL,CAMIONETA,PARTICULAR,1,0,0,0,1,0,0,0,0,0,0,0,0,2,LICENCIA,49,HOMBRE,ILESO,CONDUCTOR,NO,NO
2023,DMQ00274012023,1,0,DMQ,-0.295613,-78.528972,17,PICHINCHA,1701,QUITO,170150,QUITO,GONZALO PEREZ BUSTAMANTE Y S33D,ZONA 9,URBANA,ND,ND,ND,ND,13/01/2023,18:00:00,DE 18H00 A 18H59,18,viernes,5,ENERO,1,NO,C11,NO MANTENER LA DISTANCIA PRUDENCIAL CON RESPECTO AL VEHÍCULO QUE LE ANTECEDE.,CHOQUE POSTERIOR,FURGONETA,PARTICULAR,1,0,0,0,0,0,0,1,0,0,0,0,0,2,LICENCIA,48,HOMBRE,LESIONADO,CONDUCTOR,NO,NO
2023,DMQ00275012023,2,0,DMQ,-0.306251,-78.565418,17,PICHINCHA,1701,QUITO,170150,QUITO,ERMEL FIALLO Y JUAN VASQUEZ,ZONA 9,URBANA,ND,ND,ND,ND,13/01/2023,18:30:00,DE 18H00 A 18H59,18,viernes,5,ENERO,1,NO,C25,NO CEDER EL DERECHO DE VÍA O PREFERENCIA DE PASO A VEHÍCULOS.,CHOQUE LATERAL,MOTOCICLETA,PARTICULAR,1,0,0,0,0,0,0,0,1,0,0,0,0,2,CÉDULA,16,HOMBRE,LESIONADO,PASAJERO,SI,NO
2023,DMQ00276012023,0,0,DMQ,-0.086692,-78.425599,17,PICHINCHA,1701,QUITO,170155,CALDERON (CARAPUNGO),SAUL QUEZADA Y EMILIO OBANDO,ZONA 9,RURAL,ND,ND,ND,ND,13/01/2023,18:45:00,DE 18H00 A 18H59,18,viernes,5,ENERO,1,NO,C25,NO CEDER EL DERECHO DE VÍA O PREFERENCIA DE PASO A VEHÍCULOS.,CHOQUE LATERAL,CAMIÓN,CUENTA PROPIA,1,0,0,1,0,0,0,0,0,0,0,0,0,2,LICENCIA,31,HOMBRE,ILESO,CONDUCTOR,NO,NO