ANIO,SINIESTROS,LESIONADOS,FALLECIDOS,ENTE_DE_CONTROL,LATITUD_Y,LONGITUD_X,DPA_1,PROVINCIA,DPA_2,CANTON,DPA_3,PARROQUIA,DIRECCION,ZONA_PLANIFICACION,ZONA,ID_DE_LA_VIA,NOMBRE_DE_LA_VIA,UBICACION_DE_LA_VIA,JERARQUIA_DE_LA_VIA,FECHA,HORA,PERIODO_1,PERIODO_2,DIA_1,DIA_2,MES_1,MES_2,FERIADO,CODIGO_CAUSA,CAUSA_PROBABLE,TIPO_DE_SINIESTRO,TIPO_DE_VEHICULO_1,SERVICIO_1,AUTOMOVIL,BICICLETA,BUS,CAMION,CAMIONETA,EMERGENCIAS,ESPECIAL,FURGONETA,MOTOCICLETA,NO_IDENTIFICADO,SCOOTER_ELECTRICO,TRICIMOTO,VEHICULO_DEPORTIVO_UTILITARIO,SUMA_DE_VEHICULOS,TIPO_ID_1,EDAD_1,SEXO_1,CONDICION_1,PARTICIPANTE_1,CASCO_1,CINTURON_1
2023,DMQ00277012023,1,0,DMQ,-0.297501,-78.547001,17,PICHINCHA,1701,QUITO,170150,QUITO,LLIRA ÑAN Y TAMIA,ZONA 9,URBANA,ND,ND,ND,ND,13/01/2023,21:45:00,DE 21H00 A 21H59,21,viernes,5,ENERO,1,NO,C11,NO MANTENER LA DISTANCIA PRUDENCIAL CON RESPECTO AL VEHÍCULO QUE LE ANTECEDE.,CHOQUE POSTERIOR,MOTOCICLETA,PARTICULAR,1,0,0,0,0,0,0,0,1,0,0,0,0,2,LICENCIA,34,HOMBRE,LESIONADO,CONDUCTOR,SI,NO
2023,DMQ00278012023,0,0,DMQ,-0.233543,-78.508845,17,PICHINCHA,1701,QUITO,170150,QUITO,VELASCO IBARRA Y SENA,ZONA 9,URBANA,ND,ND,ND,ND,13/01/2023,21:50:00,DE 21H00 A 21H59,21,viernes,5,ENERO,1,NO,C06,"CONDUCE BAJO LA INFLUENCIA DE ALCOHOL, SUSTANCIAS ESTUPEFACIENTES O PSICOTRÓPICAS Y/O MEDICAMENTOS.",CHOQUE FRONTAL,BUS,PÚBLICO,0,0,1,0,1,0,0,0,0,0,0,0,0,2,LICENCIA,31,HOMBRE,ILESO,CONDUCTOR,NO,NO
2023,DMQ00279012023,2,0,DMQ,-0.097023,-78.441699,17,PICHINCHA,1701,QUITO,170155,CALDERON (CARAPUNGO),GIOVANNI CALLES Y DE LOS PINOS,ZONA 9,RURAL,ND,ND,ND,ND,13/01/2023,22:40:00,DE 22H00 A 22H59,22,viernes,5,ENERO,1,NO,C06,"CONDUCE BAJO LA INFLUENCIA DE ALCOHOL, SUSTANCIAS ESTUPEFACIENTES O PSICOTRÓPICAS Y/O MEDICAMENTOS.",CHOQUE LATERAL,MOTOCICLETA,PARTICULAR,0,0,0,0,0,0,0,0,2,0,0,0,0,2,LICENCIA,34,HOMBRE,LESIONADO,CONDUCTOR,SI,NO
2023,PNE00080012023,2,0,PNE,-0.277966,-78.483061,17,PICHINCHA,1701,QUITO,170156,CONOCOTO,AUTOPISTA  GENERAL  RUMINAHUI  -,ZONA 9,RURAL,ND,ND,ND,ND,14/01/2023,1:00:00,DE 01H00 A 01H59,1,sábado,6,ENERO,1,NO,C16,NO TRANSITAR POR LAS ACERAS O ZONAS DE SEGURIDAD DESTINADAS PARA EL EFECTO.,ATROPELLOS,AUTOMÓVIL,PARTICULAR,1,0,0,0,0,0,0,0,0,0,0,0,0,1,LICENCIA,60,HOMBRE,LESIONADO,CONDUCTOR,NO,SI
2023,DMQ00281012023,0,0,DMQ,-0.098627,-78.470495,17,PICHINCHA,1701,QUITO,170150,QUITO,GALO PLAZA LASSO Y ELOY ALFARO,ZONA 9,URBANA,ND,ND,ND,ND,14/01/2023,1:25:00,DE 01H00 A 01H59,1,sábado,6,ENERO,1,NO,C10,"CONDICIONES AMBIENTALES Y/O ATMOSFÉRICAS (NIEBLA, NEBLINA, GRANIZO, LLUVIA).",ESTRELLAMIENTOS,AUTOMÓVIL,PARTICULAR,1,0,0,0,0,0,0,0,0,0,0,0,0,1,NO IDENTIFICADO,-1,NO IDENTIFICADO,NO IDENTIFICADO,CONDUCTOR,NO,NO
2023,DMQ00283012023,0,0,DMQ,-0.302101,-78.558825,17,PICHINCHA,1701,QUITO,170150,QUITO,MARISCAL SUCRE Y S41,ZONA 9,URBANA,ND,ND,ND,ND,14/01/2023,2:50:00,DE 02H00 A 02H59,2,sábado,6,ENERO,1,NO,C06,"CONDUCE BAJO LA INFLUENCIA DE ALCOHOL, SUSTANCIAS ESTUPEFACIENTES O PSICOTRÓPICAS Y/O MEDICAMENTOS.",CHOQUE LATERAL,AUTOMÓVIL,PARTICULAR,2,0,0,0,0,0,0,0,0,0,0,0,0,2,LICENCIA,25,HOMBRE,ILESO,CONDUCTOR,NO,NO
2023,DMQ00285012023,0,0,DMQ,-0.205798,-78.435191,17,PICHINCHA,1701,QUITO,170157,CUMBAYA,OSWALDO GUAYASAMIN Y ALFONSO LAMIÑA,ZONA 9,RURAL,60,QUITO - TUMBACO - PIFO,E28C,COLECTORA,14/01/2023,5:15:00,DE 05H00 A 05H59,5,sábado,6,ENERO,1,NO,C10,"CONDICIONES AMBIENTALES Y/O ATMOSFÉRICAS (NIEBLA, NEBLINA, GRANIZO, LLUVIA).",ESTRELLAMIENTOS,AUTOMÓVIL,PARTICULAR,1,0,0,0,0,0,0,0,0,0,0,0,0,1,NO IDENTIFICADO,-1,NO IDENTIFICADO,NO IDENTIFICADO,CONDUCTOR,NO,NO
2023,DMQ00286012023,2,0,DMQ,-0.074041,-78.454626,17,PICHINCHA,1701,QUITO,170150,QUITO,PASAJE 6 Y N90,ZONA 9,URBANA,ND,ND,ND,ND,14/01/2023,5:15:00,DE 05H00 A 05H59,5,sábado,6,ENERO,1,NO,C09,CONDUCIR VEHÍCULO SUPERANDO LOS LÍMITES MÁXIMOS DE VELOCIDAD.,PÉRDIDA DE CARRIL,AUTOMÓVIL,PARTICULAR,1,0,0,0,0,0,0,0,0,0,0,0,0,1,CÉDULA,27,HOMBRE,LESIONADO,PASAJERO,NO,NO
2023,DMQ00287012023,0,0,DMQ,-0.295109,-78.477216,17,PICHINCHA,1701,QUITO,170156,CONOCOTO,MONTUFAR Y OLMEDO,ZONA 9,URBANA,ND,ND,ND,ND,14/01/2023,5:40:00,DE 05H00 A 05H59,5,sábado,6,ENERO,1,NO,C10,"CONDICIONES AMBIENTALES Y/O ATMOSFÉRICAS (NIEBLA, NEBLINA, GRANIZO, LLUVIA).",CHOQUE LATERAL,AUTOMÓVIL,PARTICULAR,2,0,0,0,0,0,0,0,0,0,0,0,0,2,LICENCIA,50,HOMBRE,ILESO,CONDUCTOR,NO,NO
2023,PNE00084012023,1,0,PNE,-0.264008,-78.487691,17,PICHINCHA,1701,QUITO,170156,CONOCOTO,AUTOPISTA  GENERAL  RUMINAHUI  -,ZONA 9,RURAL,ND,ND,ND,ND,14/01/2023,7:20:00,DE 07H00 A 07H59,7,sábado,6,ENERO,1,NO,C10,"CONDICIONES AMBIENTALES Y/O ATMOSFÉRICAS (NIEBLA, NEBLINA, GRANIZO, LLUVIA).",CHOQUE POSTERIOR,VEHÍCULO DEPORTIVO UTILITARIO,PARTICULAR,0,0,0,0,0,0,0,0,0,0,0,0,1,1,CÉDULA,36,HOMBRE,LESIONADO,PEATÓN,NO,SI
2023,DMQ00290012023,0,0,DMQ,-0.190646,-78.445811,17,PICHINCHA,1701,QUITO,170170,NAYON,OSWALDO GUAYASAMIN Y IRENE CARDENAS,ZONA 9,RURAL,60,QUITO - TUMBACO - PIFO,E28C,COLECTORA,14/01/2023,7:31:00,DE 07H00 A 07H59,7,sábado,6,ENERO,1,NO,C10,"CONDICIONES AMBIENTALES Y/O ATMOSFÉRICAS (NIEBLA, NEBLINA, GRANIZO, LLUVIA).",OTROS,BUS,PÚBLICO,2,0,1,0,0,0,0,0,0,0,0,0,0,3,LICENCIA,31,HOMBRE,ILESO,CONDUCTOR,NO,NO
2023,DMQ00291012023,1,0,DMQ,-0.341961,-78.548848,17,PICHINCHA,1701,QUITO,170150,QUITO,MALDONADO Y S59,ZONA 9,URBANA,ND,ND,ND,ND,14/01/2023,8:55:00,DE 08H00 A 08H59,8,sábado,6,ENERO,1,NO,C23,"NO RESPETAR LAS SEÑALES REGLAMENTARIAS DE TRÁNSITO. (PARE, CEDA EL PASO, LUZ ROJA DEL SEMAFORO, ETC).",CHOQUE LATERAL,NO IDENTIFICADO,PARTICULAR,0,0,0,0,0,0,0,0,0,2,0,0,0,2,CÉDULA,33,HOMBRE,LESIONADO,PASAJERO,NO,NO
2023,DMQ00292012023,2,0,DMQ,-0.190112,-78.478572,17,PICHINCHA,1701,QUITO,170150,QUITO,OSWALDO GUAYASAMIN Y INTEROCEANICA,ZONA 9,URBANA,60,QUITO - TUMBACO - PIFO,E28C,COLECTORA,14/01/2023,10:30:00,DE 10H00 A 10H59,10,sábado,6,ENERO,1,NO,C25,NO CEDER EL DERECHO DE VÍA O PREFERENCIA DE PASO A VEHÍCULOS.,CHOQUE LATERAL,MOTOCICLETA,PARTICULAR,1,0,0,0,0,0,0,0,1,0,0,0,0,2,LICENCIA,24,HOMBRE,LESIONADO,CONDUCTOR,SI,NO
2023,DMQ00294012023,0,0,DMQ,-0.274332,-78.510758,17,PICHINCHA,1701,QUITO,170150,QUITO,SIMON BOLIVAR Y GUASUNTOS,ZONA 9,URBANA,ND,ND,ND,ND,14/01/2023,11:25:00,DE 11H00 A 11H59,11,sábado,6,ENERO,1,NO,C11,NO MANTENER LA DISTANCIA PRUDENCIAL CON RESPECTO AL VEHÍCULO QUE LE ANTECEDE.,CHOQUE POSTERIOR,AUTOMÓVIL,PARTICULAR,2,0,0,0,0,0,0,0,0,0,0,0,0,2,LICENCIA,30,HOMBRE,ILESO,CONDUCTOR,NO,NO
2023,DMQ00295012023,2,0,DMQ,-0.091824,-78.502065,17,PICHINCHA,1701,QUITO,170150,QUITO,PERIMETRAL DERECHA Y OE5E,ZONA 9,URBANA,ND,ND,ND,ND,14/01/2023,12:05:00,DE 12H00 A 12H59,12,sábado,6,ENERO,1,NO,C06,"CONDUCE BAJO LA INFLUENCIA DE ALCOHOL, SUSTANCIAS ESTUPEFACIENTES O PSICOTRÓPICAS Y/O MEDICAMENTOS.",CHOQUE LATERAL,MOTOCICLETA,PARTICULAR,1,0,0,0,0,0,0,0,1,0,0,0,0,2,LICENCIA,38,HOMBRE,LESIONADO,CONDUCTOR,SI,NO
2023,DMQ00303012023,0,0,DMQ,-0.177979,-78.478022,17,PICHINCHA,1701,QUITO,170150,QUITO,6 DE DICIEMBRE Y MANUEL SANCHEZ,ZONA 9,URBANA,ND,ND,ND,ND,14/01/2023,20:15:00,DE 20H00 A 20H59,20,sábado,6,ENERO,1,NO,C10,"CONDICIONES AMBIENTALES Y/O ATMOSFÉRICAS (NIEBLA, NEBLINA, GRANIZO, LLUVIA).",CHOQUE LATERAL,CAMIONETA,PARTICULAR,1,0,0,0,1,0,0,0,0,0,0,0,0,2,LICENCIA,29,HOMBRE,ILESO,CONDUCTOR,NO,NO
2023,DMQ00309012023,0,0,DMQ,-0.093982,-78.497852,17,PICHINCHA,1701,QUITO,170150,QUITO,FRANCISCO DE RUMIHURCO Y N76,ZONA 9,URBANA,ND,ND,ND,ND,15/01/2023,0:05:00,DE 00H00 A 00H59,0,domingo,7,ENERO,1,NO,C23,"NO RESPETAR LAS SEÑALES REGLAMENTARIAS DE TRÁNSITO. (PARE, CEDA EL PASO, LUZ ROJA DEL SEMAFORO, ETC).",OTROS,AUTOMÓVIL,PARTICULAR,1,0,0,0,0,0,0,0,0,0,0,0,0,1,NO IDENTIFICADO,-1,NO IDENTIFICADO,NO IDENTIFICADO,CONDUCTOR,NO,NO
2023,DMQ00315012023,0,0,DMQ,-0.187031,-78.491448,17,PICHINCHA,1701,QUITO,170150,QUITO,10 DE AGOSTO Y MARIANA DE JESUS,ZONA 9,URBANA,ND,ND,ND,ND,15/01/2023,1:40:00,DE 01H00 A 01H59,1,domingo,7,ENERO,1,NO,C11,NO MANTENER LA DISTANCIA PRUDENCIAL CON RESPECTO AL VEHÍCULO QUE LE ANTECEDE.,CHOQUE POSTERIOR,AUTOMÓVIL,PARTICULAR,2,0,0,0,0,0,0,0,0,0,0,0,0,2,LICENCIA,30,HOMBRE,ILESO,CONDUCTOR,NO,NO
2023,DMQ00317012023,0,0,DMQ,-0.101395,-78.469005,17,PICHINCHA,1701,QUITO,170150,QUITO,ELOY ALFARO Y N74C,ZONA 9,URBANA,ND,ND,ND,ND,15/01/2023,2:50:00,DE 02H00 A 02H59,2,domingo,7,ENERO,1,NO,C23,"NO RESPETAR LAS SEÑALES REGLAMENTARIAS DE TRÁNSITO. (PARE, CEDA EL PASO, LUZ ROJA DEL SEMAFORO, ETC).",OTROS,MOTOCICLETA,PARTICULAR,0,0,0,0,0,0,0,0,1,0,0,0,0,1,NO IDENTIFICADO,-1,NO IDENTIFICADO,NO IDENTIFICADO,CONDUCTOR,NO,NO
2023,DMQ00318012023,0,0,DMQ,-0.093415,-78.479549,17,PICHINCHA,1701,QUITO,170150,QUITO,DIEGO VASQUEZ DE CEPEDA Y JUAN DE SELIS,ZONA 9,URBANA,ND,ND,ND,ND,15/01/2023,3:10:00,DE 03H00 A 03H59,3,domingo,7,ENERO,1,NO,C09,CONDUCIR VEHÍCULO SUPERANDO LOS LÍMITES MÁXIMOS DE VELOCIDAD.,ESTRELLAMIENTOS,AUTOMÓVIL,PARTICULAR,1,0,0,0,0,0,0,0,0,0,0,0,0,1,NO IDENTIFICADO,-1,NO IDENTIFICADO,NO IDENTIFICADO,CONDUCTOR,NO,NO
2023,DMQ00320012023,0,0,DMQ,-0.208618,-78.495508,17,PICHINCHA,1701,QUITO,170150,QUITO,6 DE DICIEMBRE Y PATRIA,ZONA 9,URBANA,ND,ND,ND,ND,15/01/2023,3:20:00,DE 03H00 A 03H59,3,domingo,7,ENERO,1,NO,C06,"CONDUCE BAJO LA INFLUENCIA DE ALCOHOL, SUSTANCIAS ESTUPEFACIENTES O PSICOTRÓPICAS Y/O MEDICAMENTOS.",CHOQUE POSTERIOR,AUTOMÓVIL,PARTICULAR,2,0,0,0,0,0,0,0,0,0,0,0,0,2,LICENCIA,24,HOMBRE,ILESO,CONDUCTOR,NO,NO
2023,DMQ00322012023,0,0,DMQ,-0.306886,-78.558327,17,PICHINCHA,1701,QUITO,170150,QUITO,VIA A LA ECUATORIANA Y MARISCAL SUCRE,ZONA 9,URBANA,ND,ND,ND,ND,15/01/2023,4:00:00,DE 04H00 A 04H59,4,domingo,7,ENERO,1,NO,C09,CONDUCIR VEHÍCULO SUPERANDO LOS LÍMITES MÁXIMOS DE VELOCIDAD.,OTROS,MOTOCICLETA,PARTICULAR,0,0,0,0,0,0,0,0,1,0,0,0,0,1,NO IDENTIFICADO,-1,NO IDENTIFICADO,NO IDENTIFICADO,CONDUCTOR,NO,NO
2023,DMQ00324012023,3,0,DMQ,-0.165794,-78.452753,17,PICHINCHA,1701,QUITO,170150,QUITO,SIMON BOLIVAR Y GRANADOS,ZONA 9,URBANA,ND,ND,ND,ND,15/01/2023,9:00:00,DE 09H00 A 09H59,9,domingo,7,ENERO,1,NO,C09,CONDUCIR VEHÍCULO SUPERANDO LOS LÍMITES MÁXIMOS DE VELOCIDAD.,PÉRDIDA DE CARRIL,CAMIÓN,CUENTA PROPIA,0,0,0,1,0,0,0,0,0,0,0,0,0,1,CÉDULA,25,HOMBRE,LESIONADO,PASAJERO,NO,NO
2023,DMQ00328012023,2,0,DMQ,-0.286201,-78.459021,17,PICHINCHA,1701,QUITO,170151,ALANGASI,RIO COCA Y RIO AMAZONAS,ZONA 9,RURAL,ND,ND,ND,ND,15/01/2023,15:05:00,DE 15H00 A 15H59,15,domingo,7,ENERO,1,NO,C09,CONDUCIR VEHÍCULO SUPERANDO LOS LÍMITES MÁXIMOS DE VELOCIDAD.,ESTRELLAMIENTOS,AUTOMÓVIL,PARTICULAR,1,0,0,0,0,0,0,0,0,0,0,0,0,1,CÉDULA,39,MUJER,LESIONADO,PASAJERO,NO,NO
2023,PNE00096012023,0,1,PNE,-0.042911,-78.296034,17,PICHINCHA,1701,QUITO,170163,GUAYLLABAMBA,E28  B  KM  5  -,ZONA 9,RURAL,70,SANTA ROSA DE CUSUBAMBA - GUAYLLABAMBA,E283,COLECTORA,15/01/2023,19:45:00,DE 19H00 A 19H59,19,domingo,7,ENERO,1,NO,C14,"CONDUCIR DESATENTO A LAS CONDICIONES DE TRÁNSITO (CELULAR, PANTALLAS DE VIDEO, COMIDA, MAQUILLAJE O CUALQUIER OTRO ELEMENTO DISTRACTOR).",PÉRDIDA DE CARRIL,NO IDENTIFICADO,PARTICULAR,0,0,0,0,0,0,0,0,0,1,0,0,0,1,LICENCIA,29,HOMBRE,FALLECIDO,CONDUCTOR,NO,SI
2023,DMQ00330012023,1,0,DMQ,-0.279569,-78.515516,17,PICHINCHA,1701,QUITO,170150,QUITO,SIMON BOLIVAR Y PASAJE C.E FRENTE A LA FERRETERIA ANDY,ZONA 9,URBANA,ND,ND,ND,ND,15/01/2023,20:00:00,DE 20H00 A 20H59,20,domingo,7,ENERO,1,NO,C09,CONDUCIR VEHÍCULO SUPERANDO LOS LÍMITES MÁXIMOS DE VELOCIDAD.,CHOQUE FRONTAL,MOTOCICLETA,PARTICULAR,1,0,0,0,0,0,0,0,1,0,0,0,0,2,LICENCIA,38,HOMBRE,LESIONADO,CONDUCTOR,NO,NO
2023,PNE00097012023,0,2,PNE,-0.449411,-78.585734,17,PICHINCHA,1703,MEJIA,170351,ALOAG,BAYAS    -  VIA  LEONAN  Sector  Opar  Pacha,ZONA 2,RURAL,ND,ND,ND,ND,15/01/2023,20:00:40,DE 20H00 A 20H59,20,domingo,7,ENERO,1,NO,C18,CONDUCIR EN SENTIDO CONTRARIO A LA VÍA NORMAL DE CIRCULACIÓN.,CHOQUE FRONTAL,CAMIÓN,PARTICULAR,0,0,0,1,0,0,0,0,0,0,0,0,0,1,LICENCIA,19,HOMBRE,FALLECIDO,CONDUCTOR,NO,SI
2023,DMQ00331012023,0,0,DMQ,-0.310363,-78.556253,17,PICHINCHA,1701,QUITO,170150,QUITO,OE3K Y S46C,ZONA 9,URBANA,ND,ND,ND,ND,15/01/2023,20:20:00,DE 20H00 A 20H59,20,domingo,7,ENERO,1,NO,C25,NO CEDER EL DERECHO DE VÍA O PREFERENCIA DE PASO A VEHÍCULOS.,CHOQUE LATERAL,CAMIÓN,CUENTA PROPIA,1,0,0,1,0,0,0,0,0,0,0,0,0,2,LICENCIA,35,HOMBRE,ILESO,CONDUCTOR,NO,NO
2023,DMQ00332012023,1,0,DMQ,0.141974,-78.767638,17,PICHINCHA,1701,QUITO,170172,PACTO,27 DE MARZO Y ESPAÑA,ZONA 9,RURAL,ND,ND,ND,ND,15/01/2023,20:30:00,DE 20H00 A 20H59,20,domingo,7,ENERO,1,NO,C16,NO TRANSITAR POR LAS ACERAS O ZONAS DE SEGURIDAD DESTINADAS PARA EL EFECTO.,ATROPELLOS,AUTOMÓVIL,PARTICULAR,1,0,0,0,0,0,0,0,0,0,0,0,0,1,CÉDULA,6,MUJER,LESIONADO,PEATÓN,NO,NO
2023,DMQ00335012023,0,0,DMQ,-0.310001,-78.546018,17,PICHINCHA,1701,QUITO,170150,QUITO,MALDONADO Y LA COCHA,ZONA 9,URBANA,ND,ND,ND,ND,15/01/2023,21:30:00,DE 21H00 A 21H59,21,domingo,7,ENERO,1,NO,C06,"CONDUCE BAJO LA INFLUENCIA DE ALCOHOL, SUSTANCIAS ESTUPEFACIENTES O PSICOTRÓPICAS Y/O MEDICAMENTOS.",COLISIÓN,CAMIONETA,PARTICULAR,4,0,0,0,1,0,0,0,0,0,0,0,0,5,LICENCIA,47,HOMBRE,ILESO,CONDUCTOR,NO,NO
2023,DMQ00337012023,0,0,DMQ,-0.177121,-78.479721,17,PICHINCHA,1701,QUITO,170150,QUITO,NACIONES UNIDAS Y REPUBLICA DE EL SALVADOR,ZONA 9,URBANA,ND,ND,ND,ND,15/01/2023,23:30:00,DE 23H00 A 23H59,23,domingo,7,ENERO,1,NO,C23,"NO RESPETAR LAS SEÑALES REGLAMENTARIAS DE TRÁNSITO. (PARE, CEDA EL PASO, LUZ ROJA DEL SEMAFORO, ETC).",CHOQUE LATERAL,CAMIÓN,CUENTA PROPIA,1,0,0,1,0,0,0,0,0,0,0,0,0,2,LICENCIA,83,HOMBRE,ILESO,CONDUCTOR,NO,NO
2023,DMQ00340012023,0,0,DMQ,-0.258463,-78.522647,17,PICHINCHA,1701,QUITO,170150,QUITO,MALDONADO Y PUJILI,ZONA 9,URBANA,ND,ND,ND,ND,16/01/2023,5:30:00,DE 05H00 A 05H59,5,lunes,1,ENERO,1,NO,C09,CONDUCIR VEHÍCULO SUPERANDO LOS LÍMITES MÁXIMOS DE VELOCIDAD.,OTROS,AUTOMÓVIL,PARTICULAR,1,0,0,0,0,0,0,0,0,0,0,0,0,1,NO IDENTIFICADO,-1,NO IDENTIFICADO,NO IDENTIFICADO,CONDUCTOR,NO,NO
2023,DMQ00341012023,0,0,DMQ,-0.354605,-78.549307,17,PICHINCHA,1701,QUITO,170150,QUITO,MALDONADO Y PATRICIO ROMERO BARBERIS,ZONA 9,URBANA,56,TAMBILLO - CUTUGLAGUA,E28A,COLECTORA,16/01/2023,6:15:00,DE 06H00 A 06H59,6,lunes,1,ENERO,1,NO,C09,CONDUCIR VEHÍCULO SUPERANDO LOS LÍMITES MÁXIMOS DE VELOCIDAD.,OTROS,AUTOMÓVIL,PARTICULAR,1,0,0,0,0,0,0,0,0,0,0,0,0,1,NO IDENTIFICADO,-1,NO IDENTIFICADO,NO IDENTIFICADO,CONDUCTOR,NO,NO
2023,DMQ00346012023,1,0,DMQ,-0.192339,-78.454381,17,PICHINCHA,1701,QUITO,170170,NAYON,SIMON BOLIVAR Y BIFURCACION DE LA AVENIDA OSWALDO GUAYASAMIN,ZONA 9,URBANA,ND,ND,ND,ND,16/01/2023,11:20:00,DE 11H00 A 11H59,11,lunes,1,ENERO,1,NO,C09,CONDUCIR VEHÍCULO SUPERANDO LOS LÍMITES MÁXIMOS DE VELOCIDAD.,ESTRELLAMIENTOS,CAMIÓN,CUENTA PROPIA,1,0,0,1,0,0,0,0,0,0,0,0,0,2,CÉDULA,1,MUJER,LESIONADO,PASAJERO,NO,NO
2023,DMQ00349012023,1,0,DMQ,-0.326583,-78.550293,17,PICHINCHA,1701,QUITO,170150,QUITO,MALDONADO Y ANTONIO PRIETO,ZONA 9,URBANA,ND,ND,ND,ND,16/01/2023,13:10:00,DE 13H00 A 13H59,13,lunes,1,ENERO,1,NO,C15,DEJAR O RECOGER PASAJEROS EN LUGARES NO PERMITIDOS.,CAÍDA DE PASAJERO,BUS,PÚBLICO,0,0,1,0,0,0,0,0,0,0,0,0,0,1,CÉDULA,22,HOMBRE,LESIONADO,PASAJERO,NO,NO
2023,DMQ00350012023,0,0,DMQ,-0.202673,-78.492491,17,PICHINCHA,1701,QUITO,170150,QUITO,JUAN LEON MERA Y WILSON,ZONA 9,URBANA,ND,ND,ND,ND,16/01/2023,14:50:00,DE 14H00 A 14H59,14,lunes,1,ENERO,1,NO,C25,NO CEDER EL DERECHO DE VÍA O PREFERENCIA DE PASO A VEHÍCULOS.,CHOQUE LATERAL,AUTOMÓVIL,PARTICULAR,2,0,0,0,0,0,0,0,0,0,0,0,0,2,LICENCIA,67,HOMBRE,ILESO,CONDUCTOR,NO,NO
2023,DMQ00354012023,0,0,DMQ,-0.174561,-78.492691,17,PICHINCHA,1701,QUITO,170150,QUITO,NACIONES UNIDAS Y AMERICA,ZONA 9,URBANA,ND,ND,ND,ND,16/01/2023,18:25:00,DE 18H00 A 18H59,18,lunes,1,ENERO,1,NO,C23,"NO RESPETAR LAS SEÑALES REGLAMENTARIAS DE TRÁNSITO. (PARE, CEDA EL PASO, LUZ ROJA DEL SEMAFORO, ETC).",CHOQUE LATERAL,AUTOMÓVIL,PARTICULAR,2,0,0,0,0,0,0,0,0,0,0,0,0,2,LICENCIA,33,HOMBRE,ILESO,CONDUCTOR,NO,NO
2023,DMQ00355012023,3,0,DMQ,-0.248587,-78.528218,17,PICHINCHA,1701,QUITO,170150,QUITO,ALONSO DE ANGULO Y JIPIJAPA,ZONA 9,URBANA,ND,ND,ND,ND,16/01/2023,19:00:00,DE 19H00 A 19H59,19,lunes,1,ENERO,1,NO,C25,NO CEDER EL DERECHO DE VÍA O PREFERENCIA DE PASO A VEHÍCULOS.,CHOQUE LATERAL,MOTOCICLETA,PARTICULAR,1,0,0,0,0,0,0,0,1,0,0,0,0,2,LICENCIA,25,HOMBRE,LESIONADO,CONDUCTOR,NO,NO
2023,DMQ00356012023,1,0,DMQ,-0.238871,-78.533172,17,PICHINCHA,1701,QUITO,170150,QUITO,ZARUMA Y GUACHAPALA,ZONA 9,URBANA,ND,ND,ND,ND,16/01/2023,19:00:00,DE 19H00 A 19H59,19,lunes,1,ENERO,1,NO,C26,NO CEDER EL DERECHO DE VÍA O PREFERENCIA DE PASO AL PEATÓN.,ATROPELLOS,NO IDENTIFICADO,PARTICULAR,0,0,0,0,0,0,0,0,0,1,0,0,0,1,CÉDULA,8,HOMBRE,LESIONADO,PEATÓN,NO,NO
2023,CTE00284012023,0,0,CTE,-0.331667,-78.871333,17,PICHINCHA,1703,MEJIA,170355,MANUEL CORNEJO ASTORGA,RED VIAL ESTATAL E-20 KM 61 SANTO DOMINGO QUITO,ZONA 2,RURAL,332,TANDAPI - LIMITE PROVINCIAL ENTRE PICHINCHA Y SANTO DOMINGO,E20,ARTERIAL,17/01/2023,6:30:00,DE 06H00 A 06H59,6,martes,2,ENERO,1,NO,C14,"CONDUCIR DESATENTO A LAS CONDICIONES DE TRÁNSITO (CELULAR, PANTALLAS DE VIDEO, COMIDA, MAQUILLAJE O CUALQUIER OTRO ELEMENTO DISTRACTOR).",PÉRDIDA DE CARRIL,VEHÍCULO DEPORTIVO UTILITARIO,PARTICULAR,0,0,0,0,0,0,0,0,0,0,0,0,1,1,NO IDENTIFICADO,-1,HOMBRE,ILESO,CONDUCTOR,NO,NO
2023,DMQ00365012023,0,0,DMQ,-0.234787,-78.488291,17,PICHINCHA,1701,QUITO,170150,QUITO,SIMON BOLIVAR Y AUTOPISTA GENERAL RUMIÑAHUI,ZONA 9,URBANA,ND,ND,ND,ND,17/01/2023,8:05:00,DE 08H00 A 08H59,8,martes,2,ENERO,1,NO,C11,NO MANTENER LA DISTANCIA PRUDENCIAL CON RESPECTO AL VEHÍCULO QUE LE ANTECEDE.,COLISIÓN,ESPECIAL,CUENTA PROPIA,1,0,0,0,1,0,1,0,0,0,0,0,0,3,LICENCIA,32,HOMBRE,ILESO,CONDUCTOR,NO,NO
2023,DMQ00366012023,0,0,DMQ,-0.202296,-78.430188,17,PICHINCHA,1701,QUITO,170157,CUMBAYA,MARIA ANGELICA IDROVO Y ALBA CALDERON,ZONA 9,RURAL,ND,ND,ND,ND,17/01/2023,8:10:00,DE 08H00 A 08H59,8,martes,2,ENERO,1,NO,C23,"NO RESPETAR LAS SEÑALES REGLAMENTARIAS DE TRÁNSITO. (PARE, CEDA EL PASO, LUZ ROJA DEL SEMAFORO, ETC).",CHOQUE LATERAL,MOTOCICLETA,PARTICULAR,1,0,0,0,0,0,0,0,1,0,0,0,0,2,LICENCIA,31,HOMBRE,ILESO,CONDUCTOR,NO,NO