ANIO,SINIESTROS,LESIONADOS,FALLECIDOS,ENTE_DE_CONTROL,LATITUD_Y,LONGITUD_X,DPA_1,PROVINCIA,DPA_2,CANTON,DPA_3,PARROQUIA,DIRECCION,ZONA_PLANIFICACION,ZONA,ID_DE_LA_VIA,NOMBRE_DE_LA_VIA,UBICACION_DE_LA_VIA,JERARQUIA_DE_LA_VIA,FECHA,HORA,PERIODO_1,PERIODO_2,DIA_1,DIA_2,MES_1,MES_2,FERIADO,CODIGO_CAUSA,CAUSA_PROBABLE,TIPO_DE_SINIESTRO,TIPO_DE_VEHICULO_1,SERVICIO_1,AUTOMOVIL,BICICLETA,BUS,CAMION,CAMIONETA,EMERGENCIAS,ESPECIAL,FURGONETA,MOTOCICLETA,NO_IDENTIFICADO,SCOOTER_ELECTRICO,TRICIMOTO,VEHICULO_DEPORTIVO_UTILITARIO,SUMA_DE_VEHICULOS,TIPO_ID_1,EDAD_1,SEXO_1,CONDICION_1,PARTICIPANTE_1,CASCO_1,CINTURON_1
2023,DMQ00461012023,1,0,DMQ,-0.279066,-78.552696,17,PICHINCHA,1701,QUITO,170150,QUITO,MARISCAL SUCRE Y MORAN VALVERDE,ZONA 9,URBANA,ND,ND,ND,ND,22/01/2023,4:50:00,DE 04H00 A 04H59,4,domingo,7,ENERO,1,NO,C23,"NO RESPETAR LAS SEÑALES REGLAMENTARIAS DE TRÁNSITO. (PARE, CEDA EL PASO, LUZ ROJA DEL SEMAFORO, ETC).",CHOQUE LATERAL,MOTOCICLETA,PARTICULAR,1,0,0,0,0,0,0,0,1,0,0,0,0,2,LICENCIA,31,HOMBRE,LESIONADO,CONDUCTOR,NO,NO
2023,DMQ00463012023,0,0,DMQ,-0.330351,-78.519314,17,PICHINCHA,1701,QUITO,170150,QUITO,SIMON BOLIVAR Y FRENTE A LA ESCOMBRADERA DE EL TROJE,ZONA 9,URBANA,ND,ND,ND,ND,22/01/2023,6:20:00,DE 06H00 A 06H59,6,domingo,7,ENERO,1,NO,C09,CONDUCIR VEHÍCULO SUPERANDO LOS LÍMITES MÁXIMOS DE VELOCIDAD.,ESTRELLAMIENTOS,AUTOMÓVIL,PARTICULAR,1,0,0,0,0,0,0,0,0,0,0,0,0,1,LICENCIA,35,HOMBRE,ILESO,CONDUCTOR,NO,NO
2023,DMQ00466012023,0,0,DMQ,-0.286817,-78.489174,17,PICHINCHA,1701,QUITO,170156,CONOCOTO,CAMILO PONCE ENRIQUEZ Y HUAYNA CAPAC,ZONA 9,RURAL,ND,ND,ND,ND,22/01/2023,9:30:00,DE 09H00 A 09H59,9,domingo,7,ENERO,1,NO,C09,CONDUCIR VEHÍCULO SUPERANDO LOS LÍMITES MÁXIMOS DE VELOCIDAD.,ESTRELLAMIENTOS,AUTOMÓVIL,PARTICULAR,1,0,0,0,0,0,0,0,0,0,0,0,0,1,NO IDENTIFICADO,-1,NO IDENTIFICADO,NO IDENTIFICADO,CONDUCTOR,NO,NO
2023,DMQ00471012023,0,0,DMQ,-0.235447,-78.471905,17,PICHINCHA,1701,QUITO,170150,QUITO,SIMON BOLIVAR Y SECTOR UNIVERSIDAD INTERNACIONAL,ZONA 9,RURAL,ND,ND,ND,ND,22/01/2023,14:55:00,DE 14H00 A 14H59,14,domingo,7,ENERO,1,NO,C09,CONDUCIR VEHÍCULO SUPERANDO LOS LÍMITES MÁXIMOS DE VELOCIDAD.,OTROS,AUTOMÓVIL,PARTICULAR,1,0,0,0,0,0,0,0,0,0,0,0,0,1,NO IDENTIFICADO,-1,NO IDENTIFICADO,NO IDENTIFICADO,CONDUCTOR,NO,NO
2023,CTE00381012023,0,0,CTE,-0.444772,-78.680131,17,PICHINCHA,1703,MEJIA,170351,ALOAG,RED VIAL ESTATAL E-20 KM 21+700 SENTIDO STO.DOMINGO-ALOAG,ZONA 2,RURAL,331,ALOAG (OBELISCO) - TANDAPI,E20,ARTERIAL,22/01/2023,15:45:00,DE 15H00 A 15H59,15,domingo,7,ENERO,1,NO,C14,"CONDUCIR DESATENTO A LAS CONDICIONES DE TRÁNSITO (CELULAR, PANTALLAS DE VIDEO, COMIDA, MAQUILLAJE O CUALQUIER OTRO ELEMENTO DISTRACTOR).",PÉRDIDA DE CARRIL,CAMIÓN,PÚBLICO,0,0,0,2,0,0,0,0,0,0,0,0,0,2,LICENCIA,32,HOMBRE,ILESO,CONDUCTOR,NO,NO
2023,DMQ00472012023,0,0,DMQ,-0.162947,-78.475523,17,PICHINCHA,1701,QUITO,170150,QUITO,6 DE DICIEMBRE Y RIO COCA,ZONA 9,URBANA,ND,ND,ND,ND,22/01/2023,16:20:00,DE 16H00 A 16H59,16,domingo,7,ENERO,1,NO,C09,CONDUCIR VEHÍCULO SUPERANDO LOS LÍMITES MÁXIMOS DE VELOCIDAD.,ESTRELLAMIENTOS,AUTOMÓVIL,PARTICULAR,1,0,0,0,0,0,0,0,0,0,0,0,0,1,NO IDENTIFICADO,-1,NO IDENTIFICADO,NO IDENTIFICADO,CONDUCTOR,NO,NO
2023,DMQ00474012023,0,0,DMQ,-0.194894,-78.494732,17,PICHINCHA,1701,QUITO,170150,QUITO,10 DE AGOSTO Y ORELLANA,ZONA 9,URBANA,ND,ND,ND,ND,22/01/2023,17:10:00,DE 17H00 A 17H59,17,domingo,7,ENERO,1,NO,C25,NO CEDER EL DERECHO DE VÍA O PREFERENCIA DE PASO A VEHÍCULOS.,CHOQUE LATERAL,AUTOMÓVIL,PARTICULAR,2,0,0,0,0,0,0,0,0,0,0,0,0,2,LICENCIA,18,HOMBRE,ILESO,CONDUCTOR,NO,NO
2023,DMQ00477012023,0,0,DMQ,-0.285631,-78.499171,17,PICHINCHA,1701,QUITO,170156,CONOCOTO,PRINCESA TOA Y PACHACUTEC,ZONA 9,RURAL,ND,ND,ND,ND,22/01/2023,18:05:00,DE 18H00 A 18H59,18,domingo,7,ENERO,1,NO,C09,CONDUCIR VEHÍCULO SUPERANDO LOS LÍMITES MÁXIMOS DE VELOCIDAD.,ESTRELLAMIENTOS,AUTOMÓVIL,PARTICULAR,1,0,0,0,0,0,0,0,0,0,0,0,0,1,LICENCIA,52,HOMBRE,ILESO,CONDUCTOR,NO,NO
2023,DMQ00479012023,0,0,DMQ,-0.061073,-78.508462,17,PICHINCHA,1701,QUITO,170150,QUITO,CATZUQUI DE VELASCO Y CANGAHUA,ZONA 9,URBANA,ND,ND,ND,ND,22/01/2023,19:36:00,DE 19H00 A 19H59,19,domingo,7,ENERO,1,NO,C22,"ADELANTAR O REBASAR A OTRO VEHÍCULO EN MOVIMIENTO EN ZONAS O SITIOS PELIGROSOS TALES COMO: CURVAS, PUENTES, TÚNELES, PENDIENTES, ETC.",CHOQUE FRONTAL,CAMIONETA,PARTICULAR,1,0,0,0,1,0,0,0,0,0,0,0,0,2,LICENCIA,48,HOMBRE,ILESO,CONDUCTOR,NO,NO
2023,PNE00131012023,0,0,PNE,-0.188414,-78.336916,17,PICHINCHA,1701,QUITO,170183,TABABELA,E  35  NORTE    -  KM  235+750,ZONA 9,RURAL,62,CUSUBAMBA - PIFO,E35,ARTERIAL,22/01/2023,20:20:00,DE 20H00 A 20H59,20,domingo,7,ENERO,1,NO,C14,"CONDUCIR DESATENTO A LAS CONDICIONES DE TRÁNSITO (CELULAR, PANTALLAS DE VIDEO, COMIDA, MAQUILLAJE O CUALQUIER OTRO ELEMENTO DISTRACTOR).",CHOQUE POSTERIOR,CAMIONETA,ESTADO,1,0,0,0,1,0,0,0,0,0,0,0,0,2,LICENCIA,61,HOMBRE,ILESO,CONDUCTOR,NO,SI
2023,DMQ00484012023,1,0,DMQ,-0.314591,-78.558316,17,PICHINCHA,1701,QUITO,170150,QUITO,"MARISCAL SUCRE Y 47D DIAGONAL A VARIEDADES ""MIS DOS PRINCESAS""",ZONA 9,URBANA,ND,ND,ND,ND,23/01/2023,2:05:00,DE 02H00 A 02H59,2,lunes,1,ENERO,1,NO,C26,NO CEDER EL DERECHO DE VÍA O PREFERENCIA DE PASO AL PEATÓN.,ARROLLAMIENTOS,NO IDENTIFICADO,PARTICULAR,0,0,0,0,0,0,0,0,0,1,0,0,0,1,CÉDULA,23,HOMBRE,LESIONADO,PEATÓN,NO,NO
2023,PNE00139012023,0,1,PNE,-0.289341,-78.466191,17,PICHINCHA,1701,QUITO,170156,CONOCOTO,AV.  GRAL.  RUMINAHUI  -,ZONA 9,RURAL,ND,ND,ND,ND,23/01/2023,7:15:00,DE 07H00 A 07H59,7,lunes,1,ENERO,1,NO,C09,CONDUCIR VEHÍCULO SUPERANDO LOS LÍMITES MÁXIMOS DE VELOCIDAD.,ATROPELLOS,NO IDENTIFICADO,PARTICULAR,0,0,0,0,0,0,0,0,0,1,0,0,0,1,NO IDENTIFICADO,65,MUJER,FALLECIDO,PEATÓN,NO,SI
2023,DMQ00489012023,0,1,DMQ,-0.204684,-78.502331,17,PICHINCHA,1701,QUITO,170150,QUITO,AMERICA Y 18 DE SEPTIEMBRE,ZONA 9,URBANA,ND,ND,ND,ND,23/01/2023,10:35:00,DE 10H00 A 10H59,10,lunes,1,ENERO,1,NO,C27,PEATÓN QUE CRUZA LA CALZADA SIN RESPETAR LA SEÑALIZACIÓN EXISTENTE (SEMÁFOROS O SEÑALES MANUALES).,ATROPELLOS,CAMIONETA,PARTICULAR,0,0,0,0,1,0,0,0,0,0,0,0,0,1,CÉDULA,78,HOMBRE,FALLECIDO,PEATÓN,NO,NO
2023,DMQ00490012023,1,0,DMQ,-0.105539,-78.426245,17,PICHINCHA,1701,QUITO,170155,CALDERON (CARAPUNGO),CARAPUNGO Y 9 DE AGOSTO,ZONA 9,RURAL,ND,ND,ND,ND,23/01/2023,11:30:00,DE 11H00 A 11H59,11,lunes,1,ENERO,1,NO,C09,CONDUCIR VEHÍCULO SUPERANDO LOS LÍMITES MÁXIMOS DE VELOCIDAD.,ESTRELLAMIENTOS,AUTOMÓVIL,PARTICULAR,2,0,0,0,0,0,0,0,0,0,0,0,0,2,CÉDULA,32,MUJER,LESIONADO,PASAJERO,NO,NO
2023,DMQ00491012023,1,0,DMQ,-0.212841,-78.506035,17,PICHINCHA,1701,QUITO,170150,QUITO,LUIS DAVILA Y VENEZUELA,ZONA 9,URBANA,ND,ND,ND,ND,23/01/2023,12:30:00,DE 12H00 A 12H59,12,lunes,1,ENERO,1,NO,C16,NO TRANSITAR POR LAS ACERAS O ZONAS DE SEGURIDAD DESTINADAS PARA EL EFECTO.,ATROPELLOS,AUTOMÓVIL,PARTICULAR,1,0,0,0,0,0,0,0,0,0,0,0,0,1,CÉDULA,8,HOMBRE,LESIONADO,PEATÓN,NO,NO
2023,PNE00140012023,0,0,PNE,-0.082575,-78.483338,17,PICHINCHA,1701,QUITO,170150,QUITO,AV.  MANUEL  CORDOVA  GALARZA  -  SIN  NOMBRE,ZONA 9,URBANA,52,QUITO - POMASQUI - REDONDEL MITAD DEL MUNDO,E28,COLECTORA,23/01/2023,14:30:00,DE 14H00 A 14H59,14,lunes,1,ENERO,1,NO,C14,"CONDUCIR DESATENTO A LAS CONDICIONES DE TRÁNSITO (CELULAR, PANTALLAS DE VIDEO, COMIDA, MAQUILLAJE O CUALQUIER OTRO ELEMENTO DISTRACTOR).",CHOQUE POSTERIOR,FURGONETA,PARTICULAR,1,0,0,0,0,0,0,1,0,0,0,0,0,2,LICENCIA,61,HOMBRE,ILESO,CONDUCTOR,NO,SI
2023,DMQ00497012023,0,0,DMQ,-0.163801,-78.475265,17,PICHINCHA,1701,QUITO,170150,QUITO,6 DE DICIEMBRE Y RIO COCA,ZONA 9,URBANA,ND,ND,ND,ND,23/01/2023,19:20:00,DE 19H00 A 19H59,19,lunes,1,ENERO,1,NO,C23,"NO RESPETAR LAS SEÑALES REGLAMENTARIAS DE TRÁNSITO. (PARE, CEDA EL PASO, LUZ ROJA DEL SEMAFORO, ETC).",CHOQUE LATERAL,MOTOCICLETA,PARTICULAR,1,0,0,0,0,0,0,0,1,0,0,0,0,2,LICENCIA,25,HOMBRE,ILESO,CONDUCTOR,NO,NO
2023,DMQ00499012023,1,0,DMQ,-0.295671,-78.409522,17,PICHINCHA,1701,QUITO,170164,LA MERCED,LUIS RIVADENEIRA Y CESAR ENRIQUE BALSECA,ZONA 9,RURAL,ND,ND,ND,ND,23/01/2023,20:30:00,DE 20H00 A 20H59,20,lunes,1,ENERO,1,NO,C23,"NO RESPETAR LAS SEÑALES REGLAMENTARIAS DE TRÁNSITO. (PARE, CEDA EL PASO, LUZ ROJA DEL SEMAFORO, ETC).",CHOQUE LATERAL,NO IDENTIFICADO,PARTICULAR,0,0,0,0,0,0,0,0,0,2,0,0,0,2,LICENCIA,19,HOMBRE,LESIONADO,CONDUCTOR,NO,NO
2023,DMQ00500012023,1,0,DMQ,-0.175683,-78.485493,17,PICHINCHA,1701,QUITO,170150,QUITO,AMAZONAS Y NACIONES UNIDAS,ZONA 9,URBANA,ND,ND,ND,ND,23/01/2023,20:40:00,DE 20H00 A 20H59,20,lunes,1,ENERO,1,NO,C16,NO TRANSITAR POR LAS ACERAS O ZONAS DE SEGURIDAD DESTINADAS PARA EL EFECTO.,ATROPELLOS,AUTOMÓVIL,PARTICULAR,1,0,0,0,0,0,0,0,0,0,0,0,0,1,CÉDULA,22,MUJER,LESIONADO,PEATÓN,NO,NO
2023,DMQ00501012023,0,0,DMQ,-0.311107,-78.552478,17,PICHINCHA,1701,QUITO,170150,QUITO,QUITUMBE ÑAN Y S46D,ZONA 9,URBANA,ND,ND,ND,ND,24/01/2023,0:45:00,DE 00H00 A 00H59,0,martes,2,ENERO,1,NO,C09,CONDUCIR VEHÍCULO SUPERANDO LOS LÍMITES MÁXIMOS DE VELOCIDAD.,ESTRELLAMIENTOS,CAMIONETA,PARTICULAR,1,0,0,0,1,0,0,0,0,0,0,0,0,2,LICENCIA,39,MUJER,ILESO,CONDUCTOR,NO,NO
2023,DMQ00504012023,1,0,DMQ,-0.261935,-78.530631,17,PICHINCHA,1701,QUITO,170150,QUITO,TENIENTE HUGO ORTIZ Y MAXIMILIANO ONTANEDA,ZONA 9,URBANA,ND,ND,ND,ND,24/01/2023,12:45:00,DE 12H00 A 12H59,12,martes,2,ENERO,1,NO,C16,NO TRANSITAR POR LAS ACERAS O ZONAS DE SEGURIDAD DESTINADAS PARA EL EFECTO.,ATROPELLOS,BUS,PÚBLICO,0,0,1,0,0,0,0,0,0,0,0,0,0,1,CÉDULA,13,MUJER,LESIONADO,PEATÓN,NO,NO
2023,DMQ00507012023,1,0,DMQ,-0.113233,-78.490224,17,PICHINCHA,1701,QUITO,170150,QUITO,DIEGO VASQUEZ DE CEPEDA Y BARTOLOME DE ZAMORA,ZONA 9,URBANA,ND,ND,ND,ND,24/01/2023,15:50:00,DE 15H00 A 15H59,15,martes,2,ENERO,1,NO,C16,NO TRANSITAR POR LAS ACERAS O ZONAS DE SEGURIDAD DESTINADAS PARA EL EFECTO.,ATROPELLOS,AUTOMÓVIL,PARTICULAR,1,0,0,0,0,0,0,0,0,0,0,0,0,1,NO IDENTIFICADO,40,HOMBRE,LESIONADO,PEATÓN,NO,NO
2023,PNE00143012023,1,0,PNE,-0.307571,-78.447602,17,PICHINCHA,1705,RUMIÑAHUI,170550,SANGOLQUI,AV.  GRAL.  RUMINAHUI  -  AV.  SAN  LUIS,ZONA 2,RURAL,ND,ND,ND,ND,24/01/2023,17:45:00,DE 17H00 A 17H59,17,martes,2,ENERO,1,NO,C14,"CONDUCIR DESATENTO A LAS CONDICIONES DE TRÁNSITO (CELULAR, PANTALLAS DE VIDEO, COMIDA, MAQUILLAJE O CUALQUIER OTRO ELEMENTO DISTRACTOR).",ATROPELLOS,NO IDENTIFICADO,PARTICULAR,0,0,0,0,0,0,0,0,0,1,0,0,0,1,CÉDULA,61,HOMBRE,LESIONADO,PEATÓN,NO,SI
2023,DMQ00511012023,5,0,DMQ,-0.266913,-78.472205,17,PICHINCHA,1701,QUITO,170156,CONOCOTO,SEBASTIAN DE BENALCAZAR Y RICARDO DESCALZI DEL CASTILLO,ZONA 9,RURAL,ND,ND,ND,ND,24/01/2023,21:50:00,DE 21H00 A 21H59,21,martes,2,ENERO,1,NO,C06,"CONDUCE BAJO LA INFLUENCIA DE ALCOHOL, SUSTANCIAS ESTUPEFACIENTES O PSICOTRÓPICAS Y/O MEDICAMENTOS.",CHOQUE LATERAL,AUTOMÓVIL,PARTICULAR,2,0,0,0,0,0,0,0,0,0,0,0,0,2,LICENCIA,40,HOMBRE,LESIONADO,CONDUCTOR,NO,NO
2023,DMQ00512012023,2,0,DMQ,-0.129315,-78.481169,17,PICHINCHA,1701,QUITO,170150,QUITO,GALO PLAZA LASSO Y LUIS TUFIÑO,ZONA 9,URBANA,ND,ND,ND,ND,24/01/2023,23:35:00,DE 23H00 A 23H59,23,martes,2,ENERO,1,NO,C11,NO MANTENER LA DISTANCIA PRUDENCIAL CON RESPECTO AL VEHÍCULO QUE LE ANTECEDE.,CHOQUE POSTERIOR,AUTOMÓVIL,COMERCIAL,2,0,0,0,0,0,0,0,0,0,0,0,0,2,LICENCIA,29,HOMBRE,LESIONADO,CONDUCTOR,NO,NO
2023,DMQ00515012023,1,0,DMQ,-0.118677,-78.492117,17,PICHINCHA,1701,QUITO,170150,QUITO,DIEGO VASQUEZ DE CEPEDA Y MANTA,ZONA 9,URBANA,ND,ND,ND,ND,25/01/2023,2:20:00,DE 02H00 A 02H59,2,miércoles,3,ENERO,1,NO,C09,CONDUCIR VEHÍCULO SUPERANDO LOS LÍMITES MÁXIMOS DE VELOCIDAD.,PÉRDIDA DE CARRIL,MOTOCICLETA,PARTICULAR,0,0,0,0,0,0,0,0,1,0,0,0,0,1,PASAPORTE,26,MUJER,LESIONADO,PASAJERO,NO,NO
2023,DMQ00521012023,4,0,DMQ,-0.214251,-78.491223,17,PICHINCHA,1701,QUITO,170150,QUITO,QUESERAS DEL MEDIO Y AIME BONPLAND,ZONA 9,URBANA,ND,ND,ND,ND,25/01/2023,23:50:00,DE 23H00 A 23H59,23,miércoles,3,ENERO,1,NO,C06,"CONDUCE BAJO LA INFLUENCIA DE ALCOHOL, SUSTANCIAS ESTUPEFACIENTES O PSICOTRÓPICAS Y/O MEDICAMENTOS.",CHOQUE POSTERIOR,AUTOMÓVIL,PARTICULAR,2,0,0,0,0,0,0,0,0,0,0,0,0,2,CÉDULA,29,HOMBRE,LESIONADO,PASAJERO,NO,NO
2023,DMQ00522012023,2,0,DMQ,-0.103809,-78.424674,17,PICHINCHA,1701,QUITO,170155,CALDERON (CARAPUNGO),CARAPUNGO Y DUCHICELA,ZONA 9,RURAL,ND,ND,ND,ND,26/01/2023,0:05:00,DE 00H00 A 00H59,0,jueves,4,ENERO,1,NO,C09,CONDUCIR VEHÍCULO SUPERANDO LOS LÍMITES MÁXIMOS DE VELOCIDAD.,ESTRELLAMIENTOS,AUTOMÓVIL,PARTICULAR,1,0,0,0,0,0,0,0,0,0,0,0,0,1,CÉDULA,60,HOMBRE,LESIONADO,PASAJERO,NO,NO
2023,PNE00147012023,0,1,PNE,-0.578668,-78.602397,17,PICHINCHA,1703,MEJIA,170352,ALOASI,"PANAMERICANA  SUR,  KM  307  +  700  M  -  SENTIDO  LATACUNGA  MACHACHI",ZONA 2,RURAL,68,ALOAG (OBELISCO) - PUENTE JAMBELI,E35,ARTERIAL,26/01/2023,4:40:00,DE 04H00 A 04H59,4,jueves,4,ENERO,1,NO,C16,NO TRANSITAR POR LAS ACERAS O ZONAS DE SEGURIDAD DESTINADAS PARA EL EFECTO.,ATROPELLOS,NO IDENTIFICADO,PARTICULAR,0,0,0,0,0,0,0,0,0,1,0,0,0,1,NO IDENTIFICADO,-1,HOMBRE,FALLECIDO,PEATÓN,NO,SI
2023,DMQ00526012023,0,1,DMQ,-0.243698,-78.540417,17,PICHINCHA,1701,QUITO,170150,QUITO,CHILIBULO Y ENRIQUE GARCES,ZONA 9,URBANA,ND,ND,ND,ND,26/01/2023,6:45:00,DE 06H00 A 06H59,6,jueves,4,ENERO,1,NO,C16,NO TRANSITAR POR LAS ACERAS O ZONAS DE SEGURIDAD DESTINADAS PARA EL EFECTO.,ATROPELLOS,AUTOMÓVIL,PARTICULAR,1,0,0,0,0,0,0,0,0,0,0,0,0,1,CÉDULA,76,HOMBRE,FALLECIDO,PEATÓN,NO,NO
2023,DMQ00527012023,1,0,DMQ,-0.328401,-78.550339,17,PICHINCHA,1701,QUITO,170150,QUITO,YANAYACU Y MALDONADO,ZONA 9,URBANA,ND,ND,ND,ND,26/01/2023,6:50:00,DE 06H00 A 06H59,6,jueves,4,ENERO,1,NO,C26,NO CEDER EL DERECHO DE VÍA O PREFERENCIA DE PASO AL PEATÓN.,ATROPELLOS,NO IDENTIFICADO,PARTICULAR,0,0,0,0,0,0,0,0,0,1,0,0,0,1,CÉDULA,42,MUJER,LESIONADO,PEATÓN,NO,NO
2023,DMQ00529012023,0,0,DMQ,-0.212362,-78.514469,17,PICHINCHA,1701,QUITO,170150,QUITO,FRAY JOSE YEPEZ Y RIO CENEPA,ZONA 9,URBANA,ND,ND,ND,ND,26/01/2023,8:30:00,DE 08H00 A 08H59,8,jueves,4,ENERO,1,NO,C23,"NO RESPETAR LAS SEÑALES REGLAMENTARIAS DE TRÁNSITO. (PARE, CEDA EL PASO, LUZ ROJA DEL SEMAFORO, ETC).",CHOQUE FRONTAL,AUTOMÓVIL,COMERCIAL,2,0,0,0,0,0,0,0,0,0,0,0,0,2,LICENCIA,67,HOMBRE,ILESO,CONDUCTOR,NO,NO
2023,DMQ00530012023,0,0,DMQ,-0.203981,-78.481241,17,PICHINCHA,1701,QUITO,170150,QUITO,ISABEL LA CATOLICA Y GANGOTENA,ZONA 9,URBANA,ND,ND,ND,ND,26/01/2023,9:35:00,DE 09H00 A 09H59,9,jueves,4,ENERO,1,NO,C23,"NO RESPETAR LAS SEÑALES REGLAMENTARIAS DE TRÁNSITO. (PARE, CEDA EL PASO, LUZ ROJA DEL SEMAFORO, ETC).",CHOQUE LATERAL,MOTOCICLETA,PARTICULAR,1,0,0,0,0,0,0,0,1,0,0,0,0,2,LICENCIA,26,HOMBRE,ILESO,CONDUCTOR,NO,NO
2023,DMQ00532012023,1,0,DMQ,-0.302408,-78.533321,17,PICHINCHA,1701,QUITO,170150,QUITO,GONZALO PEREZ BUSTAMANTE Y E5F,ZONA 9,URBANA,ND,ND,ND,ND,26/01/2023,11:30:00,DE 11H00 A 11H59,11,jueves,4,ENERO,1,NO,C09,CONDUCIR VEHÍCULO SUPERANDO LOS LÍMITES MÁXIMOS DE VELOCIDAD.,ESTRELLAMIENTOS,BUS,PÚBLICO,1,0,1,0,0,0,0,0,0,0,0,0,0,2,LICENCIA,55,HOMBRE,LESIONADO,CONDUCTOR,NO,NO
2023,DMQ00534012023,1,0,DMQ,-0.208879,-78.522048,17,PICHINCHA,1701,QUITO,170150,QUITO,ALVARO DE CEVALLOS Y MARTIN DEL VALLE,ZONA 9,URBANA,ND,ND,ND,ND,26/01/2023,17:00:00,DE 17H00 A 17H59,17,jueves,4,ENERO,1,NO,C16,NO TRANSITAR POR LAS ACERAS O ZONAS DE SEGURIDAD DESTINADAS PARA EL EFECTO.,ATROPELLOS,CAMIONETA,PARTICULAR,0,0,0,0,1,0,0,0,0,0,0,0,0,1,CÉDULA,59,HOMBRE,LESIONADO,PEATÓN,NO,NO
2023,DMQ00538012023,1,0,DMQ,-0.133691,-78.497687,17,PICHINCHA,1701,QUITO,170150,QUITO,MACHALA Y FERNANDEZ SALVADOR,ZONA 9,URBANA,ND,ND,ND,ND,26/01/2023,20:45:00,DE 20H00 A 20H59,20,jueves,4,ENERO,1,NO,C23,"NO RESPETAR LAS SEÑALES REGLAMENTARIAS DE TRÁNSITO. (PARE, CEDA EL PASO, LUZ ROJA DEL SEMAFORO, ETC).",CHOQUE FRONTAL,MOTOCICLETA,PARTICULAR,1,0,0,0,0,0,0,0,1,0,0,0,0,2,LICENCIA,27,HOMBRE,LESIONADO,CONDUCTOR,NO,NO
2023,DMQ00539012023,4,0,DMQ,-0.185096,-78.499081,17,PICHINCHA,1701,QUITO,170150,QUITO,MARIANA DE JESUS Y DIEGO MARTIN DE UTRERAS,ZONA 9,URBANA,ND,ND,ND,ND,26/01/2023,22:00:00,DE 22H00 A 22H59,22,jueves,4,ENERO,1,NO,C06,"CONDUCE BAJO LA INFLUENCIA DE ALCOHOL, SUSTANCIAS ESTUPEFACIENTES O PSICOTRÓPICAS Y/O MEDICAMENTOS.",CHOQUE LATERAL,AUTOMÓVIL,PARTICULAR,2,0,0,0,0,0,0,0,0,0,0,0,0,2,CÉDULA,22,HOMBRE,LESIONADO,PASAJERO,NO,NO
2023,DMQ00540012023,0,0,DMQ,-0.234775,-78.471131,17,PICHINCHA,1701,QUITO,170150,QUITO,SIMON BOLIVAR Y 500 METROS AL NORTE DE LA UNIVERSIDAD INTERNACIONAL,ZONA 9,URBANA,ND,ND,ND,ND,27/01/2023,0:02:00,DE 00H00 A 00H59,0,viernes,5,ENERO,1,NO,C05,"FALLA MECÁNICA EN LOS SISTEMAS Y/O NEÚMATICOS (SISTEMA DE FRENOS, DIRECCIÓN, ELÉCTRÓNICO O MECÁNICO).",PÉRDIDA DE CARRIL,AUTOMÓVIL,PARTICULAR,1,0,0,0,0,0,0,0,0,0,0,0,0,1,NO IDENTIFICADO,-1,NO IDENTIFICADO,NO IDENTIFICADO,CONDUCTOR,NO,NO
2023,PNE00152012023,1,1,PNE,-0.279891,-78.473711,17,PICHINCHA,1701,QUITO,170156,CONOCOTO,AV.  GENERAL  RUMINAHUI  -,ZONA 9,RURAL,ND,ND,ND,ND,27/01/2023,0:05:00,DE 00H00 A 00H59,0,viernes,5,ENERO,1,NO,C09,CONDUCIR VEHÍCULO SUPERANDO LOS LÍMITES MÁXIMOS DE VELOCIDAD.,PÉRDIDA DE CARRIL,AUTOMÓVIL,PARTICULAR,1,0,0,0,0,0,0,0,0,0,0,0,0,1,CÉDULA,40,HOMBRE,FALLECIDO,PASAJERO,NO,SI
2023,DMQ00542012023,0,0,DMQ,-0.243034,-78.514286,17,PICHINCHA,1701,QUITO,170150,QUITO,CHAMBO Y LOS ANDES,ZONA 9,URBANA,ND,ND,ND,ND,27/01/2023,8:30:00,DE 08H00 A 08H59,8,viernes,5,ENERO,1,NO,C23,"NO RESPETAR LAS SEÑALES REGLAMENTARIAS DE TRÁNSITO. (PARE, CEDA EL PASO, LUZ ROJA DEL SEMAFORO, ETC).",CHOQUE LATERAL,CAMIONETA,PARTICULAR,1,0,0,0,1,0,0,0,0,0,0,0,0,2,LICENCIA,32,HOMBRE,ILESO,CONDUCTOR,NO,NO
2023,DMQ00543012023,0,0,DMQ,-0.217963,-78.433549,17,PICHINCHA,1701,QUITO,170157,CUMBAYA,DE LAS MAGNOLIAS Y GIOVANNI BARBIERI,ZONA 9,RURAL,ND,ND,ND,ND,27/01/2023,9:05:00,DE 09H00 A 09H59,9,viernes,5,ENERO,1,NO,C25,NO CEDER EL DERECHO DE VÍA O PREFERENCIA DE PASO A VEHÍCULOS.,CHOQUE LATERAL,AUTOMÓVIL,PARTICULAR,2,0,0,0,0,0,0,0,0,0,0,0,0,2,LICENCIA,62,MUJER,ILESO,CONDUCTOR,NO,NO