ANIO,SINIESTROS,LESIONADOS,FALLECIDOS,ENTE_DE_CONTROL,LATITUD_Y,LONGITUD_X,DPA_1,PROVINCIA,DPA_2,CANTON,DPA_3,PARROQUIA,DIRECCION,ZONA_PLANIFICACION,ZONA,ID_DE_LA_VIA,NOMBRE_DE_LA_VIA,UBICACION_DE_LA_VIA,JERARQUIA_DE_LA_VIA,FECHA,HORA,PERIODO_1,PERIODO_2,DIA_1,DIA_2,MES_1,MES_2,FERIADO,CODIGO_CAUSA,CAUSA_PROBABLE,TIPO_DE_SINIESTRO,TIPO_DE_VEHICULO_1,SERVICIO_1,AUTOMOVIL,BICICLETA,BUS,CAMION,CAMIONETA,EMERGENCIAS,ESPECIAL,FURGONETA,MOTOCICLETA,NO_IDENTIFICADO,SCOOTER_ELECTRICO,TRICIMOTO,VEHICULO_DEPORTIVO_UTILITARIO,SUMA_DE_VEHICULOS,TIPO_ID_1,EDAD_1,SEXO_1,CONDICION_1,PARTICIPANTE_1,CASCO_1,CINTURON_1
2023,DMQ00620012023,0,0,DMQ,-0.150088,-78.474617,17,PICHINCHA,1701,QUITO,170150,QUITO,JOAQUIN SUMAITA Y MANUEL LIZARZABURU,ZONA 9,URBANA,ND,ND,ND,ND,30/01/2023,10:45:00,DE 10H00 A 10H59,10,lunes,1,ENERO,1,NO,C23,"NO RESPETAR LAS SEÑALES REGLAMENTARIAS DE TRÁNSITO. (PARE, CEDA EL PASO, LUZ ROJA DEL SEMAFORO, ETC).",CHOQUE LATERAL,AUTOMÓVIL,PARTICULAR,2,0,0,0,0,0,0,0,0,0,0,0,0,2,LICENCIA,23,HOMBRE,ILESO,CONDUCTOR,NO,NO
2023,DMQ00621012023,1,0,DMQ,-0.196923,-78.501639,17,PICHINCHA,1701,QUITO,170150,QUITO,LA GASCA Y GASPAR DE CARVAJAL,ZONA 9,URBANA,ND,ND,ND,ND,30/01/2023,11:10:00,DE 11H00 A 11H59,11,lunes,1,ENERO,1,NO,C11,NO MANTENER LA DISTANCIA PRUDENCIAL CON RESPECTO AL VEHÍCULO QUE LE ANTECEDE.,CHOQUE POSTERIOR,SCOOTER ELÉCTRICO,PARTICULAR,1,0,0,0,0,0,0,0,0,0,1,0,0,2,LICENCIA,31,MUJER,LESIONADO,CONDUCTOR,NO,NO
2023,DMQ00622012023,0,0,DMQ,-0.205882,-78.494928,17,PICHINCHA,1701,QUITO,170150,QUITO,JUAN LEON MERA Y FRANCISCO ROBLES,ZONA 9,URBANA,ND,ND,ND,ND,30/01/2023,12:15:00,DE 12H00 A 12H59,12,lunes,1,ENERO,1,NO,C23,"NO RESPETAR LAS SEÑALES REGLAMENTARIAS DE TRÁNSITO. (PARE, CEDA EL PASO, LUZ ROJA DEL SEMAFORO, ETC).",CHOQUE LATERAL,CAMIONETA,PARTICULAR,1,0,0,0,1,0,0,0,0,0,0,0,0,2,LICENCIA,48,HOMBRE,ILESO,CONDUCTOR,NO,NO
2023,DMQ00624012023,0,0,DMQ,-0.259421,-78.520417,17,PICHINCHA,1701,QUITO,170150,QUITO,DELFIN TREVIÑO Y WILLIAM SHUNK,ZONA 9,URBANA,ND,ND,ND,ND,30/01/2023,14:15:00,DE 14H00 A 14H59,14,lunes,1,ENERO,1,NO,C23,"NO RESPETAR LAS SEÑALES REGLAMENTARIAS DE TRÁNSITO. (PARE, CEDA EL PASO, LUZ ROJA DEL SEMAFORO, ETC).",OTROS,AUTOMÓVIL,PARTICULAR,2,0,0,0,0,0,0,0,0,0,0,0,0,2,LICENCIA,39,HOMBRE,ILESO,CONDUCTOR,NO,NO
2023,DMQ00629012023,2,0,DMQ,-0.276706,-78.523523,17,PICHINCHA,1701,QUITO,170150,QUITO,COPAL Y EL CHACO,ZONA 9,URBANA,ND,ND,ND,ND,30/01/2023,18:50:00,DE 18H00 A 18H59,18,lunes,1,ENERO,1,NO,C23,"NO RESPETAR LAS SEÑALES REGLAMENTARIAS DE TRÁNSITO. (PARE, CEDA EL PASO, LUZ ROJA DEL SEMAFORO, ETC).",CHOQUE FRONTAL,MOTOCICLETA,PARTICULAR,0,0,0,0,1,0,0,0,1,0,0,0,0,2,CÉDULA,15,HOMBRE,LESIONADO,PASAJERO,NO,NO
2023,DMQ00631012023,0,0,DMQ,-0.279368,-78.519426,17,PICHINCHA,1701,QUITO,170150,QUITO,CARACOL Y URENO,ZONA 9,URBANA,ND,ND,ND,ND,30/01/2023,21:10:00,DE 21H00 A 21H59,21,lunes,1,ENERO,1,NO,C23,"NO RESPETAR LAS SEÑALES REGLAMENTARIAS DE TRÁNSITO. (PARE, CEDA EL PASO, LUZ ROJA DEL SEMAFORO, ETC).",CHOQUE LATERAL,CAMIONETA,PARTICULAR,1,0,0,0,1,0,0,0,0,0,0,0,0,2,LICENCIA,43,HOMBRE,ILESO,CONDUCTOR,NO,NO
2023,DMQ00633012023,0,0,DMQ,-0.302339,-78.533492,17,PICHINCHA,1701,QUITO,170150,QUITO,GONZALO PEREZ BUSTAMANTE Y E5F,ZONA 9,URBANA,ND,ND,ND,ND,30/01/2023,22:50:00,DE 22H00 A 22H59,22,lunes,1,ENERO,1,NO,C09,CONDUCIR VEHÍCULO SUPERANDO LOS LÍMITES MÁXIMOS DE VELOCIDAD.,ESTRELLAMIENTOS,CAMIÓN,CUENTA PROPIA,1,0,0,1,0,0,0,0,0,0,0,0,0,2,LICENCIA,44,HOMBRE,ILESO,CONDUCTOR,NO,NO
2023,DMQ00634012023,0,0,DMQ,-0.257329,-78.515115,17,PICHINCHA,1701,QUITO,170150,QUITO,ADRIAN NAVARRO Y PUNA,ZONA 9,URBANA,ND,ND,ND,ND,30/01/2023,22:50:00,DE 22H00 A 22H59,22,lunes,1,ENERO,1,NO,C09,CONDUCIR VEHÍCULO SUPERANDO LOS LÍMITES MÁXIMOS DE VELOCIDAD.,ESTRELLAMIENTOS,AUTOMÓVIL,PARTICULAR,1,0,0,0,0,0,0,0,0,0,0,0,0,1,NO IDENTIFICADO,-1,NO IDENTIFICADO,NO IDENTIFICADO,CONDUCTOR,NO,NO
2023,PNE00187012023,0,0,PNE,-0.344898,-78.429344,17,PICHINCHA,1705,RUMIÑAHUI,170550,SANGOLQUI,JUAN  DE  SALINAS    -  ARTIGAS,ZONA 2,URBANA,ND,ND,ND,ND,30/01/2023,22:50:00,DE 22H00 A 22H59,22,lunes,1,ENERO,1,NO,C14,"CONDUCIR DESATENTO A LAS CONDICIONES DE TRÁNSITO (CELULAR, PANTALLAS DE VIDEO, COMIDA, MAQUILLAJE O CUALQUIER OTRO ELEMENTO DISTRACTOR).",CHOQUE LATERAL,VEHÍCULO DEPORTIVO UTILITARIO,PARTICULAR,1,0,0,0,0,0,0,0,0,0,0,0,1,2,LICENCIA,23,HOMBRE,ILESO,CONDUCTOR,NO,SI
2023,DMQ00638012023,0,0,DMQ,-0.172978,-78.487784,17,PICHINCHA,1701,QUITO,170150,QUITO,10 DE AGOSTO Y JOSE VILLALENGUA,ZONA 9,URBANA,ND,ND,ND,ND,31/01/2023,9:15:00,DE 09H00 A 09H59,9,martes,2,ENERO,1,NO,C09,CONDUCIR VEHÍCULO SUPERANDO LOS LÍMITES MÁXIMOS DE VELOCIDAD.,ESTRELLAMIENTOS,BUS,PÚBLICO,0,0,1,0,0,0,0,0,0,0,0,0,0,1,LICENCIA,42,HOMBRE,ILESO,CONDUCTOR,NO,NO
2023,DMQ00639012023,0,0,DMQ,-0.202359,-78.491995,17,PICHINCHA,1701,QUITO,170150,QUITO,JUAN LEON MERA Y JOAQUIN PINTO,ZONA 9,URBANA,ND,ND,ND,ND,31/01/2023,9:25:00,DE 09H00 A 09H59,9,martes,2,ENERO,1,NO,C09,CONDUCIR VEHÍCULO SUPERANDO LOS LÍMITES MÁXIMOS DE VELOCIDAD.,ESTRELLAMIENTOS,AUTOMÓVIL,COMERCIAL,1,0,0,0,0,0,0,0,0,0,0,0,0,1,NO IDENTIFICADO,-1,NO IDENTIFICADO,NO IDENTIFICADO,CONDUCTOR,NO,NO
2023,DMQ00640012023,0,0,DMQ,-0.150113,-78.454646,17,PICHINCHA,1701,QUITO,170150,QUITO,DE LAS PALMERAS Y SIMON BOLIVAR,ZONA 9,URBANA,ND,ND,ND,ND,31/01/2023,15:52:00,DE 15H00 A 15H59,15,martes,2,ENERO,1,NO,C09,CONDUCIR VEHÍCULO SUPERANDO LOS LÍMITES MÁXIMOS DE VELOCIDAD.,ESTRELLAMIENTOS,CAMIÓN,CUENTA PROPIA,1,0,0,1,0,0,0,0,0,0,0,0,0,2,LICENCIA,23,HOMBRE,ILESO,CONDUCTOR,NO,NO
2023,DMQ00642012023,1,0,DMQ,-0.176735,-78.493732,17,PICHINCHA,1701,QUITO,170150,QUITO,AMERICA Y MAÑOSCA,ZONA 9,URBANA,ND,ND,ND,ND,31/01/2023,19:20:00,DE 19H00 A 19H59,19,martes,2,ENERO,1,NO,C06,"CONDUCE BAJO LA INFLUENCIA DE ALCOHOL, SUSTANCIAS ESTUPEFACIENTES O PSICOTRÓPICAS Y/O MEDICAMENTOS.",CHOQUE POSTERIOR,MOTOCICLETA,PARTICULAR,1,0,0,0,0,0,0,0,1,0,0,0,0,2,LICENCIA,36,HOMBRE,LESIONADO,CONDUCTOR,NO,NO
2023,DMQ00646012023,0,1,DMQ,-0.260686,-78.546418,17,PICHINCHA,1701,QUITO,170150,QUITO,MARISCAL SUCRE Y ANGAMARCA,ZONA 9,URBANA,ND,ND,ND,ND,31/01/2023,22:25:00,DE 22H00 A 22H59,22,martes,2,ENERO,1,NO,C09,CONDUCIR VEHÍCULO SUPERANDO LOS LÍMITES MÁXIMOS DE VELOCIDAD.,OTROS,MOTOCICLETA,PARTICULAR,0,0,0,0,0,0,0,0,1,0,0,0,0,1,NO IDENTIFICADO,30,HOMBRE,FALLECIDO,CONDUCTOR,NO,NO
2023,DMQ00002012023,0,0,DMQ,-0.284215,-78.516339,17,PICHINCHA,1701,QUITO,170150,QUITO,PRINCESA TOA Y SIMON BOLIVAR,ZONA 9,URBANA,ND,ND,ND,ND,1/1/2023,0:05:00,DE 00H00 A 00H59,0,DOMINGO,7,ENERO,1,SI,C10,"CONDICIONES AMBIENTALES Y/O ATMOSFÉRICAS (NIEBLA, NEBLINA, GRANIZO, LLUVIA).",CHOQUE LATERAL,FURGONETA,PARTICULAR,1,0,0,0,0,0,0,1,0,0,0,0,0,2,LICENCIA,42,HOMBRE,ILESO,CONDUCTOR,NO,NO
2023,DMQ00006012023,6,0,DMQ,-0.057577,-78.464477,17,PICHINCHA,1701,QUITO,170177,POMASQUI,SAN JOSE Y OE408,ZONA 9,RURAL,ND,ND,ND,ND,1/1/2023,0:40:00,DE 00H00 A 00H59,0,DOMINGO,7,ENERO,1,SI,C06,"CONDUCE BAJO LA INFLUENCIA DE ALCOHOL, SUSTANCIAS ESTUPEFACIENTES O PSICOTRÓPICAS Y/O MEDICAMENTOS.",ATROPELLOS,AUTOMÓVIL,PARTICULAR,1,0,0,0,0,0,0,0,0,0,0,0,0,1,LICENCIA,24,HOMBRE,LESIONADO,CONDUCTOR,NO,NO
2023,DMQ00009012023,0,0,DMQ,-0.084671,-78.436849,17,PICHINCHA,1701,QUITO,170155,CALDERON (CARAPUNGO),CARLOS MANTILLA Y DE LOS GERANIOS,ZONA 9,RURAL,ND,ND,ND,ND,1/1/2023,3:30:00,DE 03H00 A 03H59,3,DOMINGO,7,ENERO,1,SI,C09,CONDUCIR VEHÍCULO SUPERANDO LOS LÍMITES MÁXIMOS DE VELOCIDAD.,ESTRELLAMIENTOS,AUTOMÓVIL,PARTICULAR,2,0,0,0,0,0,0,0,0,0,0,0,0,2,LICENCIA,28,HOMBRE,ILESO,CONDUCTOR,NO,NO
2023,DMQ00010012023,3,0,DMQ,-0.313137,-78.548095,17,PICHINCHA,1701,QUITO,170150,QUITO,MALDONADO Y S46F,ZONA 9,URBANA,ND,ND,ND,ND,1/1/2023,4:45:00,DE 04H00 A 04H59,4,DOMINGO,7,ENERO,1,SI,C06,"CONDUCE BAJO LA INFLUENCIA DE ALCOHOL, SUSTANCIAS ESTUPEFACIENTES O PSICOTRÓPICAS Y/O MEDICAMENTOS.",CHOQUE POSTERIOR,AUTOMÓVIL,COMERCIAL,2,0,0,0,0,0,0,0,0,0,0,0,0,2,CÉDULA,33,HOMBRE,LESIONADO,PASAJERO,NO,NO
2023,PNE00002012023,1,0,PNE,-0.411662,-78.546085,17,PICHINCHA,1703,MEJIA,170356,TAMBILLO (MEJIA),PANAMERICANA  SUR  E35  KM284+400  -,ZONA 2,RURAL,65,REDONDEL DEL COLIBRI - TAMBILLO,E35 - E20,ARTERIAL,1/1/2023,5:10:00,DE 05H00 A 05H59,5,DOMINGO,7,ENERO,1,SI,C14,"CONDUCIR DESATENTO A LAS CONDICIONES DE TRÁNSITO (CELULAR, PANTALLAS DE VIDEO, COMIDA, MAQUILLAJE O CUALQUIER OTRO ELEMENTO DISTRACTOR).",CHOQUE LATERAL,AUTOMÓVIL,PARTICULAR,2,0,0,0,0,0,0,0,0,0,0,0,0,2,CÉDULA,26,HOMBRE,LESIONADO,PASAJERO,NO,SI
2023,DMQ00015012023,0,0,DMQ,-0.217508,-78.490528,17,PICHINCHA,1701,QUITO,170150,QUITO,LA CONDAMINE Y SOLANO,ZONA 9,URBANA,ND,ND,ND,ND,1/1/2023,6:15:00,DE 06H00 A 06H59,6,DOMINGO,7,ENERO,1,SI,C09,CONDUCIR VEHÍCULO SUPERANDO LOS LÍMITES MÁXIMOS DE VELOCIDAD.,ESTRELLAMIENTOS,AUTOMÓVIL,PARTICULAR,1,0,0,0,0,0,0,0,0,0,0,0,0,1,NO IDENTIFICADO,-1,NO IDENTIFICADO,NO IDENTIFICADO,CONDUCTOR,NO,NO
2023,DMQ00016012023,0,0,DMQ,-0.202468,-78.368766,17,PICHINCHA,1701,QUITO,170179,PUEMBO,OSWALDO GUAYASAMIN Y 24 DE MAYO,ZONA 9,RURAL,60,QUITO - TUMBACO - PIFO,E28C,COLECTORA,1/1/2023,6:24:00,DE 06H00 A 06H59,6,DOMINGO,7,ENERO,1,SI,C23,"NO RESPETAR LAS SEÑALES REGLAMENTARIAS DE TRÁNSITO. (PARE, CEDA EL PASO, LUZ ROJA DEL SEMAFORO, ETC).",ESTRELLAMIENTOS,AUTOMÓVIL,PARTICULAR,1,0,0,0,0,0,0,0,0,0,0,0,0,1,NO IDENTIFICADO,-1,NO IDENTIFICADO,NO IDENTIFICADO,CONDUCTOR,NO,NO
2023,DMQ00019012023,0,0,DMQ,-0.107424,-78.446731,17,PICHINCHA,1701,QUITO,170155,CALDERON (CARAPUNGO),PANAMERICANA NORTE Y GARCIA MORENO,ZONA 9,RURAL,58,ENTRADA A CARAPUNGO - CALDERON,E28B,COLECTORA,1/1/2023,7:45:00,DE 07H00 A 07H59,7,DOMINGO,7,ENERO,1,SI,C09,CONDUCIR VEHÍCULO SUPERANDO LOS LÍMITES MÁXIMOS DE VELOCIDAD.,CHOQUE POSTERIOR,AUTOMÓVIL,PARTICULAR,2,0,0,0,0,0,0,0,0,0,0,0,0,2,LICENCIA,49,HOMBRE,ILESO,CONDUCTOR,NO,NO
2023,PNE00008012023,0,0,PNE,0.005658,-78.822455,17,PICHINCHA,1707,SAN MIGUEL DE LOS BANCOS,170750,SAN MIGUEL DE LOS BANCOS,AV  calle  Quito  -  s/n,ZONA 2,RURAL,ND,ND,ND,ND,1/1/2023,9:00:00,DE 09H00 A 09H59,9,DOMINGO,7,ENERO,1,SI,C20,"MAL ESTACIONADO - EL CONDUCTOR QUE DETENGA O ESTACIONE VEHÍCULOS EN SITIOS O ZONAS QUE ENTRAÑEN PELIGRO, TALES COMO ZONA DE SEGURIDAD, CURVAS, PUENTES, TÚNELES, PENDIENTES.",ESTRELLAMIENTOS,NO IDENTIFICADO,PARTICULAR,0,0,0,0,0,0,0,0,0,1,0,0,0,1,CÉDULA,33,HOMBRE,ILESO,PEATÓN,NO,SI
2023,DMQ00021012023,1,0,DMQ,-0.258951,-78.502631,17,PICHINCHA,1701,QUITO,170150,QUITO,SIMON BOLIVAR Y FORESTAL,ZONA 9,URBANA,ND,ND,ND,ND,1/1/2023,9:15:00,DE 09H00 A 09H59,9,DOMINGO,7,ENERO,1,SI,C26,NO CEDER EL DERECHO DE VÍA O PREFERENCIA DE PASO AL PEATÓN.,ATROPELLOS,NO IDENTIFICADO,PARTICULAR,0,0,0,0,0,0,0,0,0,1,0,0,0,1,CÉDULA,23,HOMBRE,LESIONADO,PEATÓN,NO,NO
2023,DMQ00025012023,1,0,DMQ,-0.152087,-78.464618,17,PICHINCHA,1701,QUITO,170150,QUITO,ELOY ALFARO Y DE LAS PALMERAS,ZONA 9,URBANA,ND,ND,ND,ND,1/1/2023,14:30:00,DE 14H00 A 14H59,14,DOMINGO,7,ENERO,1,SI,C10,"CONDICIONES AMBIENTALES Y/O ATMOSFÉRICAS (NIEBLA, NEBLINA, GRANIZO, LLUVIA).",ESTRELLAMIENTOS,AUTOMÓVIL,PARTICULAR,1,0,0,0,0,0,0,0,0,0,0,0,0,1,LICENCIA,21,HOMBRE,LESIONADO,CONDUCTOR,NO,NO
2023,DMQ00026012023,1,0,DMQ,-0.152056,-78.450928,17,PICHINCHA,1701,QUITO,170150,QUITO,SIMON BOLIVAR Y 500 METROS ANTES DEL REDONDEL DE ZAMBIZA,ZONA 9,URBANA,ND,ND,ND,ND,1/1/2023,14:50:00,DE 14H00 A 14H59,14,DOMINGO,7,ENERO,1,SI,C10,"CONDICIONES AMBIENTALES Y/O ATMOSFÉRICAS (NIEBLA, NEBLINA, GRANIZO, LLUVIA).",CHOQUE LATERAL,CAMIONETA,PARTICULAR,1,0,0,0,1,0,0,0,0,0,0,0,0,2,LICENCIA,30,HOMBRE,LESIONADO,CONDUCTOR,NO,NO
2023,DMQ00028012023,0,0,DMQ,-0.213601,-78.515901,17,PICHINCHA,1701,QUITO,170150,QUITO,MARISCAL SUCRE Y MEJIA,ZONA 9,URBANA,ND,ND,ND,ND,1/1/2023,15:00:00,DE 15H00 A 15H59,15,DOMINGO,7,ENERO,1,SI,C09,CONDUCIR VEHÍCULO SUPERANDO LOS LÍMITES MÁXIMOS DE VELOCIDAD.,ESTRELLAMIENTOS,AUTOMÓVIL,PARTICULAR,1,0,0,0,0,0,0,0,0,0,0,0,0,1,NO IDENTIFICADO,-1,NO IDENTIFICADO,NO IDENTIFICADO,CONDUCTOR,NO,NO
2023,DMQ00029012023,0,0,DMQ,-0.154062,-78.349699,17,PICHINCHA,1701,QUITO,170183,TABABELA,CONECTOR ALPACHACA Y DIAGONAL A LA ADUANA DEL AEROPUERTO,ZONA 9,RURAL,ND,ND,ND,ND,1/1/2023,15:30:00,DE 15H00 A 15H59,15,DOMINGO,7,ENERO,1,SI,C10,"CONDICIONES AMBIENTALES Y/O ATMOSFÉRICAS (NIEBLA, NEBLINA, GRANIZO, LLUVIA).",ESTRELLAMIENTOS,AUTOMÓVIL,COMERCIAL,1,0,0,0,0,0,0,0,0,0,0,0,0,1,NO IDENTIFICADO,-1,NO IDENTIFICADO,NO IDENTIFICADO,CONDUCTOR,NO,NO
2023,DMQ00030012023,0,0,DMQ,-0.247597,-78.528255,17,PICHINCHA,1701,QUITO,170150,QUITO,FRANCISCO BALLESTEROS Y JIPIJAPA,ZONA 9,URBANA,ND,ND,ND,ND,1/1/2023,15:45:00,DE 15H00 A 15H59,15,DOMINGO,7,ENERO,1,SI,C10,"CONDICIONES AMBIENTALES Y/O ATMOSFÉRICAS (NIEBLA, NEBLINA, GRANIZO, LLUVIA).",ESTRELLAMIENTOS,AUTOMÓVIL,PARTICULAR,1,0,0,0,0,0,0,0,0,0,0,0,0,1,NO IDENTIFICADO,-1,NO IDENTIFICADO,NO IDENTIFICADO,CONDUCTOR,NO,NO
2023,CTE00028012023,4,0,CTE,-0.333861,-78.896222,17,PICHINCHA,1703,MEJIA,170355,MANUEL CORNEJO ASTORGA,RED. ESTATAL E-20 KM 62 + 500 SENTIDO TANDAPI - SANTO DOMINGO,ZONA 2,RURAL,332,TANDAPI - LIMITE PROVINCIAL ENTRE PICHINCHA Y SANTO DOMINGO,E20,ARTERIAL,1/1/2023,17:30:00,DE 17H00 A 17H59,17,DOMINGO,7,ENERO,1,SI,C14,"CONDUCIR DESATENTO A LAS CONDICIONES DE TRÁNSITO (CELULAR, PANTALLAS DE VIDEO, COMIDA, MAQUILLAJE O CUALQUIER OTRO ELEMENTO DISTRACTOR).",PÉRDIDA DE CARRIL,AUTOMÓVIL,PARTICULAR,1,0,0,0,0,0,0,0,0,0,0,0,0,1,CÉDULA,-1,HOMBRE,LESIONADO,PASAJERO,NO,NO
2023,PNE00016012023,0,0,PNE,-0.448295,-78.558551,17,PICHINCHA,1703,MEJIA,170351,ALOAG,PANAMERICANA  SUR  E-35  KM  290  -,ZONA 2,RURAL,67,ESTACION DE PESAJE - ALOAG (OBELISCO),E35 - E20,ARTERIAL,1/1/2023,18:00:00,DE 18H00 A 18H59,18,DOMINGO,7,ENERO,1,SI,C14,"CONDUCIR DESATENTO A LAS CONDICIONES DE TRÁNSITO (CELULAR, PANTALLAS DE VIDEO, COMIDA, MAQUILLAJE O CUALQUIER OTRO ELEMENTO DISTRACTOR).",CHOQUE LATERAL,CAMIÓN,PÚBLICO,1,0,0,1,0,0,0,0,0,0,0,0,0,2,LICENCIA,39,HOMBRE,ILESO,CONDUCTOR,NO,SI
2023,DMQ00032012023,0,0,DMQ,-0.349299,-78.556201,17,PICHINCHA,1701,QUITO,170150,QUITO,PATRICIO ROMERO BARBERIS Y DUQUESA VILLA HERMOSA,ZONA 9,URBANA,ND,ND,ND,ND,1/1/2023,18:15:00,DE 18H00 A 18H59,18,DOMINGO,7,ENERO,1,SI,C10,"CONDICIONES AMBIENTALES Y/O ATMOSFÉRICAS (NIEBLA, NEBLINA, GRANIZO, LLUVIA).",CHOQUE LATERAL,CAMIONETA,PARTICULAR,0,0,0,0,2,0,0,0,0,0,0,0,0,2,LICENCIA,65,HOMBRE,ILESO,CONDUCTOR,NO,NO
2023,DMQ00033012023,1,0,DMQ,-0.291477,-78.567163,17,PICHINCHA,1701,QUITO,170150,QUITO,LUIS DUQUE Y DEL OLEODUCTO,ZONA 9,URBANA,ND,ND,ND,ND,1/1/2023,18:45:00,DE 18H00 A 18H59,18,DOMINGO,7,ENERO,1,SI,C10,"CONDICIONES AMBIENTALES Y/O ATMOSFÉRICAS (NIEBLA, NEBLINA, GRANIZO, LLUVIA).",CHOQUE LATERAL,BUS,PÚBLICO,0,0,1,0,0,0,0,0,1,0,0,0,0,2,LICENCIA,29,HOMBRE,LESIONADO,CONDUCTOR,SI,NO
2023,DMQ00035012023,1,0,DMQ,-0.248849,-78.528591,17,PICHINCHA,1701,QUITO,170150,QUITO,ALONSO DE ANGULO Y JIPIJAPA,ZONA 9,URBANA,ND,ND,ND,ND,1/1/2023,20:30:00,DE 20H00 A 20H59,20,DOMINGO,7,ENERO,1,SI,C06,"CONDUCE BAJO LA INFLUENCIA DE ALCOHOL, SUSTANCIAS ESTUPEFACIENTES O PSICOTRÓPICAS Y/O MEDICAMENTOS.",ESTRELLAMIENTOS,MOTOCICLETA,PARTICULAR,1,0,0,0,0,0,0,0,1,0,0,0,0,2,LICENCIA,22,HOMBRE,LESIONADO,CONDUCTOR,SI,NO
2023,DMQ00037012023,2,0,DMQ,-0.169312,-78.488214,17,PICHINCHA,1701,QUITO,170150,QUITO,AMERICA Y VOZ ANDES,ZONA 9,URBANA,ND,ND,ND,ND,1/1/2023,21:05:00,DE 21H00 A 21H59,21,DOMINGO,7,ENERO,1,SI,C10,"CONDICIONES AMBIENTALES Y/O ATMOSFÉRICAS (NIEBLA, NEBLINA, GRANIZO, LLUVIA).",ESTRELLAMIENTOS,MOTOCICLETA,PARTICULAR,0,0,0,0,0,0,0,0,1,0,0,0,0,1,PASAPORTE,37,HOMBRE,LESIONADO,PASAJERO,SI,NO
2023,PNE00020012023,1,0,PNE,-0.366206,-78.550752,17,PICHINCHA,1703,MEJIA,170353,CUTUGLAHUA,PANAMERICANA  SUR-CUTUGLAGUA  -,ZONA 2,RURAL,56,TAMBILLO - CUTUGLAGUA,E28A,COLECTORA,1/1/2023,22:20:00,DE 22H00 A 22H59,22,DOMINGO,7,ENERO,1,SI,C14,"CONDUCIR DESATENTO A LAS CONDICIONES DE TRÁNSITO (CELULAR, PANTALLAS DE VIDEO, COMIDA, MAQUILLAJE O CUALQUIER OTRO ELEMENTO DISTRACTOR).",CHOQUE POSTERIOR,CAMIÓN,PARTICULAR,0,0,0,1,0,0,0,1,0,0,0,0,0,2,LICENCIA,33,HOMBRE,LESIONADO,CONDUCTOR,NO,SI
2023,DMQ00040012023,1,0,DMQ,-0.369001,-78.502444,17,PICHINCHA,1701,QUITO,170152,AMAGUAÑA,CESAR AGUIRRE Y DE LOS LIBERTADORES,ZONA 9,RURAL,ND,ND,ND,ND,2/1/2023,0:20:00,DE 00H00 A 00H59,0,LUNES,1,ENERO,1,SI,C26,NO CEDER EL DERECHO DE VÍA O PREFERENCIA DE PASO AL PEATÓN.,ATROPELLOS,MOTOCICLETA,PARTICULAR,0,0,0,0,0,0,0,0,1,0,0,0,0,1,CÉDULA,19,MUJER,LESIONADO,PEATÓN,NO,NO
2023,DMQ00043012023,2,0,DMQ,-0.286757,-78.460197,17,PICHINCHA,1701,QUITO,170151,ALANGASI,RIO COCA Y AMAZONAS,ZONA 9,RURAL,ND,ND,ND,ND,2/1/2023,2:10:00,DE 02H00 A 02H59,2,LUNES,1,ENERO,1,SI,C10,"CONDICIONES AMBIENTALES Y/O ATMOSFÉRICAS (NIEBLA, NEBLINA, GRANIZO, LLUVIA).",PÉRDIDA DE CARRIL,AUTOMÓVIL,PARTICULAR,1,0,0,0,0,0,0,0,0,0,0,0,0,1,CÉDULA,25,HOMBRE,LESIONADO,PASAJERO,NO,NO
2023,DMQ00044012023,0,0,DMQ,-0.192373,-78.454925,17,PICHINCHA,1701,QUITO,170150,QUITO,SIMON BOLIVAR Y OSWALDO GUAYASAMIN,ZONA 9,URBANA,ND,ND,ND,ND,2/1/2023,8:25:00,DE 08H00 A 08H59,8,LUNES,1,ENERO,1,SI,C10,"CONDICIONES AMBIENTALES Y/O ATMOSFÉRICAS (NIEBLA, NEBLINA, GRANIZO, LLUVIA).",ESTRELLAMIENTOS,AUTOMÓVIL,PARTICULAR,1,0,0,0,0,0,0,0,0,0,0,0,0,1,LICENCIA,35,HOMBRE,ILESO,CONDUCTOR,NO,NO
2023,DMQ00045012023,0,0,DMQ,-0.190385,-78.476111,17,PICHINCHA,1701,QUITO,170150,QUITO,GONZALEZ SUAREZ Y JOSE BOSMEDIANO,ZONA 9,URBANA,ND,ND,ND,ND,2/1/2023,9:00:00,DE 09H00 A 09H59,9,LUNES,1,ENERO,1,SI,C09,CONDUCIR VEHÍCULO SUPERANDO LOS LÍMITES MÁXIMOS DE VELOCIDAD.,ESTRELLAMIENTOS,AUTOMÓVIL,PARTICULAR,1,0,0,0,0,0,0,0,0,0,0,0,0,1,LICENCIA,37,MUJER,ILESO,CONDUCTOR,NO,NO
2023,DMQ00046012023,1,0,DMQ,-0.206228,-78.512122,17,PICHINCHA,1701,QUITO,170150,QUITO,MARISCAL SUCRE Y UNIVERSITARIA,ZONA 9,URBANA,ND,ND,ND,ND,2/1/2023,9:35:00,DE 09H00 A 09H59,9,LUNES,1,ENERO,1,SI,C23,"NO RESPETAR LAS SEÑALES REGLAMENTARIAS DE TRÁNSITO. (PARE, CEDA EL PASO, LUZ ROJA DEL SEMAFORO, ETC).",ESTRELLAMIENTOS,AUTOMÓVIL,PARTICULAR,1,0,0,0,0,0,0,0,0,0,0,0,0,1,LICENCIA,26,HOMBRE,LESIONADO,CONDUCTOR,NO,NO