ANIO,SINIESTROS,LESIONADOS,FALLECIDOS,ENTE_DE_CONTROL,LATITUD_Y,LONGITUD_X,DPA_1,PROVINCIA,DPA_2,CANTON,DPA_3,PARROQUIA,DIRECCION,ZONA_PLANIFICACION,ZONA,ID_DE_LA_VIA,NOMBRE_DE_LA_VIA,UBICACION_DE_LA_VIA,JERARQUIA_DE_LA_VIA,FECHA,HORA,PERIODO_1,PERIODO_2,DIA_1,DIA_2,MES_1,MES_2,FERIADO,CODIGO_CAUSA,CAUSA_PROBABLE,TIPO_DE_SINIESTRO,TIPO_DE_VEHICULO_1,SERVICIO_1,AUTOMOVIL,BICICLETA,BUS,CAMION,CAMIONETA,EMERGENCIAS,ESPECIAL,FURGONETA,MOTOCICLETA,NO_IDENTIFICADO,SCOOTER_ELECTRICO,TRICIMOTO,VEHICULO_DEPORTIVO_UTILITARIO,SUMA_DE_VEHICULOS,TIPO_ID_1,EDAD_1,SEXO_1,CONDICION_1,PARTICIPANTE_1,CASCO_1,CINTURON_1
2023,CTE00060012023,0,0,CTE,-0.452056,-78.658667,17,PICHINCHA,1703,MEJIA,170351,ALOAG,RED. ESTATAL E-20 KM17+810APROX. SENTIDO SANTO DOMINGO- ALOAG.,ZONA 2,RURAL,331,ALOAG (OBELISCO) - TANDAPI,E20,ARTERIAL,2/1/2023,11:15:00,DE 11H00 A 11H59,11,LUNES,1,ENERO,1,SI,C18,CONDUCIR EN SENTIDO CONTRARIO A LA VÍA NORMAL DE CIRCULACIÓN.,CHOQUE FRONTAL,AUTOMÓVIL,PARTICULAR,2,0,0,0,0,0,0,0,0,0,0,0,0,2,LICENCIA,-1,HOMBRE,ILESO,CONDUCTOR,NO,NO
2023,DMQ00054012023,1,0,DMQ,-0.234806,-78.538681,17,PICHINCHA,1701,QUITO,170150,QUITO,RIO COLOMBO Y ARENILLAS,ZONA 9,URBANA,ND,ND,ND,ND,2/1/2023,19:50:00,DE 19H00 A 19H59,19,LUNES,1,ENERO,1,SI,C26,NO CEDER EL DERECHO DE VÍA O PREFERENCIA DE PASO AL PEATÓN.,ATROPELLOS,NO IDENTIFICADO,PARTICULAR,0,0,0,0,0,0,0,0,0,1,0,0,0,1,CÉDULA,44,HOMBRE,LESIONADO,PEATÓN,NO,NO
2023,DMQ00058012023,0,0,DMQ,-0.247284,-78.534931,17,PICHINCHA,1701,QUITO,170150,QUITO,MARISCAL SUCRE Y MICHELENA,ZONA 9,URBANA,ND,ND,ND,ND,2/1/2023,21:00:00,DE 21H00 A 21H59,21,LUNES,1,ENERO,1,SI,C23,"NO RESPETAR LAS SEÑALES REGLAMENTARIAS DE TRÁNSITO. (PARE, CEDA EL PASO, LUZ ROJA DEL SEMAFORO, ETC).",CHOQUE LATERAL,AUTOMÓVIL,PARTICULAR,2,0,0,0,0,0,0,0,0,0,0,0,0,2,LICENCIA,31,HOMBRE,ILESO,CONDUCTOR,NO,NO
2023,DMQ00061012023,2,0,DMQ,-0.207589,-78.512776,17,PICHINCHA,1701,QUITO,170150,QUITO,MARISCAL SUCRE Y UNIVERSITARIA,ZONA 9,URBANA,ND,ND,ND,ND,3/1/2023,7:00:00,DE 07H00 A 07H59,7,MARTES,2,ENERO,1,NO,C16,NO TRANSITAR POR LAS ACERAS O ZONAS DE SEGURIDAD DESTINADAS PARA EL EFECTO.,ATROPELLOS,AUTOMÓVIL,PARTICULAR,1,0,0,0,0,0,0,0,0,0,0,0,0,1,CÉDULA,16,HOMBRE,LESIONADO,PEATÓN,NO,NO
2023,PNE00027012023,1,0,PNE,0.105786,-78.185791,17,PICHINCHA,1704,PEDRO MONCAYO,170454,TUPIGACHI,PANAMERICANA  E-28    -  VIA  TABACUNDO-CAJAS,ZONA 2,RURAL,69,TABACUNDO - CAJAS,E282,COLECTORA,3/1/2023,9:20:00,DE 09H00 A 09H59,9,MARTES,2,ENERO,1,NO,C14,"CONDUCIR DESATENTO A LAS CONDICIONES DE TRÁNSITO (CELULAR, PANTALLAS DE VIDEO, COMIDA, MAQUILLAJE O CUALQUIER OTRO ELEMENTO DISTRACTOR).",PÉRDIDA DE PISTA,CAMIÓN,PARTICULAR,0,0,0,1,0,0,0,0,0,1,0,0,0,2,LICENCIA,24,HOMBRE,LESIONADO,CONDUCTOR,NO,SI
2023,DMQ00065012023,1,0,DMQ,-0.289687,-78.538663,17,PICHINCHA,1701,QUITO,170150,QUITO,MALDONADO Y MORAN VALVERDE,ZONA 9,URBANA,ND,ND,ND,ND,3/1/2023,11:00:00,DE 11H00 A 11H59,11,MARTES,2,ENERO,1,NO,C16,NO TRANSITAR POR LAS ACERAS O ZONAS DE SEGURIDAD DESTINADAS PARA EL EFECTO.,ATROPELLOS,MOTOCICLETA,PARTICULAR,0,0,0,0,0,0,0,0,1,0,0,0,0,1,CÉDULA,52,MUJER,LESIONADO,PEATÓN,NO,NO
2023,DMQ00066012023,1,0,DMQ,-0.183873,-78.478916,17,PICHINCHA,1701,QUITO,170150,QUITO,6 DE DICIEMBRE Y IRLANDA,ZONA 9,URBANA,ND,ND,ND,ND,3/1/2023,12:45:00,DE 12H00 A 12H59,12,MARTES,2,ENERO,1,NO,C26,NO CEDER EL DERECHO DE VÍA O PREFERENCIA DE PASO AL PEATÓN.,ATROPELLOS,NO IDENTIFICADO,PARTICULAR,0,0,0,0,0,0,0,0,0,1,0,0,0,1,CÉDULA,15,MUJER,LESIONADO,PEATÓN,NO,NO
2023,DMQ00070012023,0,0,DMQ,-0.151961,-78.476493,17,PICHINCHA,1701,QUITO,170150,QUITO,6 DE DICIEMBRE Y SAMUEL FRITZ,ZONA 9,URBANA,ND,ND,ND,ND,3/1/2023,16:15:00,DE 16H00 A 16H59,16,MARTES,2,ENERO,1,NO,C23,"NO RESPETAR LAS SEÑALES REGLAMENTARIAS DE TRÁNSITO. (PARE, CEDA EL PASO, LUZ ROJA DEL SEMAFORO, ETC).",ESTRELLAMIENTOS,FURGONETA,COMERCIAL,0,0,0,0,1,0,0,1,0,0,0,0,0,2,LICENCIA,33,MUJER,ILESO,CONDUCTOR,NO,NO
2023,DMQ00073012023,1,0,DMQ,-0.273699,-78.552273,17,PICHINCHA,1701,QUITO,170150,QUITO,MARISCAL SUCRE Y TALABERA,ZONA 9,URBANA,ND,ND,ND,ND,3/1/2023,18:05:00,DE 18H00 A 18H59,18,MARTES,2,ENERO,1,NO,C09,CONDUCIR VEHÍCULO SUPERANDO LOS LÍMITES MÁXIMOS DE VELOCIDAD.,CHOQUE LATERAL,MOTOCICLETA,PARTICULAR,0,0,0,0,0,0,0,1,1,0,0,0,0,2,PASAPORTE,5,MUJER,LESIONADO,PASAJERO,SI,NO
2023,DMQ00075012023,0,0,DMQ,-0.185214,-78.498855,17,PICHINCHA,1701,QUITO,170150,QUITO,MARIANA DE JESUS Y MARTIN DE UTRERAS,ZONA 9,URBANA,ND,ND,ND,ND,3/1/2023,21:19:00,DE 21H00 A 21H59,21,MARTES,2,ENERO,1,NO,C12,NO GUARDAR LA DISTANCIA LATERAL MÍNIMA DE SEGURIDAD ENTRE VEHÍCULOS.,CHOQUE POSTERIOR,AUTOMÓVIL,PARTICULAR,2,0,0,0,0,0,0,0,0,0,0,0,0,2,LICENCIA,26,HOMBRE,ILESO,CONDUCTOR,NO,NO
2023,DMQ00080012023,0,0,DMQ,-0.254396,-78.522179,17,PICHINCHA,1701,QUITO,170150,QUITO,MALDONADO Y MORASPUNGO,ZONA 9,URBANA,ND,ND,ND,ND,4/1/2023,9:16:00,DE 09H00 A 09H59,9,MIÉRCOLES,3,ENERO,1,NO,C09,CONDUCIR VEHÍCULO SUPERANDO LOS LÍMITES MÁXIMOS DE VELOCIDAD.,CHOQUE POSTERIOR,AUTOMÓVIL,COMERCIAL,2,0,0,0,0,0,0,0,0,0,0,0,0,2,LICENCIA,33,HOMBRE,ILESO,CONDUCTOR,NO,NO
2023,DMQ00082012023,1,0,DMQ,-0.189692,-78.497374,17,PICHINCHA,1701,QUITO,170150,QUITO,CUERO Y CAICEDO Y AMERICA,ZONA 9,URBANA,ND,ND,ND,ND,4/1/2023,10:45:00,DE 10H00 A 10H59,10,MIÉRCOLES,3,ENERO,1,NO,C16,NO TRANSITAR POR LAS ACERAS O ZONAS DE SEGURIDAD DESTINADAS PARA EL EFECTO.,ATROPELLOS,AUTOMÓVIL,PARTICULAR,1,0,0,0,0,0,0,0,0,0,0,0,0,1,CÉDULA,61,MUJER,LESIONADO,PEATÓN,NO,NO
2023,CTE00089012023,0,0,CTE,-0.449972,-78.649778,17,PICHINCHA,1703,MEJIA,170351,ALOAG,RED. ESTATAL E-20 KM 16+020 SENTIDO  SANTO DOMINGO - QUITO,ZONA 2,RURAL,331,ALOAG (OBELISCO) - TANDAPI,E20,ARTERIAL,4/1/2023,11:15:00,DE 11H00 A 11H59,11,MIÉRCOLES,3,ENERO,1,NO,C14,"CONDUCIR DESATENTO A LAS CONDICIONES DE TRÁNSITO (CELULAR, PANTALLAS DE VIDEO, COMIDA, MAQUILLAJE O CUALQUIER OTRO ELEMENTO DISTRACTOR).",ESTRELLAMIENTOS,CAMIÓN,PÚBLICO,1,0,0,1,0,0,0,0,0,0,0,0,0,2,LICENCIA,30,HOMBRE,ILESO,CONDUCTOR,NO,NO
2023,DMQ00086012023,0,0,DMQ,-0.109446,-78.458695,17,PICHINCHA,1701,QUITO,170155,CALDERON (CARAPUNGO),PANAMERICANA NORTE Y SIMON BOLIVAR,ZONA 9,RURAL,58,ENTRADA A CARAPUNGO - CALDERON,E28B,COLECTORA,4/1/2023,14:55:00,DE 14H00 A 14H59,14,MIÉRCOLES,3,ENERO,1,NO,C23,"NO RESPETAR LAS SEÑALES REGLAMENTARIAS DE TRÁNSITO. (PARE, CEDA EL PASO, LUZ ROJA DEL SEMAFORO, ETC).",ESTRELLAMIENTOS,AUTOMÓVIL,PARTICULAR,1,0,0,0,0,0,0,0,0,0,0,0,0,1,LICENCIA,25,HOMBRE,ILESO,CONDUCTOR,NO,NO
2023,DMQ00087012023,1,0,DMQ,-0.264329,-78.531638,17,PICHINCHA,1701,QUITO,170150,QUITO,TENIENTE HUGO ORTIZ Y TOMAS GUERRA,ZONA 9,URBANA,ND,ND,ND,ND,4/1/2023,15:20:00,DE 15H00 A 15H59,15,MIÉRCOLES,3,ENERO,1,NO,C09,CONDUCIR VEHÍCULO SUPERANDO LOS LÍMITES MÁXIMOS DE VELOCIDAD.,PÉRDIDA DE CARRIL,AUTOMÓVIL,PARTICULAR,1,0,0,0,0,0,0,0,0,0,0,0,0,1,CÉDULA,70,MUJER,LESIONADO,PASAJERO,NO,NO
2023,DMQ00093012023,2,0,DMQ,-0.099357,-78.445241,17,PICHINCHA,1701,QUITO,170155,CALDERON (CARAPUNGO),GIOVANNI CALLES Y CARLOS MANTILLA,ZONA 9,RURAL,ND,ND,ND,ND,4/1/2023,21:45:00,DE 21H00 A 21H59,21,MIÉRCOLES,3,ENERO,1,NO,C06,"CONDUCE BAJO LA INFLUENCIA DE ALCOHOL, SUSTANCIAS ESTUPEFACIENTES O PSICOTRÓPICAS Y/O MEDICAMENTOS.",OTROS,MOTOCICLETA,PARTICULAR,2,0,0,0,0,0,0,0,1,0,0,0,0,3,LICENCIA,20,HOMBRE,LESIONADO,CONDUCTOR,SI,NO
2023,DMQ00098012023,2,0,DMQ,-0.283753,-78.560028,17,PICHINCHA,1701,QUITO,170150,QUITO,JOAQUIN RUALES Y PRUDENCIO VASCONEZ,ZONA 9,URBANA,ND,ND,ND,ND,5/1/2023,7:45:00,DE 07H00 A 07H59,7,JUEVES,4,ENERO,1,NO,C25,NO CEDER EL DERECHO DE VÍA O PREFERENCIA DE PASO A VEHÍCULOS.,CHOQUE LATERAL,CAMIONETA,PARTICULAR,1,0,0,0,1,0,0,0,0,0,0,0,0,2,LICENCIA,26,HOMBRE,LESIONADO,CONDUCTOR,NO,NO
2023,DMQ00100012023,1,0,DMQ,-0.123909,-78.485895,17,PICHINCHA,1701,QUITO,170150,QUITO,DEL MAESTRO Y REAL AUDIENCIA,ZONA 9,URBANA,ND,ND,ND,ND,5/1/2023,8:45:00,DE 08H00 A 08H59,8,JUEVES,4,ENERO,1,NO,C25,NO CEDER EL DERECHO DE VÍA O PREFERENCIA DE PASO A VEHÍCULOS.,CHOQUE LATERAL,AUTOMÓVIL,PARTICULAR,2,0,0,0,0,0,0,0,0,0,0,0,0,2,LICENCIA,36,MUJER,LESIONADO,CONDUCTOR,NO,NO
2023,DMQ00104012023,0,0,DMQ,-0.280699,-78.557903,17,PICHINCHA,1701,QUITO,170150,QUITO,MATILDE ALVAREZ Y JOAQUIN RUALES,ZONA 9,URBANA,ND,ND,ND,ND,5/1/2023,16:20:00,DE 16H00 A 16H59,16,JUEVES,4,ENERO,1,NO,C25,NO CEDER EL DERECHO DE VÍA O PREFERENCIA DE PASO A VEHÍCULOS.,CHOQUE LATERAL,CAMIONETA,PARTICULAR,0,0,0,0,1,0,0,0,0,1,0,0,0,2,LICENCIA,38,HOMBRE,ILESO,CONDUCTOR,NO,NO
2023,DMQ00105012023,1,0,DMQ,-0.177361,-78.485814,17,PICHINCHA,1701,QUITO,170150,QUITO,AMAZONAS Y COREA,ZONA 9,URBANA,ND,ND,ND,ND,5/1/2023,16:50:00,DE 16H00 A 16H59,16,JUEVES,4,ENERO,1,NO,C16,NO TRANSITAR POR LAS ACERAS O ZONAS DE SEGURIDAD DESTINADAS PARA EL EFECTO.,ATROPELLOS,SCOOTER ELÉCTRICO,PARTICULAR,0,0,0,0,0,0,0,0,0,0,1,0,0,1,CÉDULA,27,MUJER,LESIONADO,PEATÓN,NO,NO
2023,PNE00032012023,0,0,PNE,-0.040475,-78.455014,17,PICHINCHA,1701,QUITO,170177,POMASQUI,POMASQUI  -  INGRESO  A  SAN  JOSE,ZONA 9,URBANA,52,QUITO - POMASQUI - REDONDEL MITAD DEL MUNDO,E28,COLECTORA,5/1/2023,19:00:00,DE 19H00 A 19H59,19,JUEVES,4,ENERO,1,NO,C06,"CONDUCE BAJO LA INFLUENCIA DE ALCOHOL, SUSTANCIAS ESTUPEFACIENTES O PSICOTRÓPICAS Y/O MEDICAMENTOS.",ROZAMIENTOS,AUTOMÓVIL,PARTICULAR,1,0,0,0,0,0,0,0,0,0,0,0,0,1,LICENCIA,39,HOMBRE,ILESO,CONDUCTOR,NO,SI
2023,DMQ00107012023,1,0,DMQ,-0.251119,-78.538441,17,PICHINCHA,1701,QUITO,170150,QUITO,MARISCAL SUCRE Y ZAPOTAL,ZONA 9,URBANA,ND,ND,ND,ND,5/1/2023,19:21:00,DE 19H00 A 19H59,19,JUEVES,4,ENERO,1,NO,C09,CONDUCIR VEHÍCULO SUPERANDO LOS LÍMITES MÁXIMOS DE VELOCIDAD.,OTROS,BUS,PÚBLICO,0,0,1,0,0,0,0,0,0,0,1,0,0,2,PASAPORTE,31,HOMBRE,LESIONADO,CONDUCTOR,NO,NO
2023,DMQ00112012023,1,0,DMQ,-0.123792,-78.498738,17,PICHINCHA,1701,QUITO,170150,QUITO,MACHALA Y FLAVIO ALFARO,ZONA 9,URBANA,ND,ND,ND,ND,6/1/2023,9:50:00,DE 09H00 A 09H59,9,VIERNES,5,ENERO,1,NO,C26,NO CEDER EL DERECHO DE VÍA O PREFERENCIA DE PASO AL PEATÓN.,ATROPELLOS,BUS,PÚBLICO,0,0,1,0,0,0,0,0,0,0,0,0,0,1,CÉDULA,27,HOMBRE,LESIONADO,PEATÓN,NO,NO
2023,DMQ00114012023,0,0,DMQ,-0.263526,-78.487552,17,PICHINCHA,1701,QUITO,170156,CONOCOTO,IGNACIO LECUMBERRY Y NELA MARTINEZ,ZONA 9,RURAL,ND,ND,ND,ND,6/1/2023,14:45:00,DE 14H00 A 14H59,14,VIERNES,5,ENERO,1,NO,C09,CONDUCIR VEHÍCULO SUPERANDO LOS LÍMITES MÁXIMOS DE VELOCIDAD.,ESTRELLAMIENTOS,FURGONETA,COMERCIAL,0,0,0,0,0,0,0,1,0,0,0,0,0,1,LICENCIA,21,HOMBRE,ILESO,CONDUCTOR,NO,NO
2023,DMQ00115012023,2,0,DMQ,-0.226151,-78.521181,17,PICHINCHA,1701,QUITO,170150,QUITO,CHIMBORAZO Y BAHIA DE CARAQUEZ,ZONA 9,URBANA,ND,ND,ND,ND,6/1/2023,15:05:00,DE 15H00 A 15H59,15,VIERNES,5,ENERO,1,NO,C01,"CASO FORTUITO O FUERZA MAYOR (EXPLOSIÓN DE NEUMÁTICO NUEVO, DERRUMBE, INUNDACIÓN, CAÍDA DE PUENTE, ÁRBOL, PRESENCIA INTEMPESTIVA E IMPREVISTA DE SEMOVIENTES EN LA VÍA, ETC.).",OTROS,NO IDENTIFICADO,PARTICULAR,0,0,0,0,0,0,0,0,0,2,0,0,0,2,LICENCIA,24,HOMBRE,LESIONADO,CONDUCTOR,NO,NO
2023,DMQ00116012023,1,0,DMQ,-0.111378,-78.459444,17,PICHINCHA,1701,QUITO,170155,CALDERON (CARAPUNGO),N69H Y E14A,ZONA 9,RURAL,ND,ND,ND,ND,6/1/2023,15:45:00,DE 15H00 A 15H59,15,VIERNES,5,ENERO,1,NO,C23,"NO RESPETAR LAS SEÑALES REGLAMENTARIAS DE TRÁNSITO. (PARE, CEDA EL PASO, LUZ ROJA DEL SEMAFORO, ETC).",CHOQUE LATERAL,CAMIONETA,PARTICULAR,1,0,0,0,1,0,0,0,0,0,0,0,0,2,CÉDULA,17,MUJER,LESIONADO,PASAJERO,NO,NO
2023,DMQ00117012023,1,0,DMQ,-0.313894,-78.553377,17,PICHINCHA,1701,QUITO,170150,QUITO,QUITUMBE ÑAN Y S47D,ZONA 9,URBANA,ND,ND,ND,ND,6/1/2023,16:15:00,DE 16H00 A 16H59,16,VIERNES,5,ENERO,1,NO,C06,"CONDUCE BAJO LA INFLUENCIA DE ALCOHOL, SUSTANCIAS ESTUPEFACIENTES O PSICOTRÓPICAS Y/O MEDICAMENTOS.",ATROPELLOS,CAMIONETA,PARTICULAR,0,0,0,0,1,0,0,0,0,0,0,0,0,1,CÉDULA,61,HOMBRE,LESIONADO,PEATÓN,NO,NO
2023,DMQ00120012023,0,0,DMQ,-0.088414,-78.472433,17,PICHINCHA,1701,QUITO,170150,QUITO,ALEJANDRO PONCE Y FRANCISCO DEL CAMPO,ZONA 9,URBANA,ND,ND,ND,ND,6/1/2023,19:48:00,DE 19H00 A 19H59,19,VIERNES,5,ENERO,1,NO,C06,"CONDUCE BAJO LA INFLUENCIA DE ALCOHOL, SUSTANCIAS ESTUPEFACIENTES O PSICOTRÓPICAS Y/O MEDICAMENTOS.",CHOQUE POSTERIOR,MOTOCICLETA,GOBIERNOS SECCIONALES,1,0,0,0,0,0,0,0,1,0,0,0,0,2,LICENCIA,25,HOMBRE,ILESO,CONDUCTOR,SI,NO
2023,DMQ00122012023,1,0,DMQ,-0.304121,-78.494117,17,PICHINCHA,1701,QUITO,170156,CONOCOTO,LEONIDAS PLAZA Y MANUEL DE JESUS MARTINEZ,ZONA 9,RURAL,ND,ND,ND,ND,6/1/2023,20:10:00,DE 20H00 A 20H59,20,VIERNES,5,ENERO,1,NO,C06,"CONDUCE BAJO LA INFLUENCIA DE ALCOHOL, SUSTANCIAS ESTUPEFACIENTES O PSICOTRÓPICAS Y/O MEDICAMENTOS.",ATROPELLOS,CAMIONETA,PARTICULAR,0,0,0,0,1,0,0,0,0,0,0,0,0,1,CÉDULA,63,MUJER,LESIONADO,PEATÓN,NO,NO
2023,PNE00035012023,0,1,PNE,-0.239971,-78.335244,17,PICHINCHA,1701,QUITO,170175,PIFO,E35  Sur  Km.  244    -  RETORNO  A  PALUGO  SENTIDO  NORTE  -SUR,ZONA 9,RURAL,ND,ND,ND,ND,6/1/2023,21:00:00,DE 21H00 A 21H59,21,VIERNES,5,ENERO,1,NO,C09,CONDUCIR VEHÍCULO SUPERANDO LOS LÍMITES MÁXIMOS DE VELOCIDAD.,ARROLLAMIENTOS,NO IDENTIFICADO,PARTICULAR,0,0,0,0,0,0,0,0,0,1,0,0,0,1,NO IDENTIFICADO,25,HOMBRE,FALLECIDO,PEATÓN,NO,SI
2023,DMQ00125012023,1,0,DMQ,-0.244724,-78.476049,17,PICHINCHA,1701,QUITO,170150,QUITO,SIMON BOLIVAR Y UNIVERSIDAD INTERNACIONAL,ZONA 9,URBANA,ND,ND,ND,ND,6/1/2023,22:20:00,DE 22H00 A 22H59,22,VIERNES,5,ENERO,1,NO,C06,"CONDUCE BAJO LA INFLUENCIA DE ALCOHOL, SUSTANCIAS ESTUPEFACIENTES O PSICOTRÓPICAS Y/O MEDICAMENTOS.",ATROPELLOS,AUTOMÓVIL,PARTICULAR,2,0,0,0,0,0,0,0,0,0,0,0,0,2,CÉDULA,38,HOMBRE,LESIONADO,PEATÓN,NO,NO
2023,DMQ00127012023,2,0,DMQ,-0.254483,-78.530966,17,PICHINCHA,1701,QUITO,170150,QUITO,TENIENTE HUGO ORTIZ Y CARDENAL DE LA TORRE,ZONA 9,URBANA,ND,ND,ND,ND,7/1/2023,0:45:00,DE 00H00 A 00H59,0,SÁBADO,6,ENERO,1,NO,C09,CONDUCIR VEHÍCULO SUPERANDO LOS LÍMITES MÁXIMOS DE VELOCIDAD.,PÉRDIDA DE CARRIL,MOTOCICLETA,PARTICULAR,0,0,0,0,0,0,0,0,1,0,0,0,0,1,CÉDULA,25,HOMBRE,LESIONADO,PASAJERO,SI,NO
2023,DMQ00128012023,2,0,DMQ,-0.268806,-78.532837,17,PICHINCHA,1701,QUITO,170150,QUITO,TENIENTE HUGO ORTIZ Y AJAVI,ZONA 9,URBANA,ND,ND,ND,ND,7/1/2023,0:48:00,DE 00H00 A 00H59,0,SÁBADO,6,ENERO,1,NO,C09,CONDUCIR VEHÍCULO SUPERANDO LOS LÍMITES MÁXIMOS DE VELOCIDAD.,PÉRDIDA DE CARRIL,MOTOCICLETA,PARTICULAR,0,0,0,0,0,0,0,0,1,0,0,0,0,1,CÉDULA,27,HOMBRE,LESIONADO,PASAJERO,SI,NO
2023,DMQ00130012023,2,0,DMQ,-0.094611,-78.482081,17,PICHINCHA,1701,QUITO,170150,QUITO,MARISCAL SUCRE Y DIEGO VASQUEZ DE CEPEDA,ZONA 9,URBANA,ND,ND,ND,ND,7/1/2023,3:00:00,DE 03H00 A 03H59,3,SÁBADO,6,ENERO,1,NO,C23,"NO RESPETAR LAS SEÑALES REGLAMENTARIAS DE TRÁNSITO. (PARE, CEDA EL PASO, LUZ ROJA DEL SEMAFORO, ETC).",CHOQUE LATERAL,AUTOMÓVIL,PARTICULAR,2,0,0,0,0,0,0,0,0,0,0,0,0,2,LICENCIA,36,HOMBRE,LESIONADO,CONDUCTOR,NO,NO
2023,DMQ00131012023,1,0,DMQ,-0.215537,-78.517442,17,PICHINCHA,1701,QUITO,170150,QUITO,MARISCAL SUCRE Y EL PLACER,ZONA 9,URBANA,ND,ND,ND,ND,7/1/2023,3:30:00,DE 03H00 A 03H59,3,SÁBADO,6,ENERO,1,NO,C25,NO CEDER EL DERECHO DE VÍA O PREFERENCIA DE PASO A VEHÍCULOS.,CHOQUE LATERAL,CAMIÓN,GOBIERNOS SECCIONALES,0,0,0,1,0,0,0,0,1,0,0,0,0,2,LICENCIA,27,HOMBRE,LESIONADO,CONDUCTOR,SI,NO
2023,DMQ00132012023,1,0,DMQ,-0.104669,-78.453862,17,PICHINCHA,1701,QUITO,170155,CALDERON (CARAPUNGO),PADRE LUIS VACCARI Y GIOVANNI CALLES,ZONA 9,RURAL,ND,ND,ND,ND,7/1/2023,4:15:00,DE 04H00 A 04H59,4,SÁBADO,6,ENERO,1,NO,C23,"NO RESPETAR LAS SEÑALES REGLAMENTARIAS DE TRÁNSITO. (PARE, CEDA EL PASO, LUZ ROJA DEL SEMAFORO, ETC).",CHOQUE LATERAL,AUTOMÓVIL,COMERCIAL,2,0,0,0,0,0,0,0,0,0,0,0,0,2,CÉDULA,58,MUJER,LESIONADO,PASAJERO,NO,NO
2023,DMQ00133012023,0,0,DMQ,-0.165785,-78.452747,17,PICHINCHA,1701,QUITO,170150,QUITO,SIMON BOLIVAR Y INGRESO A CAMPOSANTO,ZONA 9,URBANA,ND,ND,ND,ND,7/1/2023,4:45:00,DE 04H00 A 04H59,4,SÁBADO,6,ENERO,1,NO,C09,CONDUCIR VEHÍCULO SUPERANDO LOS LÍMITES MÁXIMOS DE VELOCIDAD.,ESTRELLAMIENTOS,AUTOMÓVIL,PARTICULAR,1,0,0,0,0,0,0,0,0,0,0,0,0,1,CÉDULA,18,MUJER,ILESO,PASAJERO,NO,NO
2023,DMQ00138012023,0,0,DMQ,-0.289827,-78.543902,17,PICHINCHA,1701,QUITO,170150,QUITO,S33 Y QUIPU,ZONA 9,URBANA,ND,ND,ND,ND,7/1/2023,12:00:00,DE 12H00 A 12H59,12,SÁBADO,6,ENERO,1,NO,C23,"NO RESPETAR LAS SEÑALES REGLAMENTARIAS DE TRÁNSITO. (PARE, CEDA EL PASO, LUZ ROJA DEL SEMAFORO, ETC).",OTROS,AUTOMÓVIL,PARTICULAR,1,0,0,0,0,0,0,0,0,0,0,0,0,1,NO IDENTIFICADO,-1,NO IDENTIFICADO,NO IDENTIFICADO,CONDUCTOR,NO,NO
2023,DMQ00142012023,1,0,DMQ,-0.293743,-78.569629,17,PICHINCHA,1701,QUITO,170150,QUITO,OE12 Y JORGE SALVADOR LARA,ZONA 9,URBANA,ND,ND,ND,ND,7/1/2023,18:55:00,DE 18H00 A 18H59,18,SÁBADO,6,ENERO,1,NO,C26,NO CEDER EL DERECHO DE VÍA O PREFERENCIA DE PASO AL PEATÓN.,ATROPELLOS,NO IDENTIFICADO,PARTICULAR,0,0,0,0,0,0,0,0,0,1,0,0,0,1,CÉDULA,3,HOMBRE,LESIONADO,PEATÓN,NO,NO
2023,DMQ00149012023,0,3,DMQ,-0.190882,-78.457532,17,PICHINCHA,1701,QUITO,170150,QUITO,OSWALDO GUAYASAMIN Y DIAGONAL A LA FABRICA DE ASFALTO,ZONA 9,URBANA,60,QUITO - TUMBACO - PIFO,E28C,COLECTORA,7/1/2023,22:30:00,DE 22H00 A 22H59,22,SÁBADO,6,ENERO,1,NO,C09,CONDUCIR VEHÍCULO SUPERANDO LOS LÍMITES MÁXIMOS DE VELOCIDAD.,OTROS,AUTOMÓVIL,PARTICULAR,2,0,0,0,0,0,0,0,0,1,0,0,0,3,LICENCIA,28,HOMBRE,FALLECIDO,CONDUCTOR,NO,NO
2023,DMQ00150012023,1,0,DMQ,-0.202163,-78.497707,17,PICHINCHA,1701,QUITO,170150,QUITO,10 DE AGOSTO Y JERONIMO CARRION,ZONA 9,URBANA,ND,ND,ND,ND,7/1/2023,23:40:00,DE 23H00 A 23H59,23,SÁBADO,6,ENERO,1,NO,C23,"NO RESPETAR LAS SEÑALES REGLAMENTARIAS DE TRÁNSITO. (PARE, CEDA EL PASO, LUZ ROJA DEL SEMAFORO, ETC).",CHOQUE LATERAL,AUTOMÓVIL,PARTICULAR,2,0,0,0,0,0,0,0,0,0,0,0,0,2,CÉDULA,32,MUJER,LESIONADO,PASAJERO,NO,NO
2023,DMQ00156012023,0,0,DMQ,-0.233391,-78.508778,17,PICHINCHA,1701,QUITO,170150,QUITO,VELASCO IBARRA Y SENA,ZONA 9,URBANA,ND,ND,ND,ND,8/1/2023,3:40:00,DE 03H00 A 03H59,3,DOMINGO,7,ENERO,1,NO,C25,NO CEDER EL DERECHO DE VÍA O PREFERENCIA DE PASO A VEHÍCULOS.,CHOQUE LATERAL,AUTOMÓVIL,PARTICULAR,2,0,0,0,0,0,0,0,0,0,0,0,0,2,NO IDENTIFICADO,-1,NO IDENTIFICADO,NO IDENTIFICADO,CONDUCTOR,NO,NO