ANIO,SINIESTROS,LESIONADOS,FALLECIDOS,ENTE_DE_CONTROL,LATITUD_Y,LONGITUD_X,DPA_1,PROVINCIA,DPA_2,CANTON,DPA_3,PARROQUIA,DIRECCION,ZONA_PLANIFICACION,ZONA,ID_DE_LA_VIA,NOMBRE_DE_LA_VIA,UBICACION_DE_LA_VIA,JERARQUIA_DE_LA_VIA,FECHA,HORA,PERIODO_1,PERIODO_2,DIA_1,DIA_2,MES_1,MES_2,FERIADO,CODIGO_CAUSA,CAUSA_PROBABLE,TIPO_DE_SINIESTRO,TIPO_DE_VEHICULO_1,SERVICIO_1,AUTOMOVIL,BICICLETA,BUS,CAMION,CAMIONETA,EMERGENCIAS,ESPECIAL,FURGONETA,MOTOCICLETA,NO_IDENTIFICADO,SCOOTER_ELECTRICO,TRICIMOTO,VEHICULO_DEPORTIVO_UTILITARIO,SUMA_DE_VEHICULOS,TIPO_ID_1,EDAD_1,SEXO_1,CONDICION_1,PARTICIPANTE_1,CASCO_1,CINTURON_1
2023,DMQ00157012023,2,0,DMQ,-0.133853,-78.493833,17,PICHINCHA,1701,QUITO,170150,QUITO,PRENSA Y FERNANDEZ SALVADOR,ZONA 9,URBANA,ND,ND,ND,ND,8/1/2023,4:30:00,DE 04H00 A 04H59,4,DOMINGO,7,ENERO,1,NO,C23,"NO RESPETAR LAS SEÑALES REGLAMENTARIAS DE TRÁNSITO. (PARE, CEDA EL PASO, LUZ ROJA DEL SEMAFORO, ETC).",CHOQUE LATERAL,AUTOMÓVIL,PARTICULAR,2,0,0,0,0,0,0,0,0,0,0,0,0,2,NO IDENTIFICADO,21,HOMBRE,LESIONADO,PASAJERO,NO,NO
2023,DMQ00159012023,1,0,DMQ,-0.204347,-78.490006,17,PICHINCHA,1701,QUITO,170150,QUITO,6 DE DICIEMBRE Y MARISCAL FOCH,ZONA 9,URBANA,ND,ND,ND,ND,8/1/2023,9:00:00,DE 09H00 A 09H59,9,DOMINGO,7,ENERO,1,NO,C09,CONDUCIR VEHÍCULO SUPERANDO LOS LÍMITES MÁXIMOS DE VELOCIDAD.,PÉRDIDA DE CARRIL,MOTOCICLETA,PARTICULAR,0,0,0,0,0,0,0,0,1,0,0,0,0,1,PASAPORTE,37,HOMBRE,LESIONADO,CONDUCTOR,NO,NO
2023,DMQ00160012023,0,0,DMQ,-0.326044,-78.556305,17,PICHINCHA,1701,QUITO,170150,QUITO,LEOPOLDO CHAVEZ Y MARISCAL SUCRE,ZONA 9,URBANA,ND,ND,ND,ND,8/1/2023,11:19:00,DE 11H00 A 11H59,11,DOMINGO,7,ENERO,1,NO,C23,"NO RESPETAR LAS SEÑALES REGLAMENTARIAS DE TRÁNSITO. (PARE, CEDA EL PASO, LUZ ROJA DEL SEMAFORO, ETC).",ESTRELLAMIENTOS,BUS,PÚBLICO,0,0,1,0,0,0,0,0,0,0,0,0,0,1,LICENCIA,64,HOMBRE,ILESO,CONDUCTOR,NO,NO
2023,DMQ00161012023,0,0,DMQ,-0.303396,-78.551285,17,PICHINCHA,1701,QUITO,170150,QUITO,QUITUMBE ÑAN Y S40,ZONA 9,URBANA,ND,ND,ND,ND,8/1/2023,11:30:00,DE 11H00 A 11H59,11,DOMINGO,7,ENERO,1,NO,C23,"NO RESPETAR LAS SEÑALES REGLAMENTARIAS DE TRÁNSITO. (PARE, CEDA EL PASO, LUZ ROJA DEL SEMAFORO, ETC).",OTROS,BUS,PÚBLICO,0,0,1,0,0,0,0,0,0,0,0,0,0,1,LICENCIA,27,HOMBRE,ILESO,CONDUCTOR,NO,NO
2023,DMQ00162012023,0,0,DMQ,-0.167895,-78.479368,17,PICHINCHA,1701,QUITO,170150,QUITO,SHYRIS Y ISLA PINZON,ZONA 9,URBANA,ND,ND,ND,ND,8/1/2023,12:35:00,DE 12H00 A 12H59,12,DOMINGO,7,ENERO,1,NO,C11,NO MANTENER LA DISTANCIA PRUDENCIAL CON RESPECTO AL VEHÍCULO QUE LE ANTECEDE.,CHOQUE POSTERIOR,AUTOMÓVIL,PARTICULAR,2,0,0,0,0,0,0,0,0,0,0,0,0,2,LICENCIA,32,HOMBRE,ILESO,CONDUCTOR,NO,NO
2023,DMQ00164012023,0,0,DMQ,-0.330721,-78.550462,17,PICHINCHA,1701,QUITO,170150,QUITO,MALDONADO Y S54,ZONA 9,URBANA,ND,ND,ND,ND,8/1/2023,12:50:00,DE 12H00 A 12H59,12,DOMINGO,7,ENERO,1,NO,C06,"CONDUCE BAJO LA INFLUENCIA DE ALCOHOL, SUSTANCIAS ESTUPEFACIENTES O PSICOTRÓPICAS Y/O MEDICAMENTOS.",PÉRDIDA DE CARRIL,AUTOMÓVIL,PARTICULAR,1,0,0,0,0,0,0,0,0,0,0,0,0,1,LICENCIA,29,HOMBRE,ILESO,CONDUCTOR,NO,NO
2023,CTE00145012023,5,0,CTE,-0.446782,-78.664274,17,PICHINCHA,1703,MEJIA,170351,ALOAG,RED. ESTATAL E-20 KM29,ZONA 2,RURAL,331,ALOAG (OBELISCO) - TANDAPI,E20,ARTERIAL,8/1/2023,14:45:00,DE 14H00 A 14H59,14,DOMINGO,7,ENERO,1,NO,C23,"NO RESPETAR LAS SEÑALES REGLAMENTARIAS DE TRÁNSITO. (PARE, CEDA EL PASO, LUZ ROJA DEL SEMAFORO, ETC).",CHOQUE LATERAL,VEHÍCULO DEPORTIVO UTILITARIO,PARTICULAR,1,0,0,0,0,0,0,0,0,0,0,0,1,2,LICENCIA,-1,HOMBRE,LESIONADO,CONDUCTOR,NO,NO
2023,DMQ00168012023,1,0,DMQ,-0.250357,-78.537532,17,PICHINCHA,1701,QUITO,170150,QUITO,MARISCAL SUCRE Y PEDRO CAPIRO,ZONA 9,URBANA,ND,ND,ND,ND,8/1/2023,15:35:00,DE 15H00 A 15H59,15,DOMINGO,7,ENERO,1,NO,C26,NO CEDER EL DERECHO DE VÍA O PREFERENCIA DE PASO AL PEATÓN.,ATROPELLOS,NO IDENTIFICADO,PARTICULAR,0,0,0,0,0,0,0,0,0,1,0,0,0,1,CÉDULA,69,MUJER,LESIONADO,PEATÓN,NO,NO
2023,DMQ00171012023,0,0,DMQ,-0.085425,-78.418426,17,PICHINCHA,1701,QUITO,170155,CALDERON (CARAPUNGO),JORGE CABEZAS Y MARIA GODOY,ZONA 9,RURAL,ND,ND,ND,ND,8/1/2023,18:40:00,DE 18H00 A 18H59,18,DOMINGO,7,ENERO,1,NO,C25,NO CEDER EL DERECHO DE VÍA O PREFERENCIA DE PASO A VEHÍCULOS.,CHOQUE LATERAL,FURGONETA,PARTICULAR,1,0,0,0,0,0,0,1,0,0,0,0,0,2,LICENCIA,30,HOMBRE,ILESO,CONDUCTOR,NO,NO
2023,DMQ00172012023,2,0,DMQ,-0.310454,-78.558751,17,PICHINCHA,1701,QUITO,170150,QUITO,MARISCAL SUCRE Y S46,ZONA 9,URBANA,ND,ND,ND,ND,8/1/2023,19:30:00,DE 19H00 A 19H59,19,DOMINGO,7,ENERO,1,NO,C23,"NO RESPETAR LAS SEÑALES REGLAMENTARIAS DE TRÁNSITO. (PARE, CEDA EL PASO, LUZ ROJA DEL SEMAFORO, ETC).",CHOQUE FRONTAL,AUTOMÓVIL,PARTICULAR,2,0,0,0,0,0,0,0,0,0,0,0,0,2,LICENCIA,31,HOMBRE,LESIONADO,CONDUCTOR,NO,NO
2023,DMQ00173012023,0,0,DMQ,-0.229167,-78.522047,17,PICHINCHA,1701,QUITO,170150,QUITO,NECOCHEA Y HUANCAVILCA,ZONA 9,URBANA,ND,ND,ND,ND,8/1/2023,20:20:00,DE 20H00 A 20H59,20,DOMINGO,7,ENERO,1,NO,C23,"NO RESPETAR LAS SEÑALES REGLAMENTARIAS DE TRÁNSITO. (PARE, CEDA EL PASO, LUZ ROJA DEL SEMAFORO, ETC).",ESTRELLAMIENTOS,CAMIONETA,ESTADO,0,0,0,0,1,0,0,0,0,0,0,0,0,1,LICENCIA,30,MUJER,ILESO,CONDUCTOR,NO,NO
2023,DMQ00180012023,0,0,DMQ,-0.302658,-78.556541,17,PICHINCHA,1701,QUITO,170150,QUITO,RUMICHACA ÑAN Y S41,ZONA 9,URBANA,ND,ND,ND,ND,9/1/2023,8:50:00,DE 08H00 A 08H59,8,LUNES,1,ENERO,1,NO,C25,NO CEDER EL DERECHO DE VÍA O PREFERENCIA DE PASO A VEHÍCULOS.,CHOQUE LATERAL,AUTOMÓVIL,PARTICULAR,2,0,0,0,0,0,0,0,0,0,0,0,0,2,LICENCIA,19,HOMBRE,ILESO,CONDUCTOR,NO,NO
2023,DMQ00183012023,2,0,DMQ,-0.094826,-78.477528,17,PICHINCHA,1701,QUITO,170150,QUITO,JUAN BARREZUETA Y JOAQUIN MANCHENO,ZONA 9,URBANA,ND,ND,ND,ND,9/1/2023,13:15:00,DE 13H00 A 13H59,13,LUNES,1,ENERO,1,NO,C10,"CONDICIONES AMBIENTALES Y/O ATMOSFÉRICAS (NIEBLA, NEBLINA, GRANIZO, LLUVIA).",CHOQUE LATERAL,MOTOCICLETA,PARTICULAR,1,0,0,0,0,0,0,0,1,0,0,0,0,2,CÉDULA,32,HOMBRE,LESIONADO,PASAJERO,SI,NO
2023,DMQ00184012023,1,0,DMQ,-0.109746,-78.458528,17,PICHINCHA,1701,QUITO,170155,CALDERON (CARAPUNGO),SIMON BOLIVAR Y PANAMERICANA NORTE,ZONA 9,RURAL,ND,ND,ND,ND,9/1/2023,13:35:00,DE 13H00 A 13H59,13,LUNES,1,ENERO,1,NO,C10,"CONDICIONES AMBIENTALES Y/O ATMOSFÉRICAS (NIEBLA, NEBLINA, GRANIZO, LLUVIA).",CHOQUE LATERAL,BICICLETA,PARTICULAR,0,1,0,0,0,0,0,0,1,0,0,0,0,2,LICENCIA,22,MUJER,LESIONADO,CONDUCTOR,NO,NO
2023,DMQ00188012023,0,0,DMQ,-0.214999,-78.455202,17,PICHINCHA,1701,QUITO,170157,CUMBAYA,RUTA VIVA Y KILOMETRO 2,ZONA 9,RURAL,ND,ND,ND,ND,9/1/2023,17:30:00,DE 17H00 A 17H59,17,LUNES,1,ENERO,1,NO,C10,"CONDICIONES AMBIENTALES Y/O ATMOSFÉRICAS (NIEBLA, NEBLINA, GRANIZO, LLUVIA).",ESTRELLAMIENTOS,AUTOMÓVIL,PARTICULAR,1,0,0,0,0,0,0,0,0,0,0,0,0,1,LICENCIA,45,HOMBRE,ILESO,CONDUCTOR,NO,NO
2023,DMQ00189012023,0,0,DMQ,-0.215622,-78.455839,17,PICHINCHA,1701,QUITO,170157,CUMBAYA,RUTA VIVA Y ENTRADA A YANAZARAPATA,ZONA 9,RURAL,ND,ND,ND,ND,9/1/2023,18:12:00,DE 18H00 A 18H59,18,LUNES,1,ENERO,1,NO,C10,"CONDICIONES AMBIENTALES Y/O ATMOSFÉRICAS (NIEBLA, NEBLINA, GRANIZO, LLUVIA).",ESTRELLAMIENTOS,AUTOMÓVIL,PARTICULAR,1,0,0,0,0,0,0,0,0,0,0,0,0,1,LICENCIA,49,HOMBRE,ILESO,CONDUCTOR,NO,NO
2023,DMQ00192012023,0,0,DMQ,-0.308469,-78.544927,17,PICHINCHA,1701,QUITO,170150,QUITO,MALDONADO Y S44,ZONA 9,URBANA,ND,ND,ND,ND,9/1/2023,20:12:00,DE 20H00 A 20H59,20,LUNES,1,ENERO,1,NO,C06,"CONDUCE BAJO LA INFLUENCIA DE ALCOHOL, SUSTANCIAS ESTUPEFACIENTES O PSICOTRÓPICAS Y/O MEDICAMENTOS.",ESTRELLAMIENTOS,AUTOMÓVIL,COMERCIAL,1,0,0,0,0,0,0,0,0,0,0,0,0,1,LICENCIA,66,HOMBRE,ILESO,CONDUCTOR,NO,NO
2023,DMQ00194012023,0,0,DMQ,-0.206319,-78.501896,17,PICHINCHA,1701,QUITO,170150,QUITO,VERSALLES Y ASUNCION,ZONA 9,URBANA,ND,ND,ND,ND,9/1/2023,21:40:00,DE 21H00 A 21H59,21,LUNES,1,ENERO,1,NO,C10,"CONDICIONES AMBIENTALES Y/O ATMOSFÉRICAS (NIEBLA, NEBLINA, GRANIZO, LLUVIA).",CHOQUE LATERAL,AUTOMÓVIL,PARTICULAR,2,0,0,0,0,0,0,0,0,0,0,0,0,2,LICENCIA,22,HOMBRE,ILESO,CONDUCTOR,NO,NO
2023,DMQ00197012023,1,0,DMQ,-0.193433,-78.482987,17,PICHINCHA,1701,QUITO,170150,QUITO,DIEGO DE ALMAGRO Y WHYMPER,ZONA 9,URBANA,ND,ND,ND,ND,10/1/2023,9:40:00,DE 09H00 A 09H59,9,MARTES,2,ENERO,1,NO,C16,NO TRANSITAR POR LAS ACERAS O ZONAS DE SEGURIDAD DESTINADAS PARA EL EFECTO.,ARROLLAMIENTOS,AUTOMÓVIL,PARTICULAR,1,0,0,0,0,0,0,0,0,0,0,0,0,1,PASAPORTE,32,HOMBRE,LESIONADO,PEATÓN,NO,NO
2023,DMQ00201012023,0,0,DMQ,-0.220112,-78.507467,17,PICHINCHA,1701,QUITO,170150,QUITO,PICHINCHA Y MANABI,ZONA 9,URBANA,ND,ND,ND,ND,10/1/2023,15:45:00,DE 15H00 A 15H59,15,MARTES,2,ENERO,1,NO,C10,"CONDICIONES AMBIENTALES Y/O ATMOSFÉRICAS (NIEBLA, NEBLINA, GRANIZO, LLUVIA).",CHOQUE LATERAL,BUS,PÚBLICO,0,0,1,0,0,0,0,0,1,0,0,0,0,2,LICENCIA,31,HOMBRE,ILESO,CONDUCTOR,SI,NO
2023,DMQ00203012023,0,1,DMQ,-0.115461,-78.489524,17,PICHINCHA,1701,QUITO,170150,QUITO,BELLAVISTA Y DE LOS MOLLES,ZONA 9,URBANA,ND,ND,ND,ND,10/1/2023,17:00:00,DE 17H00 A 17H59,17,MARTES,2,ENERO,1,NO,C26,NO CEDER EL DERECHO DE VÍA O PREFERENCIA DE PASO AL PEATÓN.,ATROPELLOS,BUS,PÚBLICO,0,0,1,0,0,0,0,0,0,0,0,0,0,1,CÉDULA,75,HOMBRE,FALLECIDO,PEATÓN,NO,NO
2023,DMQ00204012023,2,0,DMQ,-0.286409,-78.556213,17,PICHINCHA,1701,QUITO,170150,QUITO,MARISCAL SUCRE Y DIEGO VASQUEZ,ZONA 9,URBANA,ND,ND,ND,ND,10/1/2023,17:20:00,DE 17H00 A 17H59,17,MARTES,2,ENERO,1,NO,C16,NO TRANSITAR POR LAS ACERAS O ZONAS DE SEGURIDAD DESTINADAS PARA EL EFECTO.,ATROPELLOS,MOTOCICLETA,PARTICULAR,0,0,0,0,0,0,0,0,1,0,0,0,0,1,LICENCIA,22,HOMBRE,LESIONADO,CONDUCTOR,SI,NO
2023,DMQ00205012023,0,0,DMQ,-0.218017,-78.431799,17,PICHINCHA,1701,QUITO,170157,CUMBAYA,RUTA VIVA Y NAPOLES,ZONA 9,RURAL,ND,ND,ND,ND,10/1/2023,17:20:00,DE 17H00 A 17H59,17,MARTES,2,ENERO,1,NO,C06,"CONDUCE BAJO LA INFLUENCIA DE ALCOHOL, SUSTANCIAS ESTUPEFACIENTES O PSICOTRÓPICAS Y/O MEDICAMENTOS.",CHOQUE LATERAL,AUTOMÓVIL,PARTICULAR,2,0,0,0,0,0,0,0,0,0,0,0,0,2,LICENCIA,28,HOMBRE,ILESO,CONDUCTOR,NO,NO
2023,DMQ00206012023,0,0,DMQ,-0.073279,-78.469468,17,PICHINCHA,1701,QUITO,170177,POMASQUI,DE LOS NARCISOS Y MANUEL CORDOVA GALARZA,ZONA 9,RURAL,ND,ND,ND,ND,10/1/2023,19:20:00,DE 19H00 A 19H59,19,MARTES,2,ENERO,1,NO,C10,"CONDICIONES AMBIENTALES Y/O ATMOSFÉRICAS (NIEBLA, NEBLINA, GRANIZO, LLUVIA).",ESTRELLAMIENTOS,AUTOMÓVIL,PARTICULAR,1,0,0,0,0,0,0,0,0,0,0,0,0,1,LICENCIA,47,HOMBRE,ILESO,CONDUCTOR,NO,NO
2023,DMQ00208012023,1,0,DMQ,-0.286871,-78.489169,17,PICHINCHA,1701,QUITO,170156,CONOCOTO,CAMILO PONCE ENRIQUEZ Y HUAYNA CAPAC,ZONA 9,RURAL,ND,ND,ND,ND,10/1/2023,19:53:00,DE 19H00 A 19H59,19,MARTES,2,ENERO,1,NO,C10,"CONDICIONES AMBIENTALES Y/O ATMOSFÉRICAS (NIEBLA, NEBLINA, GRANIZO, LLUVIA).",CHOQUE FRONTAL,NO IDENTIFICADO,PARTICULAR,0,0,0,0,0,0,0,0,0,2,0,0,0,2,LICENCIA,27,HOMBRE,LESIONADO,CONDUCTOR,NO,NO
2023,DMQ00216012023,0,0,DMQ,-0.147556,-78.447795,17,PICHINCHA,1701,QUITO,170150,QUITO,SIMON BOLIVAR Y QUITO,ZONA 9,RURAL,ND,ND,ND,ND,11/1/2023,9:15:00,DE 09H00 A 09H59,9,MIÉRCOLES,3,ENERO,1,NO,C10,"CONDICIONES AMBIENTALES Y/O ATMOSFÉRICAS (NIEBLA, NEBLINA, GRANIZO, LLUVIA).",COLISIÓN,AUTOMÓVIL,PARTICULAR,3,0,0,0,0,0,0,0,0,0,0,0,0,3,LICENCIA,24,HOMBRE,ILESO,CONDUCTOR,NO,NO
2023,DMQ00218012023,0,0,DMQ,-0.113487,-78.505201,17,PICHINCHA,1701,QUITO,170150,QUITO,MARISCAL SUCRE Y MACHALA,ZONA 9,URBANA,ND,ND,ND,ND,11/1/2023,9:40:00,DE 09H00 A 09H59,9,MIÉRCOLES,3,ENERO,1,NO,C09,CONDUCIR VEHÍCULO SUPERANDO LOS LÍMITES MÁXIMOS DE VELOCIDAD.,OTROS,AUTOMÓVIL,PARTICULAR,2,0,0,0,0,0,0,0,0,1,0,0,0,3,LICENCIA,39,HOMBRE,ILESO,CONDUCTOR,NO,NO
2023,DMQ00223012023,1,0,DMQ,-0.202898,-78.482964,17,PICHINCHA,1701,QUITO,170150,QUITO,CORUÑA Y 12 DE OCTUBRE,ZONA 9,URBANA,ND,ND,ND,ND,11/1/2023,18:50:00,DE 18H00 A 18H59,18,MIÉRCOLES,3,ENERO,1,NO,C26,NO CEDER EL DERECHO DE VÍA O PREFERENCIA DE PASO AL PEATÓN.,ATROPELLOS,NO IDENTIFICADO,PARTICULAR,0,0,0,0,0,0,0,0,0,1,0,0,0,1,CÉDULA,41,MUJER,LESIONADO,PEATÓN,NO,NO
2023,DMQ00229012023,0,0,DMQ,-0.244401,-78.506001,17,PICHINCHA,1701,QUITO,170150,QUITO,JUAN BAUTISTA AGUIRRE Y PASAJE DIAGONAL AL SUBCENTRO DE SALUD PIO XII,ZONA 9,URBANA,ND,ND,ND,ND,12/1/2023,2:15:00,DE 02H00 A 02H59,2,JUEVES,4,ENERO,1,NO,C19,REALIZAR CAMBIO BRUSCO O INDEBIDO DE CARRIL.,CHOQUE FRONTAL,FURGONETA,COMERCIAL,1,0,0,0,0,0,0,1,0,0,0,0,0,2,CÉDULA,52,HOMBRE,ILESO,PASAJERO,NO,NO
2023,DMQ00230012023,1,0,DMQ,-0.302988,-78.476481,17,PICHINCHA,1701,QUITO,170156,CONOCOTO,JUAN MONTALVO Y LUIS HERNANDEZ,ZONA 9,RURAL,ND,ND,ND,ND,12/1/2023,7:00:00,DE 07H00 A 07H59,7,JUEVES,4,ENERO,1,NO,C16,NO TRANSITAR POR LAS ACERAS O ZONAS DE SEGURIDAD DESTINADAS PARA EL EFECTO.,ATROPELLOS,AUTOMÓVIL,PARTICULAR,1,0,0,0,0,0,0,0,0,0,0,0,0,1,CÉDULA,77,HOMBRE,LESIONADO,PEATÓN,NO,NO
2023,DMQ00235012023,0,0,DMQ,-0.238928,-78.484812,17,PICHINCHA,1701,QUITO,170150,QUITO,AUTOPISTA GENERAL RUMIÑAHUI Y SIMON BOLIVAR,ZONA 9,URBANA,ND,ND,ND,ND,12/1/2023,9:05:00,DE 09H00 A 09H59,9,JUEVES,4,ENERO,1,NO,C11,NO MANTENER LA DISTANCIA PRUDENCIAL CON RESPECTO AL VEHÍCULO QUE LE ANTECEDE.,COLISIÓN,CAMIÓN,CUENTA PROPIA,1,0,0,1,1,0,0,0,0,0,0,0,0,3,LICENCIA,55,HOMBRE,ILESO,CONDUCTOR,NO,NO
2023,DMQ00237012023,0,0,DMQ,-0.230194,-78.506516,17,PICHINCHA,1701,QUITO,170150,QUITO,PICHINCHA Y PIEDRA,ZONA 9,URBANA,ND,ND,ND,ND,12/1/2023,10:50:00,DE 10H00 A 10H59,10,JUEVES,4,ENERO,1,NO,C25,NO CEDER EL DERECHO DE VÍA O PREFERENCIA DE PASO A VEHÍCULOS.,CHOQUE LATERAL,BUS,PÚBLICO,0,0,1,0,0,0,0,0,1,0,0,0,0,2,LICENCIA,31,HOMBRE,ILESO,CONDUCTOR,SI,NO
2023,DMQ00239012023,1,0,DMQ,-0.115627,-78.491811,17,PICHINCHA,1701,QUITO,170150,QUITO,BELLAVISTA Y DOMINGO SEGURA,ZONA 9,URBANA,ND,ND,ND,ND,12/1/2023,12:20:00,DE 12H00 A 12H59,12,JUEVES,4,ENERO,1,NO,C26,NO CEDER EL DERECHO DE VÍA O PREFERENCIA DE PASO AL PEATÓN.,ATROPELLOS,CAMIONETA,PARTICULAR,0,0,0,0,1,0,0,0,0,0,0,0,0,1,CÉDULA,54,MUJER,LESIONADO,PEATÓN,NO,NO
2023,DMQ00246012023,0,0,DMQ,-0.077861,-78.435588,17,PICHINCHA,1701,QUITO,170155,CALDERON (CARAPUNGO),ABDON CALDERON Y CARLOS MANTILLA,ZONA 9,RURAL,ND,ND,ND,ND,12/1/2023,16:20:00,DE 16H00 A 16H59,16,JUEVES,4,ENERO,1,NO,C09,CONDUCIR VEHÍCULO SUPERANDO LOS LÍMITES MÁXIMOS DE VELOCIDAD.,ESTRELLAMIENTOS,CAMIÓN,CUENTA PROPIA,0,0,0,1,0,0,0,0,0,0,0,0,0,1,NO IDENTIFICADO,-1,NO IDENTIFICADO,NO IDENTIFICADO,CONDUCTOR,NO,NO
2023,DMQ00247012023,1,0,DMQ,-0.161677,-78.490085,17,PICHINCHA,1701,QUITO,170150,QUITO,BRASIL Y JUAN GALARZA,ZONA 9,URBANA,ND,ND,ND,ND,12/1/2023,18:45:00,DE 18H00 A 18H59,18,JUEVES,4,ENERO,1,NO,C10,"CONDICIONES AMBIENTALES Y/O ATMOSFÉRICAS (NIEBLA, NEBLINA, GRANIZO, LLUVIA).",CHOQUE POSTERIOR,MOTOCICLETA,PARTICULAR,0,0,0,0,0,0,0,0,1,1,0,0,0,2,CÉDULA,34,HOMBRE,LESIONADO,PASAJERO,SI,NO
2023,DMQ00248012023,0,0,DMQ,-0.169899,-78.487151,17,PICHINCHA,1701,QUITO,170150,QUITO,JOSE ARIZAGA Y 10 DE AGOSTO,ZONA 9,URBANA,ND,ND,ND,ND,12/1/2023,19:05:00,DE 19H00 A 19H59,19,JUEVES,4,ENERO,1,NO,C10,"CONDICIONES AMBIENTALES Y/O ATMOSFÉRICAS (NIEBLA, NEBLINA, GRANIZO, LLUVIA).",CHOQUE LATERAL,CAMIÓN,CUENTA PROPIA,1,0,0,1,0,0,0,0,0,0,0,0,0,2,LICENCIA,22,HOMBRE,ILESO,CONDUCTOR,NO,NO
2023,DMQ00250012023,0,0,DMQ,-0.135408,-78.358398,17,PICHINCHA,1701,QUITO,170183,TABABELA,CONECTOR ALPACHACA Y VIA COLLAS,ZONA 9,RURAL,ND,ND,ND,ND,12/1/2023,21:00:00,DE 21H00 A 21H59,21,JUEVES,4,ENERO,1,NO,C06,"CONDUCE BAJO LA INFLUENCIA DE ALCOHOL, SUSTANCIAS ESTUPEFACIENTES O PSICOTRÓPICAS Y/O MEDICAMENTOS.",CHOQUE POSTERIOR,CAMIONETA,PARTICULAR,1,0,0,0,1,0,0,0,0,0,0,0,0,2,LICENCIA,31,HOMBRE,ILESO,CONDUCTOR,NO,NO
2023,DMQ00251012023,1,0,DMQ,-0.215861,-78.379851,17,PICHINCHA,1701,QUITO,170184,TUMBACO,RUTA VIVA Y UNIVERSITARIA,ZONA 9,RURAL,ND,ND,ND,ND,12/1/2023,21:05:00,DE 21H00 A 21H59,21,JUEVES,4,ENERO,1,NO,C10,"CONDICIONES AMBIENTALES Y/O ATMOSFÉRICAS (NIEBLA, NEBLINA, GRANIZO, LLUVIA).",CHOQUE LATERAL,MOTOCICLETA,PARTICULAR,1,0,0,0,0,0,0,0,1,0,0,0,0,2,LICENCIA,25,HOMBRE,LESIONADO,CONDUCTOR,SI,NO
2023,DMQ00252012023,0,0,DMQ,-0.203271,-78.459831,17,PICHINCHA,1701,QUITO,170150,QUITO,RUTA VIVA Y SIMON BOLIVAR,ZONA 9,URBANA,ND,ND,ND,ND,12/1/2023,21:47:00,DE 21H00 A 21H59,21,JUEVES,4,ENERO,1,NO,C10,"CONDICIONES AMBIENTALES Y/O ATMOSFÉRICAS (NIEBLA, NEBLINA, GRANIZO, LLUVIA).",CHOQUE POSTERIOR,AUTOMÓVIL,PARTICULAR,2,0,0,0,0,0,0,0,0,0,0,0,0,2,LICENCIA,49,HOMBRE,ILESO,CONDUCTOR,NO,NO
2023,DMQ00254012023,0,0,DMQ,-0.210583,-78.494073,17,PICHINCHA,1701,QUITO,170150,QUITO,QUESERAS DEL MEDIO Y 12 DE OCTUBRE,ZONA 9,URBANA,ND,ND,ND,ND,12/1/2023,22:30:00,DE 22H00 A 22H59,22,JUEVES,4,ENERO,1,NO,C10,"CONDICIONES AMBIENTALES Y/O ATMOSFÉRICAS (NIEBLA, NEBLINA, GRANIZO, LLUVIA).",ESTRELLAMIENTOS,AUTOMÓVIL,PARTICULAR,1,0,0,0,0,0,0,0,0,0,0,0,0,1,LICENCIA,24,HOMBRE,ILESO,CONDUCTOR,NO,NO
2023,DMQ00255012023,0,0,DMQ,-0.153314,-78.484571,17,PICHINCHA,1701,QUITO,170150,QUITO,GALO PLAZA LASSO Y ISAAC ALBENIZ,ZONA 9,URBANA,ND,ND,ND,ND,12/1/2023,23:00:00,DE 23H00 A 23H59,23,JUEVES,4,ENERO,1,NO,C09,CONDUCIR VEHÍCULO SUPERANDO LOS LÍMITES MÁXIMOS DE VELOCIDAD.,ESTRELLAMIENTOS,AUTOMÓVIL,PARTICULAR,1,0,0,0,0,0,0,0,0,0,0,0,0,1,NO IDENTIFICADO,-1,NO IDENTIFICADO,NO IDENTIFICADO,CONDUCTOR,NO,NO
2023,DMQ00257012023,0,1,DMQ,-0.206551,-78.512311,17,PICHINCHA,1701,QUITO,170150,QUITO,MARISCAL SUCRE Y UNIVERSITARIA,ZONA 9,URBANA,ND,ND,ND,ND,13/01/2023,1:15:00,DE 01H00 A 01H59,1,VIERNES,5,ENERO,1,NO,C26,NO CEDER EL DERECHO DE VÍA O PREFERENCIA DE PASO AL PEATÓN.,ATROPELLOS,NO IDENTIFICADO,PARTICULAR,0,0,0,0,0,0,0,0,0,1,0,0,0,1,NO IDENTIFICADO,35,HOMBRE,FALLECIDO,PEATÓN,NO,NO
2023,DMQ00258012023,0,0,DMQ,-0.330685,-78.484838,17,PICHINCHA,1701,QUITO,170152,AMAGUAÑA,RIO NAPO Y JUAN QUINDE,ZONA 9,RURAL,ND,ND,ND,ND,13/01/2023,1:30:00,DE 01H00 A 01H59,1,VIERNES,5,ENERO,1,NO,C09,CONDUCIR VEHÍCULO SUPERANDO LOS LÍMITES MÁXIMOS DE VELOCIDAD.,ESTRELLAMIENTOS,AUTOMÓVIL,PARTICULAR,1,0,0,0,0,0,0,0,0,0,0,0,0,1,CÉDULA,24,HOMBRE,ILESO,PASAJERO,NO,NO