ANIO,SINIESTROS,LESIONADOS,FALLECIDOS,ENTE_DE_CONTROL,LATITUD_Y,LONGITUD_X,DPA_1,PROVINCIA,DPA_2,CANTON,DPA_3,PARROQUIA,DIRECCION,ZONA_PLANIFICACION,ZONA,ID_DE_LA_VIA,NOMBRE_DE_LA_VIA,UBICACION_DE_LA_VIA,JERARQUIA_DE_LA_VIA,FECHA,HORA,PERIODO_1,PERIODO_2,DIA_1,DIA_2,MES_1,MES_2,FERIADO,CODIGO_CAUSA,CAUSA_PROBABLE,TIPO_DE_SINIESTRO,TIPO_DE_VEHICULO_1,SERVICIO_1,AUTOMOVIL,BICICLETA,BUS,CAMION,CAMIONETA,EMERGENCIAS,ESPECIAL,FURGONETA,MOTOCICLETA,NO_IDENTIFICADO,SCOOTER_ELECTRICO,TRICIMOTO,VEHICULO_DEPORTIVO_UTILITARIO,SUMA_DE_VEHICULOS,TIPO_ID_1,EDAD_1,SEXO_1,CONDICION_1,PARTICIPANTE_1,CASCO_1,CINTURON_1
2023,DMQ00522012023,2,0,DMQ,-0.103809,-78.424674,17,PICHINCHA,1701,QUITO,170155,CALDERON (CARAPUNGO),CARAPUNGO Y DUCHICELA,ZONA 9,RURAL,ND,ND,ND,ND,26/01/2023,0:05:00,DE 00H00 A 00H59,0,JUEVES,4,ENERO,1,NO,C09,CONDUCIR VEHÍCULO SUPERANDO LOS LÍMITES MÁXIMOS DE VELOCIDAD.,ESTRELLAMIENTOS,AUTOMÓVIL,PARTICULAR,1,0,0,0,0,0,0,0,0,0,0,0,0,1,CÉDULA,60,HOMBRE,LESIONADO,PASAJERO,NO,NO
2023,PNE00147012023,0,1,PNE,-0.578668,-78.602397,17,PICHINCHA,1703,MEJIA,170352,ALOASI,"PANAMERICANA  SUR,  KM  307  +  700  M  -  SENTIDO  LATACUNGA  MACHACHI",ZONA 2,RURAL,68,ALOAG (OBELISCO) - PUENTE JAMBELI,E35,ARTERIAL,26/01/2023,4:40:00,DE 04H00 A 04H59,4,JUEVES,4,ENERO,1,NO,C16,NO TRANSITAR POR LAS ACERAS O ZONAS DE SEGURIDAD DESTINADAS PARA EL EFECTO.,ATROPELLOS,NO IDENTIFICADO,PARTICULAR,0,0,0,0,0,0,0,0,0,1,0,0,0,1,NO IDENTIFICADO,-1,HOMBRE,FALLECIDO,PEATÓN,NO,SI
2023,DMQ00526012023,0,1,DMQ,-0.243698,-78.540417,17,PICHINCHA,1701,QUITO,170150,QUITO,CHILIBULO Y ENRIQUE GARCES,ZONA 9,URBANA,ND,ND,ND,ND,26/01/2023,6:45:00,DE 06H00 A 06H59,6,JUEVES,4,ENERO,1,NO,C16,NO TRANSITAR POR LAS ACERAS O ZONAS DE SEGURIDAD DESTINADAS PARA EL EFECTO.,ATROPELLOS,AUTOMÓVIL,PARTICULAR,1,0,0,0,0,0,0,0,0,0,0,0,0,1,CÉDULA,76,HOMBRE,FALLECIDO,PEATÓN,NO,NO
2023,DMQ00527012023,1,0,DMQ,-0.328401,-78.550339,17,PICHINCHA,1701,QUITO,170150,QUITO,YANAYACU Y MALDONADO,ZONA 9,URBANA,ND,ND,ND,ND,26/01/2023,6:50:00,DE 06H00 A 06H59,6,JUEVES,4,ENERO,1,NO,C26,NO CEDER EL DERECHO DE VÍA O PREFERENCIA DE PASO AL PEATÓN.,ATROPELLOS,NO IDENTIFICADO,PARTICULAR,0,0,0,0,0,0,0,0,0,1,0,0,0,1,CÉDULA,42,MUJER,LESIONADO,PEATÓN,NO,NO
2023,DMQ00529012023,0,0,DMQ,-0.212362,-78.514469,17,PICHINCHA,1701,QUITO,170150,QUITO,FRAY JOSE YEPEZ Y RIO CENEPA,ZONA 9,URBANA,ND,ND,ND,ND,26/01/2023,8:30:00,DE 08H00 A 08H59,8,JUEVES,4,ENERO,1,NO,C23,"NO RESPETAR LAS SEÑALES REGLAMENTARIAS DE TRÁNSITO. (PARE, CEDA EL PASO, LUZ ROJA DEL SEMAFORO, ETC).",CHOQUE FRONTAL,AUTOMÓVIL,COMERCIAL,2,0,0,0,0,0,0,0,0,0,0,0,0,2,LICENCIA,67,HOMBRE,ILESO,CONDUCTOR,NO,NO
2023,DMQ00530012023,0,0,DMQ,-0.203981,-78.481241,17,PICHINCHA,1701,QUITO,170150,QUITO,ISABEL LA CATOLICA Y GANGOTENA,ZONA 9,URBANA,ND,ND,ND,ND,26/01/2023,9:35:00,DE 09H00 A 09H59,9,JUEVES,4,ENERO,1,NO,C23,"NO RESPETAR LAS SEÑALES REGLAMENTARIAS DE TRÁNSITO. (PARE, CEDA EL PASO, LUZ ROJA DEL SEMAFORO, ETC).",CHOQUE LATERAL,MOTOCICLETA,PARTICULAR,1,0,0,0,0,0,0,0,1,0,0,0,0,2,LICENCIA,26,HOMBRE,ILESO,CONDUCTOR,NO,NO
2023,DMQ00532012023,1,0,DMQ,-0.302408,-78.533321,17,PICHINCHA,1701,QUITO,170150,QUITO,GONZALO PEREZ BUSTAMANTE Y E5F,ZONA 9,URBANA,ND,ND,ND,ND,26/01/2023,11:30:00,DE 11H00 A 11H59,11,JUEVES,4,ENERO,1,NO,C09,CONDUCIR VEHÍCULO SUPERANDO LOS LÍMITES MÁXIMOS DE VELOCIDAD.,ESTRELLAMIENTOS,BUS,PÚBLICO,1,0,1,0,0,0,0,0,0,0,0,0,0,2,LICENCIA,55,HOMBRE,LESIONADO,CONDUCTOR,NO,NO
2023,DMQ00534012023,1,0,DMQ,-0.208879,-78.522048,17,PICHINCHA,1701,QUITO,170150,QUITO,ALVARO DE CEVALLOS Y MARTIN DEL VALLE,ZONA 9,URBANA,ND,ND,ND,ND,26/01/2023,17:00:00,DE 17H00 A 17H59,17,JUEVES,4,ENERO,1,NO,C16,NO TRANSITAR POR LAS ACERAS O ZONAS DE SEGURIDAD DESTINADAS PARA EL EFECTO.,ATROPELLOS,CAMIONETA,PARTICULAR,0,0,0,0,1,0,0,0,0,0,0,0,0,1,CÉDULA,59,HOMBRE,LESIONADO,PEATÓN,NO,NO
2023,DMQ00538012023,1,0,DMQ,-0.133691,-78.497687,17,PICHINCHA,1701,QUITO,170150,QUITO,MACHALA Y FERNANDEZ SALVADOR,ZONA 9,URBANA,ND,ND,ND,ND,26/01/2023,20:45:00,DE 20H00 A 20H59,20,JUEVES,4,ENERO,1,NO,C23,"NO RESPETAR LAS SEÑALES REGLAMENTARIAS DE TRÁNSITO. (PARE, CEDA EL PASO, LUZ ROJA DEL SEMAFORO, ETC).",CHOQUE FRONTAL,MOTOCICLETA,PARTICULAR,1,0,0,0,0,0,0,0,1,0,0,0,0,2,LICENCIA,27,HOMBRE,LESIONADO,CONDUCTOR,NO,NO
2023,DMQ00539012023,4,0,DMQ,-0.185096,-78.499081,17,PICHINCHA,1701,QUITO,170150,QUITO,MARIANA DE JESUS Y DIEGO MARTIN DE UTRERAS,ZONA 9,URBANA,ND,ND,ND,ND,26/01/2023,22:00:00,DE 22H00 A 22H59,22,JUEVES,4,ENERO,1,NO,C06,"CONDUCE BAJO LA INFLUENCIA DE ALCOHOL, SUSTANCIAS ESTUPEFACIENTES O PSICOTRÓPICAS Y/O MEDICAMENTOS.",CHOQUE LATERAL,AUTOMÓVIL,PARTICULAR,2,0,0,0,0,0,0,0,0,0,0,0,0,2,CÉDULA,22,HOMBRE,LESIONADO,PASAJERO,NO,NO
2023,DMQ00540012023,0,0,DMQ,-0.234775,-78.471131,17,PICHINCHA,1701,QUITO,170150,QUITO,SIMON BOLIVAR Y 500 METROS AL NORTE DE LA UNIVERSIDAD INTERNACIONAL,ZONA 9,URBANA,ND,ND,ND,ND,27/01/2023,0:02:00,DE 00H00 A 00H59,0,VIERNES,5,ENERO,1,NO,C05,"FALLA MECÁNICA EN LOS SISTEMAS Y/O NEÚMATICOS (SISTEMA DE FRENOS, DIRECCIÓN, ELÉCTRÓNICO O MECÁNICO).",PÉRDIDA DE CARRIL,AUTOMÓVIL,PARTICULAR,1,0,0,0,0,0,0,0,0,0,0,0,0,1,NO IDENTIFICADO,-1,NO IDENTIFICADO,NO IDENTIFICADO,CONDUCTOR,NO,NO
2023,PNE00152012023,1,1,PNE,-0.279891,-78.473711,17,PICHINCHA,1701,QUITO,170156,CONOCOTO,AV.  GENERAL  RUMINAHUI  -,ZONA 9,RURAL,ND,ND,ND,ND,27/01/2023,0:05:00,DE 00H00 A 00H59,0,VIERNES,5,ENERO,1,NO,C09,CONDUCIR VEHÍCULO SUPERANDO LOS LÍMITES MÁXIMOS DE VELOCIDAD.,PÉRDIDA DE CARRIL,AUTOMÓVIL,PARTICULAR,1,0,0,0,0,0,0,0,0,0,0,0,0,1,CÉDULA,40,HOMBRE,FALLECIDO,PASAJERO,NO,SI
2023,DMQ00542012023,0,0,DMQ,-0.243034,-78.514286,17,PICHINCHA,1701,QUITO,170150,QUITO,CHAMBO Y LOS ANDES,ZONA 9,URBANA,ND,ND,ND,ND,27/01/2023,8:30:00,DE 08H00 A 08H59,8,VIERNES,5,ENERO,1,NO,C23,"NO RESPETAR LAS SEÑALES REGLAMENTARIAS DE TRÁNSITO. (PARE, CEDA EL PASO, LUZ ROJA DEL SEMAFORO, ETC).",CHOQUE LATERAL,CAMIONETA,PARTICULAR,1,0,0,0,1,0,0,0,0,0,0,0,0,2,LICENCIA,32,HOMBRE,ILESO,CONDUCTOR,NO,NO
2023,DMQ00543012023,0,0,DMQ,-0.217963,-78.433549,17,PICHINCHA,1701,QUITO,170157,CUMBAYA,DE LAS MAGNOLIAS Y GIOVANNI BARBIERI,ZONA 9,RURAL,ND,ND,ND,ND,27/01/2023,9:05:00,DE 09H00 A 09H59,9,VIERNES,5,ENERO,1,NO,C25,NO CEDER EL DERECHO DE VÍA O PREFERENCIA DE PASO A VEHÍCULOS.,CHOQUE LATERAL,AUTOMÓVIL,PARTICULAR,2,0,0,0,0,0,0,0,0,0,0,0,0,2,LICENCIA,62,MUJER,ILESO,CONDUCTOR,NO,NO
2023,DMQ00544012023,0,1,DMQ,-0.204277,-78.527613,17,PICHINCHA,1701,QUITO,170150,QUITO,EL PINAR Y RAMIREZ DE AREVALO,ZONA 9,URBANA,ND,ND,ND,ND,27/01/2023,9:35:00,DE 09H00 A 09H59,9,VIERNES,5,ENERO,1,NO,C26,NO CEDER EL DERECHO DE VÍA O PREFERENCIA DE PASO AL PEATÓN.,OTROS,NO IDENTIFICADO,PARTICULAR,0,0,0,0,0,0,0,0,0,1,0,0,0,1,CÉDULA,-1,MUJER,FALLECIDO,PEATÓN,NO,NO
2023,DMQ00550012023,0,0,DMQ,-0.196383,-78.502947,17,PICHINCHA,1701,QUITO,170150,QUITO,LA GASCA Y ALEJANDRO DE VALDEZ,ZONA 9,URBANA,ND,ND,ND,ND,27/01/2023,12:05:00,DE 12H00 A 12H59,12,VIERNES,5,ENERO,1,NO,C23,"NO RESPETAR LAS SEÑALES REGLAMENTARIAS DE TRÁNSITO. (PARE, CEDA EL PASO, LUZ ROJA DEL SEMAFORO, ETC).",CHOQUE LATERAL,AUTOMÓVIL,PARTICULAR,2,0,0,0,0,0,0,0,0,0,0,0,0,2,LICENCIA,33,HOMBRE,ILESO,CONDUCTOR,NO,NO
2023,DMQ00551012023,1,0,DMQ,-0.204543,-78.502256,17,PICHINCHA,1701,QUITO,170150,QUITO,AMERICA Y 18 DE SEPTIEMBRE,ZONA 9,URBANA,ND,ND,ND,ND,27/01/2023,12:50:00,DE 12H00 A 12H59,12,VIERNES,5,ENERO,1,NO,C16,NO TRANSITAR POR LAS ACERAS O ZONAS DE SEGURIDAD DESTINADAS PARA EL EFECTO.,ATROPELLOS,CAMIONETA,PARTICULAR,0,0,0,0,1,0,0,0,0,0,0,0,0,1,CÉDULA,81,MUJER,LESIONADO,PEATÓN,NO,NO
2023,DMQ00552012023,2,0,DMQ,-0.222873,-78.508123,17,PICHINCHA,1701,QUITO,170150,QUITO,PICHINCHA Y ANTONIO ALMEIDA,ZONA 9,URBANA,ND,ND,ND,ND,27/01/2023,13:30:00,DE 13H00 A 13H59,13,VIERNES,5,ENERO,1,NO,C11,NO MANTENER LA DISTANCIA PRUDENCIAL CON RESPECTO AL VEHÍCULO QUE LE ANTECEDE.,CHOQUE POSTERIOR,BUS,PÚBLICO,0,0,1,0,0,0,0,0,1,0,0,0,0,2,CÉDULA,15,HOMBRE,LESIONADO,PASAJERO,NO,NO
2023,DMQ00553012023,2,0,DMQ,-0.280921,-78.557091,17,PICHINCHA,1701,QUITO,170150,QUITO,MATILDE ALVAREZ Y CARLOS FREIRE,ZONA 9,URBANA,ND,ND,ND,ND,27/01/2023,14:20:00,DE 14H00 A 14H59,14,VIERNES,5,ENERO,1,NO,C26,NO CEDER EL DERECHO DE VÍA O PREFERENCIA DE PASO AL PEATÓN.,ATROPELLOS,MOTOCICLETA,PARTICULAR,0,0,0,0,0,0,0,0,1,0,0,0,0,1,CÉDULA,51,MUJER,LESIONADO,PEATÓN,NO,NO
2023,DMQ00554012023,0,0,DMQ,-0.297613,-78.550255,17,PICHINCHA,1701,QUITO,170150,QUITO,QUITUMBE ÑAN Y CONDOR ÑAN,ZONA 9,URBANA,ND,ND,ND,ND,27/01/2023,16:25:00,DE 16H00 A 16H59,16,VIERNES,5,ENERO,1,NO,C23,"NO RESPETAR LAS SEÑALES REGLAMENTARIAS DE TRÁNSITO. (PARE, CEDA EL PASO, LUZ ROJA DEL SEMAFORO, ETC).",CHOQUE LATERAL,BUS,PÚBLICO,1,0,1,0,0,0,0,0,0,0,0,0,0,2,LICENCIA,22,HOMBRE,ILESO,CONDUCTOR,NO,NO
2023,DMQ00557012023,1,0,DMQ,-0.307971,-78.559391,17,PICHINCHA,1701,QUITO,170150,QUITO,LA ECUATORIANA Y MARISCAL SUCRE,ZONA 9,URBANA,ND,ND,ND,ND,27/01/2023,17:55:00,DE 17H00 A 17H59,17,VIERNES,5,ENERO,1,NO,C06,"CONDUCE BAJO LA INFLUENCIA DE ALCOHOL, SUSTANCIAS ESTUPEFACIENTES O PSICOTRÓPICAS Y/O MEDICAMENTOS.",CHOQUE FRONTAL,CAMIONETA,PARTICULAR,1,0,0,0,1,0,0,0,0,0,0,0,0,2,CÉDULA,13,HOMBRE,LESIONADO,PASAJERO,NO,NO
2023,DMQ00562012023,0,0,DMQ,-0.300051,-78.547424,17,PICHINCHA,1701,QUITO,170150,QUITO,LLIRA ÑAN Y NUSTA,ZONA 9,URBANA,ND,ND,ND,ND,27/01/2023,19:30:00,DE 19H00 A 19H59,19,VIERNES,5,ENERO,1,NO,C09,CONDUCIR VEHÍCULO SUPERANDO LOS LÍMITES MÁXIMOS DE VELOCIDAD.,ESTRELLAMIENTOS,AUTOMÓVIL,PARTICULAR,2,0,0,0,0,0,0,0,0,0,0,0,0,2,NO IDENTIFICADO,-1,NO IDENTIFICADO,NO IDENTIFICADO,CONDUCTOR,NO,NO
2023,DMQ00566012023,0,0,DMQ,-0.194538,-78.501895,17,PICHINCHA,1701,QUITO,170150,QUITO,HUMBERTO ALBORNOZ Y LA ISLA,ZONA 9,URBANA,ND,ND,ND,ND,27/01/2023,21:50:00,DE 21H00 A 21H59,21,VIERNES,5,ENERO,1,NO,C06,"CONDUCE BAJO LA INFLUENCIA DE ALCOHOL, SUSTANCIAS ESTUPEFACIENTES O PSICOTRÓPICAS Y/O MEDICAMENTOS.",ESTRELLAMIENTOS,AUTOMÓVIL,PARTICULAR,1,0,0,0,0,0,0,0,0,0,0,0,0,1,LICENCIA,37,HOMBRE,ILESO,CONDUCTOR,NO,NO
2023,DMQ00567012023,2,0,DMQ,-0.293718,-78.539826,17,PICHINCHA,1701,QUITO,170150,QUITO,MALDONADO Y AMARU ÑAN,ZONA 9,URBANA,ND,ND,ND,ND,27/01/2023,22:40:00,DE 22H00 A 22H59,22,VIERNES,5,ENERO,1,NO,C06,"CONDUCE BAJO LA INFLUENCIA DE ALCOHOL, SUSTANCIAS ESTUPEFACIENTES O PSICOTRÓPICAS Y/O MEDICAMENTOS.",ATROPELLOS,MOTOCICLETA,PARTICULAR,0,0,0,0,0,0,0,0,1,0,0,0,0,1,CÉDULA,56,HOMBRE,LESIONADO,PEATÓN,NO,NO
2023,DMQ00576012023,0,0,DMQ,-0.153795,-78.468021,17,PICHINCHA,1701,QUITO,170150,QUITO,EL INCA Y CARDOS,ZONA 9,URBANA,ND,ND,ND,ND,28/01/2023,6:40:00,DE 06H00 A 06H59,6,SÁBADO,6,ENERO,1,NO,C09,CONDUCIR VEHÍCULO SUPERANDO LOS LÍMITES MÁXIMOS DE VELOCIDAD.,ESTRELLAMIENTOS,CAMIONETA,PARTICULAR,0,0,0,0,1,0,0,0,0,0,0,0,0,1,CÉDULA,30,HOMBRE,ILESO,PASAJERO,NO,NO
2023,DMQ00577012023,3,0,DMQ,-0.336092,-78.520229,17,PICHINCHA,1701,QUITO,170150,QUITO,SIMON BOLIVAR A 400 METROS DE LA ESCOMBRERA EL TROJE,ZONA 9,URBANA,ND,ND,ND,ND,28/01/2023,6:40:00,DE 06H00 A 06H59,6,SÁBADO,6,ENERO,1,NO,C09,CONDUCIR VEHÍCULO SUPERANDO LOS LÍMITES MÁXIMOS DE VELOCIDAD.,ESTRELLAMIENTOS,AUTOMÓVIL,PARTICULAR,1,0,0,0,0,0,0,0,0,0,0,0,0,1,CÉDULA,26,HOMBRE,LESIONADO,PASAJERO,NO,NO
2023,DMQ00580012023,1,0,DMQ,-0.243921,-78.475681,17,PICHINCHA,1701,QUITO,170150,QUITO,SIMON BOLIVAR Y DIAGONAL A LA UNIVERSIDAD INTERNACIONAL,ZONA 9,URBANA,ND,ND,ND,ND,28/01/2023,9:00:00,DE 09H00 A 09H59,9,SÁBADO,6,ENERO,1,NO,C09,CONDUCIR VEHÍCULO SUPERANDO LOS LÍMITES MÁXIMOS DE VELOCIDAD.,OTROS,MOTOCICLETA,PARTICULAR,0,0,0,0,0,0,0,0,1,1,0,0,0,2,LICENCIA,26,HOMBRE,LESIONADO,CONDUCTOR,NO,NO
2023,DMQ00582012023,1,0,DMQ,-0.153669,-78.467213,17,PICHINCHA,1701,QUITO,170150,QUITO,EL INCA Y DE LAS PALMERAS,ZONA 9,URBANA,ND,ND,ND,ND,28/01/2023,9:50:00,DE 09H00 A 09H59,9,SÁBADO,6,ENERO,1,NO,C06,"CONDUCE BAJO LA INFLUENCIA DE ALCOHOL, SUSTANCIAS ESTUPEFACIENTES O PSICOTRÓPICAS Y/O MEDICAMENTOS.",ROZAMIENTOS,MOTOCICLETA,PARTICULAR,0,0,0,0,1,0,0,0,1,0,0,0,0,2,LICENCIA,26,HOMBRE,LESIONADO,CONDUCTOR,NO,NO
2023,DMQ00583012023,2,0,DMQ,-0.355927,-78.529075,17,PICHINCHA,1701,QUITO,170150,QUITO,"S62E Y E9D, A LADO DEL LOCA DE FRITADAS",ZONA 9,URBANA,ND,ND,ND,ND,28/01/2023,12:02:00,DE 12H00 A 12H59,12,SÁBADO,6,ENERO,1,NO,C06,"CONDUCE BAJO LA INFLUENCIA DE ALCOHOL, SUSTANCIAS ESTUPEFACIENTES O PSICOTRÓPICAS Y/O MEDICAMENTOS.",ESTRELLAMIENTOS,BUS,PÚBLICO,1,0,1,0,1,0,0,0,0,0,0,0,0,3,LICENCIA,44,HOMBRE,LESIONADO,CONDUCTOR,NO,NO
2023,PNE00164012023,1,0,PNE,-0.100041,-78.419115,17,PICHINCHA,1701,QUITO,170155,CALDERON (CARAPUNGO),E28  B  km  1+320  -  panamericana  norte,ZONA 9,RURAL,333,CALDERON - PEAJE,E28B,COLECTORA,28/01/2023,14:00:00,DE 14H00 A 14H59,14,SÁBADO,6,ENERO,1,NO,C14,"CONDUCIR DESATENTO A LAS CONDICIONES DE TRÁNSITO (CELULAR, PANTALLAS DE VIDEO, COMIDA, MAQUILLAJE O CUALQUIER OTRO ELEMENTO DISTRACTOR).",ATROPELLOS,AUTOMÓVIL,PARTICULAR,1,0,0,0,0,0,0,0,0,0,0,0,0,1,LICENCIA,54,HOMBRE,LESIONADO,CONDUCTOR,NO,SI
2023,CTE00469012023,7,0,CTE,-0.450649,-78.638485,17,PICHINCHA,1703,MEJIA,170351,ALOAG,RED. ESTATAL E-20 KM 12+420 SENTIDO ALÓAG- SANTO DOMINGO,ZONA 2,RURAL,331,ALOAG (OBELISCO) - TANDAPI,E20,ARTERIAL,28/01/2023,17:06:00,DE 17H00 A 17H59,17,SÁBADO,6,ENERO,1,NO,C23,"NO RESPETAR LAS SEÑALES REGLAMENTARIAS DE TRÁNSITO. (PARE, CEDA EL PASO, LUZ ROJA DEL SEMAFORO, ETC).",CHOQUE LATERAL,VEHÍCULO DEPORTIVO UTILITARIO,PARTICULAR,1,0,0,0,0,0,0,0,0,0,0,0,1,2,CÉDULA,36,MUJER,LESIONADO,PASAJERO,NO,NO
2023,DMQ00591012023,2,0,DMQ,-0.129395,-78.481299,17,PICHINCHA,1701,QUITO,170150,QUITO,GALO PLAZA LASSO Y LUIS TUFIÑO,ZONA 9,URBANA,ND,ND,ND,ND,28/01/2023,20:45:00,DE 20H00 A 20H59,20,SÁBADO,6,ENERO,1,NO,C25,NO CEDER EL DERECHO DE VÍA O PREFERENCIA DE PASO A VEHÍCULOS.,CHOQUE LATERAL,BUS,PÚBLICO,1,0,1,0,0,0,0,0,0,0,0,0,0,2,CÉDULA,57,HOMBRE,LESIONADO,PASAJERO,NO,NO
2023,CTE00479012023,0,1,CTE,-0.462751,-78.567917,17,PICHINCHA,1703,MEJIA,170351,ALOAG,RED. ESTATAL E-20 KM 0+150 SENTIDO ALOAG - QUITO,ZONA 2,RURAL,331,ALOAG (OBELISCO) - TANDAPI,E20,ARTERIAL,28/01/2023,21:32:00,DE 21H00 A 21H59,21,SÁBADO,6,ENERO,1,NO,C14,"CONDUCIR DESATENTO A LAS CONDICIONES DE TRÁNSITO (CELULAR, PANTALLAS DE VIDEO, COMIDA, MAQUILLAJE O CUALQUIER OTRO ELEMENTO DISTRACTOR).",ATROPELLOS,NO IDENTIFICADO,PARTICULAR,0,0,0,0,0,0,0,0,0,1,0,0,0,1,CÉDULA,-1,HOMBRE,FALLECIDO,PEATÓN,NO,NO
2023,DMQ00594012023,1,0,DMQ,-0.210292,-78.417692,17,PICHINCHA,1701,QUITO,170184,TUMBACO,OSWALDO GUAYASAMIN Y EL SAUCE,ZONA 9,RURAL,60,QUITO - TUMBACO - PIFO,E28C,COLECTORA,29/01/2023,4:35:00,DE 04H00 A 04H59,4,DOMINGO,7,ENERO,1,NO,C09,CONDUCIR VEHÍCULO SUPERANDO LOS LÍMITES MÁXIMOS DE VELOCIDAD.,ESTRELLAMIENTOS,AUTOMÓVIL,PARTICULAR,1,0,0,0,0,0,0,0,0,0,0,0,0,1,LICENCIA,23,HOMBRE,LESIONADO,CONDUCTOR,NO,NO
2023,DMQ00595012023,1,0,DMQ,-0.163494,-78.475131,17,PICHINCHA,1701,QUITO,170150,QUITO,6 DE DICIEMBRE Y RIO COCA,ZONA 9,URBANA,ND,ND,ND,ND,29/01/2023,4:55:00,DE 04H00 A 04H59,4,DOMINGO,7,ENERO,1,NO,C09,CONDUCIR VEHÍCULO SUPERANDO LOS LÍMITES MÁXIMOS DE VELOCIDAD.,PÉRDIDA DE CARRIL,MOTOCICLETA,PARTICULAR,0,0,0,0,0,0,0,0,1,0,0,0,0,1,LICENCIA,42,HOMBRE,LESIONADO,CONDUCTOR,NO,NO
2023,DMQ00596012023,0,1,DMQ,-0.189621,-78.483114,17,PICHINCHA,1701,QUITO,170150,QUITO,ELOY ALFARO Y PABLO ARTURO SUAREZ,ZONA 9,URBANA,ND,ND,ND,ND,29/01/2023,5:15:00,DE 05H00 A 05H59,5,DOMINGO,7,ENERO,1,NO,C26,NO CEDER EL DERECHO DE VÍA O PREFERENCIA DE PASO AL PEATÓN.,ARROLLAMIENTOS,NO IDENTIFICADO,PARTICULAR,0,0,0,0,0,0,0,0,0,1,0,0,0,1,CÉDULA,72,HOMBRE,FALLECIDO,PEATÓN,NO,NO
2023,PNE00171012023,3,1,PNE,0.065413,-78.139701,17,PICHINCHA,1702,CAYAMBE,170256,SAN JOSE DE AYORA,PANAMERICANO  E35  -,ZONA 2,RURAL,61,CAJAS - CAYAMBE - OTON - SANTA ROSA DE CUSUBAMBA,E35,ARTERIAL,29/01/2023,6:00:00,DE 06H00 A 06H59,6,DOMINGO,7,ENERO,1,NO,C09,CONDUCIR VEHÍCULO SUPERANDO LOS LÍMITES MÁXIMOS DE VELOCIDAD.,CHOQUE FRONTAL,BUS,PÚBLICO,1,0,1,0,0,0,0,0,0,0,0,0,0,2,CÉDULA,12,HOMBRE,FALLECIDO,PASAJERO,NO,SI
2023,DMQ00598012023,1,1,DMQ,-0.218174,-78.430116,17,PICHINCHA,1701,QUITO,170157,CUMBAYA,RUTA VIVA Y KILOMETRO 5,ZONA 9,RURAL,ND,ND,ND,ND,29/01/2023,6:06:00,DE 06H00 A 06H59,6,DOMINGO,7,ENERO,1,NO,C09,CONDUCIR VEHÍCULO SUPERANDO LOS LÍMITES MÁXIMOS DE VELOCIDAD.,OTROS,MOTOCICLETA,PARTICULAR,0,0,0,0,0,0,0,0,1,1,0,0,0,2,LICENCIA,27,HOMBRE,FALLECIDO,CONDUCTOR,NO,NO
2023,PNE00172012023,1,0,PNE,-0.436329,-78.553207,17,PICHINCHA,1703,MEJIA,170350,MACHACHI,PANAMERICANA  SUR  KILOMETRO  387+350  -,ZONA 2,RURAL,67,ESTACION DE PESAJE - ALOAG (OBELISCO),E35 - E20,ARTERIAL,29/01/2023,6:20:00,DE 06H00 A 06H59,6,DOMINGO,7,ENERO,1,NO,C14,"CONDUCIR DESATENTO A LAS CONDICIONES DE TRÁNSITO (CELULAR, PANTALLAS DE VIDEO, COMIDA, MAQUILLAJE O CUALQUIER OTRO ELEMENTO DISTRACTOR).",CHOQUE LATERAL,MOTOCICLETA,PARTICULAR,0,0,0,0,0,0,0,0,1,0,0,0,1,2,LICENCIA,36,HOMBRE,LESIONADO,CONDUCTOR,NO,SI
2023,DMQ00599012023,0,1,DMQ,-0.102451,-78.450213,17,PICHINCHA,1701,QUITO,170155,CALDERON (CARAPUNGO),GIOVANNI CALLES Y JAIME ROLDOS AGUILERA,ZONA 9,RURAL,ND,ND,ND,ND,29/01/2023,7:25:00,DE 07H00 A 07H59,7,DOMINGO,7,ENERO,1,NO,C22,"ADELANTAR O REBASAR A OTRO VEHÍCULO EN MOVIMIENTO EN ZONAS O SITIOS PELIGROSOS TALES COMO: CURVAS, PUENTES, TÚNELES, PENDIENTES, ETC.",ROZAMIENTOS,BUS,PÚBLICO,0,0,1,0,0,0,0,0,1,0,0,0,0,2,LICENCIA,24,HOMBRE,FALLECIDO,CONDUCTOR,NO,NO
2023,DMQ00601012023,1,0,DMQ,-0.189812,-78.451305,17,PICHINCHA,1701,QUITO,170170,NAYON,OSWALDO GUAYASAMIN Y SIMON BOLIVAR,ZONA 9,RURAL,60,QUITO - TUMBACO - PIFO,E28C,COLECTORA,29/01/2023,7:45:00,DE 07H00 A 07H59,7,DOMINGO,7,ENERO,1,NO,C05,"FALLA MECÁNICA EN LOS SISTEMAS Y/O NEÚMATICOS (SISTEMA DE FRENOS, DIRECCIÓN, ELÉCTRÓNICO O MECÁNICO).",PÉRDIDA DE CARRIL,MOTOCICLETA,PARTICULAR,0,0,0,0,0,0,0,0,1,0,0,0,0,1,LICENCIA,32,HOMBRE,LESIONADO,CONDUCTOR,NO,NO