ANIO,SINIESTROS,LESIONADOS,FALLECIDOS,ENTE_DE_CONTROL,LATITUD_Y,LONGITUD_X,DPA_1,PROVINCIA,DPA_2,CANTON,DPA_3,PARROQUIA,DIRECCION,ZONA_PLANIFICACION,ZONA,ID_DE_LA_VIA,NOMBRE_DE_LA_VIA,UBICACION_DE_LA_VIA,JERARQUIA_DE_LA_VIA,FECHA,HORA,PERIODO_1,PERIODO_2,DIA_1,DIA_2,MES_1,MES_2,FERIADO,CODIGO_CAUSA,CAUSA_PROBABLE,TIPO_DE_SINIESTRO,TIPO_DE_VEHICULO_1,SERVICIO_1,AUTOMOVIL,BICICLETA,BUS,CAMION,CAMIONETA,EMERGENCIAS,ESPECIAL,FURGONETA,MOTOCICLETA,NO_IDENTIFICADO,SCOOTER_ELECTRICO,TRICIMOTO,VEHICULO_DEPORTIVO_UTILITARIO,SUMA_DE_VEHICULOS,TIPO_ID_1,EDAD_1,SEXO_1,CONDICION_1,PARTICIPANTE_1,CASCO_1,CINTURON_1
2023,DMQ00116022023,0,0,DMQ,-0.210957,-78.516865,17,PICHINCHA,1701,QUITO,170150,QUITO,JOEL MONROY Y OE10E,ZONA 9,URBANA,ND,ND,ND,ND,5/2/2023,19:45:00,DE 19H00 A 19H59,19,DOMINGO,7,FEBRERO,2,NO,C09,CONDUCIR VEHÍCULO SUPERANDO LOS LÍMITES MÁXIMOS DE VELOCIDAD.,ESTRELLAMIENTOS,AUTOMÓVIL,PARTICULAR,1,0,0,0,0,0,0,0,0,0,0,0,0,1,NO IDENTIFICADO,-1,NO IDENTIFICADO,NO IDENTIFICADO,CONDUCTOR,NO,NO
2023,DMQ00119022023,0,0,DMQ,-0.190543,-78.493003,17,PICHINCHA,1701,QUITO,170150,QUITO,10 DE AGOSTO Y GENERAL MURGEON,ZONA 9,URBANA,ND,ND,ND,ND,5/2/2023,21:30:00,DE 21H00 A 21H59,21,DOMINGO,7,FEBRERO,2,NO,C06,"CONDUCE BAJO LA INFLUENCIA DE ALCOHOL, SUSTANCIAS ESTUPEFACIENTES O PSICOTRÓPICAS Y/O MEDICAMENTOS.",CHOQUE POSTERIOR,AUTOMÓVIL,PARTICULAR,2,0,0,0,0,0,0,0,0,0,0,0,0,2,LICENCIA,57,HOMBRE,ILESO,CONDUCTOR,NO,NO
2023,DMQ00120022023,0,0,DMQ,-0.216001,-78.395175,17,PICHINCHA,1701,QUITO,170184,TUMBACO,OSWALDO GUAYASAMIN Y LA CERAMICA,ZONA 9,RURAL,60,QUITO - TUMBACO - PIFO,E28C,COLECTORA,5/2/2023,21:45:00,DE 21H00 A 21H59,21,DOMINGO,7,FEBRERO,2,NO,C19,REALIZAR CAMBIO BRUSCO O INDEBIDO DE CARRIL.,ESTRELLAMIENTOS,AUTOMÓVIL,PARTICULAR,1,0,0,0,0,0,0,0,0,0,0,0,0,1,LICENCIA,23,MUJER,ILESO,CONDUCTOR,NO,NO
2023,DMQ00121022023,0,0,DMQ,-0.211627,-78.446985,17,PICHINCHA,1701,QUITO,170157,CUMBAYA,ELOY ALFARO Y RUTA VIVA,ZONA 9,RURAL,ND,ND,ND,ND,6/2/2023,0:20:00,DE 00H00 A 00H59,0,LUNES,1,FEBRERO,2,NO,C03,"CONDUCIR EN ESTADO DE SOMNOLENCIA O MALAS CONDICIONES FÍSICAS (SUEÑO, CANSANCIO Y FATIGA).",ESTRELLAMIENTOS,AUTOMÓVIL,PARTICULAR,1,0,0,0,0,0,0,0,0,0,0,0,0,1,LICENCIA,50,HOMBRE,ILESO,CONDUCTOR,NO,NO
2023,DMQ00127022023,0,0,DMQ,-0.216868,-78.505067,17,PICHINCHA,1701,QUITO,170150,QUITO,PICHINCHA Y PEDRO BRICEÑO,ZONA 9,URBANA,ND,ND,ND,ND,6/2/2023,6:10:00,DE 06H00 A 06H59,6,LUNES,1,FEBRERO,2,NO,C03,"CONDUCIR EN ESTADO DE SOMNOLENCIA O MALAS CONDICIONES FÍSICAS (SUEÑO, CANSANCIO Y FATIGA).",PÉRDIDA DE CARRIL,AUTOMÓVIL,PARTICULAR,1,0,0,0,0,0,0,0,0,0,0,0,0,1,CÉDULA,28,HOMBRE,ILESO,PASAJERO,NO,NO
2023,DMQ00128022023,0,0,DMQ,-0.290278,-78.538684,17,PICHINCHA,1701,QUITO,170150,QUITO,MALDONADO Y GONZALO PEREZ BUSTAMANTE,ZONA 9,URBANA,ND,ND,ND,ND,6/2/2023,8:40:00,DE 08H00 A 08H59,8,LUNES,1,FEBRERO,2,NO,C06,"CONDUCE BAJO LA INFLUENCIA DE ALCOHOL, SUSTANCIAS ESTUPEFACIENTES O PSICOTRÓPICAS Y/O MEDICAMENTOS.",COLISIÓN,BUS,PÚBLICO,2,0,1,0,0,0,0,0,0,0,0,0,0,3,LICENCIA,41,HOMBRE,ILESO,CONDUCTOR,NO,NO
2023,DMQ00142022023,0,0,DMQ,-0.080586,-78.446548,17,PICHINCHA,1701,QUITO,170155,CALDERON (CARAPUNGO),SAN JOSE DE MORAN Y DE LOS ROSALES,ZONA 9,RURAL,ND,ND,ND,ND,6/2/2023,18:50:00,DE 18H00 A 18H59,18,LUNES,1,FEBRERO,2,NO,C01,"CASO FORTUITO O FUERZA MAYOR (EXPLOSIÓN DE NEUMÁTICO NUEVO, DERRUMBE, INUNDACIÓN, CAÍDA DE PUENTE, ÁRBOL, PRESENCIA INTEMPESTIVA E IMPREVISTA DE SEMOVIENTES EN LA VÍA, ETC.).",OTROS,AUTOMÓVIL,PARTICULAR,1,0,0,0,0,0,0,0,0,0,0,0,0,1,NO IDENTIFICADO,-1,NO IDENTIFICADO,NO IDENTIFICADO,CONDUCTOR,NO,NO
2023,DMQ00143022023,0,0,DMQ,-0.206314,-78.501883,17,PICHINCHA,1701,QUITO,170150,QUITO,VERSALLES Y ASUNCION,ZONA 9,URBANA,ND,ND,ND,ND,6/2/2023,18:50:00,DE 18H00 A 18H59,18,LUNES,1,FEBRERO,2,NO,C25,NO CEDER EL DERECHO DE VÍA O PREFERENCIA DE PASO A VEHÍCULOS.,CHOQUE LATERAL,AUTOMÓVIL,PARTICULAR,2,0,0,0,0,0,0,0,0,0,0,0,0,2,LICENCIA,33,HOMBRE,ILESO,CONDUCTOR,NO,NO
2023,DMQ00146022023,1,0,DMQ,-0.135316,-78.468082,17,PICHINCHA,1701,QUITO,170150,QUITO,LOS PINOS Y DE LOS GUAYACANES,ZONA 9,URBANA,ND,ND,ND,ND,6/2/2023,21:08:00,DE 21H00 A 21H59,21,LUNES,1,FEBRERO,2,NO,C15,DEJAR O RECOGER PASAJEROS EN LUGARES NO PERMITIDOS.,CAÍDA DE PASAJERO,BUS,PÚBLICO,0,0,1,0,0,0,0,0,0,0,0,0,0,1,CÉDULA,54,MUJER,LESIONADO,PASAJERO,NO,NO
2023,DMQ00148022023,0,0,DMQ,-0.099806,-78.451662,17,PICHINCHA,1701,QUITO,170155,CALDERON (CARAPUNGO),RIO CHIMBO Y RIO PASTAZA,ZONA 9,RURAL,ND,ND,ND,ND,6/2/2023,22:00:00,DE 22H00 A 22H59,22,LUNES,1,FEBRERO,2,NO,C09,CONDUCIR VEHÍCULO SUPERANDO LOS LÍMITES MÁXIMOS DE VELOCIDAD.,ESTRELLAMIENTOS,AUTOMÓVIL,PARTICULAR,1,0,0,0,0,0,0,0,0,0,0,0,0,1,LICENCIA,40,HOMBRE,ILESO,CONDUCTOR,NO,NO
2023,DMQ00152022023,2,0,DMQ,-0.225233,-78.347538,17,PICHINCHA,1701,QUITO,170175,PIFO,OSWALDO GUAYASAMIN Y E35,ZONA 9,RURAL,63,PIFO - VIA A SANGOLQUI (PIFO),E35,ARTERIAL,7/2/2023,1:20:00,DE 01H00 A 01H59,1,MARTES,2,FEBRERO,2,NO,C09,CONDUCIR VEHÍCULO SUPERANDO LOS LÍMITES MÁXIMOS DE VELOCIDAD.,PÉRDIDA DE CARRIL,AUTOMÓVIL,PARTICULAR,1,0,0,0,0,0,0,0,0,0,0,0,0,1,CÉDULA,50,HOMBRE,LESIONADO,PASAJERO,NO,NO
2023,DMQ00155022023,0,0,DMQ,-0.185634,-78.494025,17,PICHINCHA,1701,QUITO,170150,QUITO,ATAHUALPA Y ANTONIO DE ULLOA,ZONA 9,URBANA,ND,ND,ND,ND,7/2/2023,6:20:00,DE 06H00 A 06H59,6,MARTES,2,FEBRERO,2,NO,C25,NO CEDER EL DERECHO DE VÍA O PREFERENCIA DE PASO A VEHÍCULOS.,CHOQUE LATERAL,AUTOMÓVIL,PARTICULAR,2,0,0,0,0,0,0,0,0,0,0,0,0,2,CÉDULA,22,HOMBRE,ILESO,PASAJERO,NO,NO
2023,DMQ00156022023,1,0,DMQ,-0.137301,-78.447216,17,PICHINCHA,1701,QUITO,170165,LLANO CHICO,SIMON BOLIVAR Y DE LOS NOGALES,ZONA 9,RURAL,ND,ND,ND,ND,7/2/2023,6:20:00,DE 06H00 A 06H59,6,MARTES,2,FEBRERO,2,NO,C11,NO MANTENER LA DISTANCIA PRUDENCIAL CON RESPECTO AL VEHÍCULO QUE LE ANTECEDE.,CHOQUE POSTERIOR,MOTOCICLETA,PARTICULAR,0,0,0,0,1,0,0,0,1,0,0,0,0,2,LICENCIA,24,HOMBRE,LESIONADO,CONDUCTOR,NO,NO
2023,DMQ00157022023,1,0,DMQ,-0.301521,-78.520209,17,PICHINCHA,1701,QUITO,170150,QUITO,E12B Y S38A,ZONA 9,URBANA,ND,ND,ND,ND,7/2/2023,6:40:00,DE 06H00 A 06H59,6,MARTES,2,FEBRERO,2,NO,C26,NO CEDER EL DERECHO DE VÍA O PREFERENCIA DE PASO AL PEATÓN.,ATROPELLOS,AUTOMÓVIL,PARTICULAR,1,0,0,0,0,0,0,0,0,0,0,0,0,1,CÉDULA,45,MUJER,LESIONADO,PEATÓN,NO,NO
2023,DMQ00158022023,0,0,DMQ,-0.112816,-78.497721,17,PICHINCHA,1701,QUITO,170150,QUITO,SAN IGNACIO DE LOYOLA Y JOSE MARIA GUERRERO,ZONA 9,URBANA,ND,ND,ND,ND,7/2/2023,6:40:00,DE 06H00 A 06H59,6,MARTES,2,FEBRERO,2,NO,C25,NO CEDER EL DERECHO DE VÍA O PREFERENCIA DE PASO A VEHÍCULOS.,CHOQUE LATERAL,AUTOMÓVIL,PARTICULAR,2,0,0,0,0,0,0,0,0,0,0,0,0,2,LICENCIA,27,HOMBRE,ILESO,CONDUCTOR,NO,NO
2023,DMQ00160022023,0,0,DMQ,-0.329199,-78.525483,17,PICHINCHA,1701,QUITO,170150,QUITO,JUAN BERNARDO INSUASTI  Y S52E,ZONA 9,URBANA,ND,ND,ND,ND,7/2/2023,7:00:00,DE 07H00 A 07H59,7,MARTES,2,FEBRERO,2,NO,C09,CONDUCIR VEHÍCULO SUPERANDO LOS LÍMITES MÁXIMOS DE VELOCIDAD.,PÉRDIDA DE CARRIL,MOTOCICLETA,PARTICULAR,0,0,0,0,0,0,0,0,1,0,0,0,0,1,CÉDULA,17,HOMBRE,ILESO,PASAJERO,NO,NO
2023,DMQ00161022023,0,0,DMQ,-0.105551,-78.448261,17,PICHINCHA,1701,QUITO,170155,CALDERON (CARAPUNGO),DE LOS EUCALIPTOS Y CASPICARA,ZONA 9,RURAL,ND,ND,ND,ND,7/2/2023,7:35:00,DE 07H00 A 07H59,7,MARTES,2,FEBRERO,2,NO,C11,NO MANTENER LA DISTANCIA PRUDENCIAL CON RESPECTO AL VEHÍCULO QUE LE ANTECEDE.,CHOQUE POSTERIOR,AUTOMÓVIL,PARTICULAR,2,0,0,0,0,0,0,0,0,0,0,0,0,2,LICENCIA,33,MUJER,ILESO,CONDUCTOR,NO,NO
2023,DMQ00169022023,1,0,DMQ,-0.141861,-78.443621,17,PICHINCHA,1701,QUITO,170165,LLANO CHICO,SIMON BOLIVAR Y REDONDEL DE GUALO,ZONA 9,RURAL,ND,ND,ND,ND,7/2/2023,15:20:00,DE 15H00 A 15H59,15,MARTES,2,FEBRERO,2,NO,C09,CONDUCIR VEHÍCULO SUPERANDO LOS LÍMITES MÁXIMOS DE VELOCIDAD.,PÉRDIDA DE CARRIL,MOTOCICLETA,PARTICULAR,0,0,0,0,0,0,0,0,1,0,0,0,0,1,LICENCIA,22,HOMBRE,LESIONADO,CONDUCTOR,NO,NO
2023,DMQ00170022023,0,0,DMQ,-0.151731,-78.497928,17,PICHINCHA,1701,QUITO,170150,QUITO,MARISCAL SUCRE Y CALLE TERCERA,ZONA 9,URBANA,ND,ND,ND,ND,7/2/2023,15:40:00,DE 15H00 A 15H59,15,MARTES,2,FEBRERO,2,NO,C25,NO CEDER EL DERECHO DE VÍA O PREFERENCIA DE PASO A VEHÍCULOS.,CHOQUE LATERAL,CAMIONETA,PARTICULAR,1,0,0,0,1,0,0,0,0,0,0,0,0,2,LICENCIA,58,HOMBRE,ILESO,CONDUCTOR,NO,NO
2023,DMQ00175022023,0,1,DMQ,-0.341758,-78.563221,17,PICHINCHA,1701,QUITO,170150,QUITO,S57H Y OE7F,ZONA 9,URBANA,ND,ND,ND,ND,7/2/2023,21:30:00,DE 21H00 A 21H59,21,MARTES,2,FEBRERO,2,NO,C27,PEATÓN QUE CRUZA LA CALZADA SIN RESPETAR LA SEÑALIZACIÓN EXISTENTE (SEMÁFOROS O SEÑALES MANUALES).,OTROS,NO IDENTIFICADO,PARTICULAR,0,0,0,0,0,0,0,0,0,1,0,0,0,1,NO IDENTIFICADO,38,HOMBRE,FALLECIDO,PEATÓN,NO,NO
2023,DMQ00176022023,3,0,DMQ,-0.243937,-78.531643,17,PICHINCHA,1701,QUITO,170150,QUITO,HERNANDO PRADO Y MINACHO,ZONA 9,URBANA,ND,ND,ND,ND,7/2/2023,21:50:00,DE 21H00 A 21H59,21,MARTES,2,FEBRERO,2,NO,C01,"CASO FORTUITO O FUERZA MAYOR (EXPLOSIÓN DE NEUMÁTICO NUEVO, DERRUMBE, INUNDACIÓN, CAÍDA DE PUENTE, ÁRBOL, PRESENCIA INTEMPESTIVA E IMPREVISTA DE SEMOVIENTES EN LA VÍA, ETC.).",ESTRELLAMIENTOS,AUTOMÓVIL,PARTICULAR,1,0,0,0,0,0,0,0,0,0,0,0,0,1,CÉDULA,23,MUJER,LESIONADO,PASAJERO,NO,NO
2023,DMQ00177022023,2,0,DMQ,-0.194026,-78.494183,17,PICHINCHA,1701,QUITO,170150,QUITO,10 DE AGOSTO Y BARTOLOME DE LAS CASAS,ZONA 9,URBANA,ND,ND,ND,ND,7/2/2023,23:42:00,DE 23H00 A 23H59,23,MARTES,2,FEBRERO,2,NO,C06,"CONDUCE BAJO LA INFLUENCIA DE ALCOHOL, SUSTANCIAS ESTUPEFACIENTES O PSICOTRÓPICAS Y/O MEDICAMENTOS.",CHOQUE POSTERIOR,MOTOCICLETA,PARTICULAR,1,0,0,0,0,0,0,0,1,0,0,0,0,2,LICENCIA,28,HOMBRE,LESIONADO,CONDUCTOR,NO,NO
2023,PNE00055022023,1,0,PNE,-0.176291,-78.328564,17,PICHINCHA,1701,QUITO,170185,YARUQUI,E-35  NORTE  -  SAN  CARLOS,ZONA 9,RURAL,62,CUSUBAMBA - PIFO,E35,ARTERIAL,8/2/2023,0:45:00,DE 00H00 A 00H59,0,MIÉRCOLES,3,FEBRERO,2,NO,C14,"CONDUCIR DESATENTO A LAS CONDICIONES DE TRÁNSITO (CELULAR, PANTALLAS DE VIDEO, COMIDA, MAQUILLAJE O CUALQUIER OTRO ELEMENTO DISTRACTOR).",CHOQUE POSTERIOR,AUTOMÓVIL,PARTICULAR,1,0,0,0,0,0,0,0,0,0,0,0,0,1,LICENCIA,35,HOMBRE,LESIONADO,CONDUCTOR,NO,SI
2023,DMQ00179022023,1,0,DMQ,-0.105749,-78.497972,17,PICHINCHA,1701,QUITO,170150,QUITO,MARISCAL SUCRE Y SAN FRANCISCO DE RUMIURCO,ZONA 9,URBANA,ND,ND,ND,ND,8/2/2023,7:30:00,DE 07H00 A 07H59,7,MIÉRCOLES,3,FEBRERO,2,NO,C27,PEATÓN QUE CRUZA LA CALZADA SIN RESPETAR LA SEÑALIZACIÓN EXISTENTE (SEMÁFOROS O SEÑALES MANUALES).,ATROPELLOS,AUTOMÓVIL,PARTICULAR,1,0,0,0,0,0,0,0,0,0,0,0,0,1,CÉDULA,35,MUJER,LESIONADO,PEATÓN,NO,NO
2023,PNE00057022023,0,0,PNE,-0.332135,-78.465037,17,PICHINCHA,1705,RUMIÑAHUI,170550,SANGOLQUI,AV.MARIANA  DE  JESUS    -  PANZALO,ZONA 2,URBANA,ND,ND,ND,ND,8/2/2023,10:45:00,DE 10H00 A 10H59,10,MIÉRCOLES,3,FEBRERO,2,NO,C14,"CONDUCIR DESATENTO A LAS CONDICIONES DE TRÁNSITO (CELULAR, PANTALLAS DE VIDEO, COMIDA, MAQUILLAJE O CUALQUIER OTRO ELEMENTO DISTRACTOR).",CHOQUE FRONTAL,CAMIÓN,PÚBLICO,1,0,0,1,0,0,0,0,0,0,0,0,0,2,LICENCIA,33,HOMBRE,ILESO,CONDUCTOR,NO,SI
2023,DMQ00182022023,0,0,DMQ,-0.317722,-78.471854,17,PICHINCHA,1701,QUITO,170156,CONOCOTO,CHILLO JIJON Y PASAJE D,ZONA 9,RURAL,ND,ND,ND,ND,8/2/2023,12:10:00,DE 12H00 A 12H59,12,MIÉRCOLES,3,FEBRERO,2,NO,C21,MALAS CONDICIONES DE LA VÍA Y/O CONFIGURACIÓN. (ILUMINACIÓN Y DISEÑO).,PÉRDIDA DE CARRIL,AUTOMÓVIL,PARTICULAR,1,0,0,0,0,0,0,0,0,0,0,0,0,1,NO IDENTIFICADO,-1,NO IDENTIFICADO,NO IDENTIFICADO,CONDUCTOR,NO,NO
2023,PNE00058022023,1,0,PNE,-0.412456,-78.547845,17,PICHINCHA,1703,MEJIA,170356,TAMBILLO (MEJIA),PANAMERICANA  SUR  VIA  AMAGUANA  SANGOLQUI    -,ZONA 2,RURAL,65,REDONDEL DEL COLIBRI - TAMBILLO,E35,ARTERIAL,8/2/2023,13:30:00,DE 13H00 A 13H59,13,MIÉRCOLES,3,FEBRERO,2,NO,C14,"CONDUCIR DESATENTO A LAS CONDICIONES DE TRÁNSITO (CELULAR, PANTALLAS DE VIDEO, COMIDA, MAQUILLAJE O CUALQUIER OTRO ELEMENTO DISTRACTOR).",ATROPELLOS,MOTOCICLETA,PARTICULAR,0,0,0,0,0,0,0,0,1,0,0,0,0,1,CÉDULA,57,MUJER,LESIONADO,PEATÓN,NO,SI
2023,DMQ00185022023,0,0,DMQ,-0.188544,-78.481996,17,PICHINCHA,1701,QUITO,170150,QUITO,ELOY ALFARO Y BELGICA,ZONA 9,URBANA,ND,ND,ND,ND,8/2/2023,14:00:00,DE 14H00 A 14H59,14,MIÉRCOLES,3,FEBRERO,2,NO,C09,CONDUCIR VEHÍCULO SUPERANDO LOS LÍMITES MÁXIMOS DE VELOCIDAD.,OTROS,MOTOCICLETA,PARTICULAR,2,0,0,0,0,0,0,0,1,0,0,0,0,3,LICENCIA,44,HOMBRE,ILESO,CONDUCTOR,NO,NO
2023,PNE00060022023,1,0,PNE,-0.300202,-78.460396,17,PICHINCHA,1705,RUMIÑAHUI,170550,SANGOLQUI,EL  TRIANGULO    -  ISLA  ESPANOLA,ZONA 2,URBANA,ND,ND,ND,ND,8/2/2023,15:00:00,DE 15H00 A 15H59,15,MIÉRCOLES,3,FEBRERO,2,NO,C14,"CONDUCIR DESATENTO A LAS CONDICIONES DE TRÁNSITO (CELULAR, PANTALLAS DE VIDEO, COMIDA, MAQUILLAJE O CUALQUIER OTRO ELEMENTO DISTRACTOR).",CHOQUE POSTERIOR,BUS,PÚBLICO,0,0,1,0,0,0,0,0,0,1,0,0,0,2,LICENCIA,35,MUJER,LESIONADO,CONDUCTOR,NO,SI
2023,PNE00061022023,1,0,PNE,-0.333096,-78.470118,17,PICHINCHA,1705,RUMIÑAHUI,170550,SANGOLQUI,AV.  EL  INCA    -  LA  CONCEPCION,ZONA 2,URBANA,ND,ND,ND,ND,8/2/2023,15:30:00,DE 15H00 A 15H59,15,MIÉRCOLES,3,FEBRERO,2,NO,C14,"CONDUCIR DESATENTO A LAS CONDICIONES DE TRÁNSITO (CELULAR, PANTALLAS DE VIDEO, COMIDA, MAQUILLAJE O CUALQUIER OTRO ELEMENTO DISTRACTOR).",CHOQUE LATERAL,NO IDENTIFICADO,PARTICULAR,0,0,0,0,0,0,0,0,0,1,0,0,0,1,LICENCIA,37,HOMBRE,LESIONADO,CONDUCTOR,NO,SI
2023,DMQ00190022023,1,0,DMQ,-0.185604,-78.487387,17,PICHINCHA,1701,QUITO,170150,QUITO,AMAZONAS Y INGLATERRA,ZONA 9,URBANA,ND,ND,ND,ND,8/2/2023,16:27:00,DE 16H00 A 16H59,16,MIÉRCOLES,3,FEBRERO,2,NO,C11,NO MANTENER LA DISTANCIA PRUDENCIAL CON RESPECTO AL VEHÍCULO QUE LE ANTECEDE.,COLISIÓN,AUTOMÓVIL,PARTICULAR,3,0,0,0,0,0,0,0,0,0,0,0,0,3,LICENCIA,36,MUJER,LESIONADO,CONDUCTOR,NO,NO
2023,DMQ00191022023,1,0,DMQ,-0.197848,-78.500091,17,PICHINCHA,1701,QUITO,170150,QUITO,AMERICA Y ALONSO DE MERCADILLO,ZONA 9,URBANA,ND,ND,ND,ND,8/2/2023,17:00:00,DE 17H00 A 17H59,17,MIÉRCOLES,3,FEBRERO,2,NO,C27,PEATÓN QUE CRUZA LA CALZADA SIN RESPETAR LA SEÑALIZACIÓN EXISTENTE (SEMÁFOROS O SEÑALES MANUALES).,ATROPELLOS,BUS,PÚBLICO,0,0,1,0,0,0,0,0,0,0,0,0,0,1,CÉDULA,24,MUJER,LESIONADO,PEATÓN,NO,NO
2023,CTE00125022023,0,0,CTE,-0.451944,-78.752778,17,PICHINCHA,1703,MEJIA,170355,MANUEL CORNEJO ASTORGA,RED VIAL ESTATAL E-20 KM 37+700 SENTIDO STO.DOMINGO-ALOAG.,ZONA 2,RURAL,331,ALOAG (OBELISCO) - TANDAPI,E20,ARTERIAL,8/2/2023,19:20:00,DE 19H00 A 19H59,19,MIÉRCOLES,3,FEBRERO,2,NO,C12,NO GUARDAR LA DISTANCIA LATERAL MÍNIMA DE SEGURIDAD ENTRE VEHÍCULOS.,ROZAMIENTOS,CAMIONETA,PARTICULAR,0,0,0,0,1,0,0,0,0,1,0,0,0,2,LICENCIA,-1,HOMBRE,ILESO,CONDUCTOR,NO,NO
2023,DMQ00197022023,1,1,DMQ,-0.245103,-78.501964,17,PICHINCHA,1701,QUITO,170150,QUITO,S5I Y UNION,ZONA 9,URBANA,ND,ND,ND,ND,9/2/2023,2:20:00,DE 02H00 A 02H59,2,JUEVES,4,FEBRERO,2,NO,C06,"CONDUCE BAJO LA INFLUENCIA DE ALCOHOL, SUSTANCIAS ESTUPEFACIENTES O PSICOTRÓPICAS Y/O MEDICAMENTOS.",ARROLLAMIENTOS,AUTOMÓVIL,PARTICULAR,1,0,0,0,0,0,0,0,0,0,0,0,0,1,CÉDULA,25,HOMBRE,FALLECIDO,PEATÓN,NO,NO
2023,PNE00062022023,1,0,PNE,-0.077339,-78.381972,17,PICHINCHA,1701,QUITO,170155,CALDERON (CARAPUNGO),E28B  NORTE    -  KM  9+900,ZONA 9,RURAL,ND,ND,ND,ND,9/2/2023,5:30:00,DE 05H00 A 05H59,5,JUEVES,4,FEBRERO,2,NO,C04,DAÑOS MECÁNICOS PREVISIBLES.,PÉRDIDA DE PISTA,CAMIÓN,PÚBLICO,0,0,0,1,0,0,0,0,0,0,0,0,0,1,LICENCIA,41,HOMBRE,LESIONADO,CONDUCTOR,NO,SI
2023,DMQ00198022023,1,0,DMQ,-0.191314,-78.488269,17,PICHINCHA,1701,QUITO,170150,QUITO,AMAZONAS Y MORENO BELLIDO,ZONA 9,URBANA,ND,ND,ND,ND,9/2/2023,7:05:00,DE 07H00 A 07H59,7,JUEVES,4,FEBRERO,2,NO,C25,NO CEDER EL DERECHO DE VÍA O PREFERENCIA DE PASO A VEHÍCULOS.,CHOQUE LATERAL,SCOOTER ELÉCTRICO,PARTICULAR,1,0,0,0,0,0,0,0,0,0,1,0,0,2,LICENCIA,44,MUJER,LESIONADO,CONDUCTOR,NO,NO
2023,CTE00132022023,0,0,CTE,-0.328471,-78.913499,17,PICHINCHA,1703,MEJIA,170355,MANUEL CORNEJO ASTORGA,RED VIAL ESTATAL E-20 SENTIDO  STO. DOMINGO-ALOAG,ZONA 2,RURAL,332,TANDAPI - LIMITE PROVINCIAL ENTRE PICHINCHA Y SANTO DOMINGO,E20,ARTERIAL,9/2/2023,8:20:00,DE 08H00 A 08H59,8,JUEVES,4,FEBRERO,2,NO,C01,"CASO FORTUITO O FUERZA MAYOR (EXPLOSIÓN DE NEUMÁTICO NUEVO, DERRUMBE, INUNDACIÓN, CAÍDA DE PUENTE, ÁRBOL, PRESENCIA INTEMPESTIVA E IMPREVISTA DE SEMOVIENTES EN LA VÍA, ETC.).",OTROS,NO IDENTIFICADO,PARTICULAR,0,0,0,0,0,0,0,0,0,1,0,0,0,1,NO IDENTIFICADO,-1,HOMBRE,NO IDENTIFICADO,CONDUCTOR,NO,NO
2023,DMQ00205022023,1,0,DMQ,-0.299471,-78.558748,17,PICHINCHA,1701,QUITO,170150,QUITO,MARISCAL SUCRE Y GUAYANAY ÑAN,ZONA 9,URBANA,ND,ND,ND,ND,9/2/2023,12:05:00,DE 12H00 A 12H59,12,JUEVES,4,FEBRERO,2,NO,C25,NO CEDER EL DERECHO DE VÍA O PREFERENCIA DE PASO A VEHÍCULOS.,CHOQUE LATERAL,MOTOCICLETA,PARTICULAR,1,0,0,0,0,0,0,0,1,0,0,0,0,2,LICENCIA,40,HOMBRE,LESIONADO,CONDUCTOR,NO,NO
2023,DMQ00208022023,1,0,DMQ,-0.178282,-78.478243,17,PICHINCHA,1701,QUITO,170150,QUITO,6 DE DICIEMBRE Y CALIFORNIA,ZONA 9,URBANA,ND,ND,ND,ND,9/2/2023,14:00:00,DE 14H00 A 14H59,14,JUEVES,4,FEBRERO,2,NO,C27,PEATÓN QUE CRUZA LA CALZADA SIN RESPETAR LA SEÑALIZACIÓN EXISTENTE (SEMÁFOROS O SEÑALES MANUALES).,ATROPELLOS,BUS,PÚBLICO,0,0,1,0,0,0,0,0,0,0,0,0,0,1,CÉDULA,43,MUJER,LESIONADO,PEATÓN,NO,NO
2023,DMQ00209022023,1,0,DMQ,-0.097493,-78.453261,17,PICHINCHA,1701,QUITO,170155,CALDERON (CARAPUNGO),PADRE LUIS VACCARI Y RIO GUAYAS,ZONA 9,RURAL,ND,ND,ND,ND,9/2/2023,14:40:00,DE 14H00 A 14H59,14,JUEVES,4,FEBRERO,2,NO,C27,PEATÓN QUE CRUZA LA CALZADA SIN RESPETAR LA SEÑALIZACIÓN EXISTENTE (SEMÁFOROS O SEÑALES MANUALES).,ATROPELLOS,FURGONETA,COMERCIAL,0,0,0,0,0,0,0,1,0,0,0,0,0,1,CÉDULA,11,HOMBRE,LESIONADO,PEATÓN,NO,NO
2023,DMQ00211022023,1,0,DMQ,-0.210647,-78.501024,17,PICHINCHA,1701,QUITO,170150,QUITO,10 DE AGOSTO Y BUENOS AIRES,ZONA 9,URBANA,ND,ND,ND,ND,9/2/2023,15:50:00,DE 15H00 A 15H59,15,JUEVES,4,FEBRERO,2,NO,C06,"CONDUCE BAJO LA INFLUENCIA DE ALCOHOL, SUSTANCIAS ESTUPEFACIENTES O PSICOTRÓPICAS Y/O MEDICAMENTOS.",CHOQUE LATERAL,MOTOCICLETA,PARTICULAR,1,0,0,0,0,0,0,0,1,0,0,0,0,2,LICENCIA,33,HOMBRE,LESIONADO,CONDUCTOR,NO,NO