ANIO,SINIESTROS,LESIONADOS,FALLECIDOS,ENTE_DE_CONTROL,LATITUD_Y,LONGITUD_X,DPA_1,PROVINCIA,DPA_2,CANTON,DPA_3,PARROQUIA,DIRECCION,ZONA_PLANIFICACION,ZONA,ID_DE_LA_VIA,NOMBRE_DE_LA_VIA,UBICACION_DE_LA_VIA,JERARQUIA_DE_LA_VIA,FECHA,HORA,PERIODO_1,PERIODO_2,DIA_1,DIA_2,MES_1,MES_2,FERIADO,CODIGO_CAUSA,CAUSA_PROBABLE,TIPO_DE_SINIESTRO,TIPO_DE_VEHICULO_1,SERVICIO_1,AUTOMOVIL,BICICLETA,BUS,CAMION,CAMIONETA,EMERGENCIAS,ESPECIAL,FURGONETA,MOTOCICLETA,NO_IDENTIFICADO,SCOOTER_ELECTRICO,TRICIMOTO,VEHICULO_DEPORTIVO_UTILITARIO,SUMA_DE_VEHICULOS,TIPO_ID_1,EDAD_1,SEXO_1,CONDICION_1,PARTICIPANTE_1,CASCO_1,CINTURON_1
2023,DMQ00216022023,0,0,DMQ,-0.222221,-78.467804,17,PICHINCHA,1701,QUITO,170150,QUITO,SIMON BOLIVAR Y IMPORTADORA CUÑAS,ZONA 9,RURAL,ND,ND,ND,ND,10/2/2023,0:45:00,DE 00H00 A 00H59,0,VIERNES,5,FEBRERO,2,NO,C09,CONDUCIR VEHÍCULO SUPERANDO LOS LÍMITES MÁXIMOS DE VELOCIDAD.,ESTRELLAMIENTOS,AUTOMÓVIL,PARTICULAR,1,0,0,0,0,0,0,0,0,0,0,0,0,1,NO IDENTIFICADO,-1,NO IDENTIFICADO,NO IDENTIFICADO,CONDUCTOR,NO,NO
2023,DMQ00219022023,1,1,DMQ,-0.207584,-78.503128,17,PICHINCHA,1701,QUITO,170150,QUITO,AMERICA Y CARACAS,ZONA 9,URBANA,ND,ND,ND,ND,10/2/2023,7:30:00,DE 07H00 A 07H59,7,VIERNES,5,FEBRERO,2,NO,C09,CONDUCIR VEHÍCULO SUPERANDO LOS LÍMITES MÁXIMOS DE VELOCIDAD.,ATROPELLOS,AUTOMÓVIL,COMERCIAL,2,0,0,0,0,0,0,0,0,0,0,0,0,2,CÉDULA,75,MUJER,FALLECIDO,PEATÓN,NO,NO
2023,DMQ00221022023,0,0,DMQ,-0.143638,-78.471206,17,PICHINCHA,1701,QUITO,170150,QUITO,ASUNOS Y N51,ZONA 9,URBANA,ND,ND,ND,ND,10/2/2023,8:08:00,DE 08H00 A 08H59,8,VIERNES,5,FEBRERO,2,NO,C25,NO CEDER EL DERECHO DE VÍA O PREFERENCIA DE PASO A VEHÍCULOS.,CHOQUE LATERAL,AUTOMÓVIL,PARTICULAR,2,0,0,0,0,0,0,0,0,0,0,0,0,2,LICENCIA,29,HOMBRE,ILESO,CONDUCTOR,NO,NO
2023,DMQ00224022023,0,0,DMQ,-0.180363,-78.504441,17,PICHINCHA,1701,QUITO,170150,QUITO,MARISCAL SUCRE Y MARIANA DE JESUS,ZONA 9,URBANA,ND,ND,ND,ND,10/2/2023,10:12:00,DE 10H00 A 10H59,10,VIERNES,5,FEBRERO,2,NO,C14,"CONDUCIR DESATENTO A LAS CONDICIONES DE TRÁNSITO (CELULAR, PANTALLAS DE VIDEO, COMIDA, MAQUILLAJE O CUALQUIER OTRO ELEMENTO DISTRACTOR).",ROZAMIENTOS,AUTOMÓVIL,PARTICULAR,2,0,0,0,0,0,0,0,0,0,0,0,0,2,LICENCIA,19,HOMBRE,ILESO,CONDUCTOR,NO,NO
2023,DMQ00226022023,0,0,DMQ,-0.203753,-78.483084,17,PICHINCHA,1701,QUITO,170150,QUITO,12 DE OCTUBRE Y CORUÑA,ZONA 9,URBANA,ND,ND,ND,ND,10/2/2023,11:30:00,DE 11H00 A 11H59,11,VIERNES,5,FEBRERO,2,NO,C12,NO GUARDAR LA DISTANCIA LATERAL MÍNIMA DE SEGURIDAD ENTRE VEHÍCULOS.,ROZAMIENTOS,CAMIÓN,CUENTA PROPIA,1,0,0,1,0,0,0,0,0,0,0,0,0,2,LICENCIA,55,HOMBRE,ILESO,CONDUCTOR,NO,NO
2023,MEP00227022023,0,0,MEP,0.048546,-78.200871,17,PICHINCHA,1704,PEDRO MONCAYO,170450,TABACUNDO,CALLE 23 DE NOVIEMBRE EL PIMAN,ZONA 2,RURAL,69,TABACUNDO - CAJAS,E282,COLECTORA,10/2/2023,11:30:00,DE 11H00 A 11H59,11,VIERNES,5,FEBRERO,2,NO,C23,"NO RESPETAR LAS SEÑALES REGLAMENTARIAS DE TRÁNSITO. (PARE, CEDA EL PASO, LUZ ROJA DEL SEMAFORO, ETC).",CHOQUE FRONTAL,CAMIÓN,COMERCIAL,0,0,0,1,1,0,0,0,0,0,0,0,0,2,LICENCIA,39,HOMBRE,ILESO,CONDUCTOR,NO,SI
2023,DMQ00229022023,9,0,DMQ,-0.244482,-78.533672,17,PICHINCHA,1701,QUITO,170150,QUITO,MARISCAL SUCRE Y ILLESCAS,ZONA 9,URBANA,ND,ND,ND,ND,10/2/2023,11:50:00,DE 11H00 A 11H59,11,VIERNES,5,FEBRERO,2,NO,C23,"NO RESPETAR LAS SEÑALES REGLAMENTARIAS DE TRÁNSITO. (PARE, CEDA EL PASO, LUZ ROJA DEL SEMAFORO, ETC).",OTROS,BUS,PÚBLICO,2,0,1,1,2,0,0,0,0,0,0,0,0,6,CÉDULA,67,HOMBRE,LESIONADO,PASAJERO,NO,NO
2023,DMQ00231022023,0,0,DMQ,-0.310138,-78.568401,17,PICHINCHA,1701,QUITO,170150,QUITO,S46 Y OE9G,ZONA 9,URBANA,ND,ND,ND,ND,10/2/2023,17:00:00,DE 17H00 A 17H59,17,VIERNES,5,FEBRERO,2,NO,C06,"CONDUCE BAJO LA INFLUENCIA DE ALCOHOL, SUSTANCIAS ESTUPEFACIENTES O PSICOTRÓPICAS Y/O MEDICAMENTOS.",CHOQUE LATERAL,MOTOCICLETA,PARTICULAR,1,0,0,0,0,0,0,0,1,0,0,0,0,2,LICENCIA,26,HOMBRE,ILESO,CONDUCTOR,NO,NO
2023,DMQ00232022023,2,0,DMQ,-0.227083,-78.510405,17,PICHINCHA,1701,QUITO,170150,QUITO,VICENTE ROCAFUERTE Y E2D,ZONA 9,URBANA,ND,ND,ND,ND,10/2/2023,18:30:00,DE 18H00 A 18H59,18,VIERNES,5,FEBRERO,2,NO,C16,NO TRANSITAR POR LAS ACERAS O ZONAS DE SEGURIDAD DESTINADAS PARA EL EFECTO.,ATROPELLOS,MOTOCICLETA,PARTICULAR,0,0,0,0,0,0,0,0,1,0,0,0,0,1,CÉDULA,75,HOMBRE,LESIONADO,PEATÓN,NO,NO
2023,DMQ00233022023,0,0,DMQ,-0.209224,-78.518368,17,PICHINCHA,1701,QUITO,170150,QUITO,GUATEMALA Y FRAY JOSE YEPEZ,ZONA 9,URBANA,ND,ND,ND,ND,10/2/2023,19:20:00,DE 19H00 A 19H59,19,VIERNES,5,FEBRERO,2,NO,C25,NO CEDER EL DERECHO DE VÍA O PREFERENCIA DE PASO A VEHÍCULOS.,CHOQUE LATERAL,MOTOCICLETA,PARTICULAR,0,0,0,0,0,0,0,0,2,0,0,0,0,2,CÉDULA,31,HOMBRE,ILESO,PASAJERO,NO,NO
2023,DMQ00236022023,3,0,DMQ,-0.184672,-78.490828,17,PICHINCHA,1701,QUITO,170150,QUITO,10 DE AGOSTO Y JUAN BAYAS,ZONA 9,URBANA,ND,ND,ND,ND,10/2/2023,20:00:00,DE 20H00 A 20H59,20,VIERNES,5,FEBRERO,2,NO,C07,"PEATÓN TRANSITA BAJO INFLUENCIA DE ALCOHOL, SUSTANCIAS ESTUPEFACIENTES O PSICOTRÓPICAS Y/O MEDICAMENTOS.",ATROPELLOS,MOTOCICLETA,PARTICULAR,0,0,0,0,0,0,0,0,1,0,0,0,0,1,CÉDULA,23,HOMBRE,LESIONADO,PEATÓN,NO,NO
2023,DMQ00237022023,0,0,DMQ,-0.239654,-78.492949,17,PICHINCHA,1701,QUITO,170150,QUITO,SIMON BOLIVAR Y JOAQUIN GALARZA,ZONA 9,URBANA,ND,ND,ND,ND,10/2/2023,20:50:00,DE 20H00 A 20H59,20,VIERNES,5,FEBRERO,2,NO,C09,CONDUCIR VEHÍCULO SUPERANDO LOS LÍMITES MÁXIMOS DE VELOCIDAD.,ESTRELLAMIENTOS,CAMIONETA,PARTICULAR,0,0,0,0,1,0,0,0,0,0,0,0,0,1,NO IDENTIFICADO,-1,NO IDENTIFICADO,NO IDENTIFICADO,CONDUCTOR,NO,NO
2023,DMQ00238022023,2,0,DMQ,-0.161957,-78.483194,17,PICHINCHA,1701,QUITO,170150,QUITO,AMAZONAS Y RIO COCA,ZONA 9,URBANA,ND,ND,ND,ND,10/2/2023,20:55:00,DE 20H00 A 20H59,20,VIERNES,5,FEBRERO,2,NO,C06,"CONDUCE BAJO LA INFLUENCIA DE ALCOHOL, SUSTANCIAS ESTUPEFACIENTES O PSICOTRÓPICAS Y/O MEDICAMENTOS.",CHOQUE LATERAL,MOTOCICLETA,GOBIERNOS SECCIONALES,0,0,0,0,0,0,0,0,2,0,0,0,0,2,LICENCIA,31,HOMBRE,LESIONADO,CONDUCTOR,SI,NO
2023,DMQ00239022023,0,0,DMQ,-0.231088,-78.538742,17,PICHINCHA,1701,QUITO,170150,QUITO,CHAVEZ PUGRU Y ARENILLAS,ZONA 9,URBANA,ND,ND,ND,ND,10/2/2023,21:05:00,DE 21H00 A 21H59,21,VIERNES,5,FEBRERO,2,NO,C09,CONDUCIR VEHÍCULO SUPERANDO LOS LÍMITES MÁXIMOS DE VELOCIDAD.,ESTRELLAMIENTOS,CAMIONETA,PARTICULAR,0,0,0,0,1,0,0,0,0,0,0,0,0,1,NO IDENTIFICADO,-1,NO IDENTIFICADO,NO IDENTIFICADO,CONDUCTOR,NO,NO
2023,DMQ00240022023,1,0,DMQ,-0.096536,-78.480482,17,PICHINCHA,1701,QUITO,170150,QUITO,MARIANO PAREDES Y TADEO BENITEZ,ZONA 9,URBANA,ND,ND,ND,ND,10/2/2023,21:25:00,DE 21H00 A 21H59,21,VIERNES,5,FEBRERO,2,NO,C11,NO MANTENER LA DISTANCIA PRUDENCIAL CON RESPECTO AL VEHÍCULO QUE LE ANTECEDE.,CHOQUE POSTERIOR,AUTOMÓVIL,PARTICULAR,2,0,0,0,0,0,0,0,0,0,0,0,0,2,LICENCIA,32,HOMBRE,LESIONADO,CONDUCTOR,NO,NO
2023,DMQ00244022023,2,0,DMQ,-0.240917,-78.524936,17,PICHINCHA,1701,QUITO,170150,QUITO,GENERAL EPLICACHIMA Y JAMBELI,ZONA 9,URBANA,ND,ND,ND,ND,11/2/2023,2:30:00,DE 02H00 A 02H59,2,SÁBADO,6,FEBRERO,2,NO,C09,CONDUCIR VEHÍCULO SUPERANDO LOS LÍMITES MÁXIMOS DE VELOCIDAD.,PÉRDIDA DE CARRIL,MOTOCICLETA,PARTICULAR,0,0,0,0,0,0,0,0,1,0,0,0,0,1,CÉDULA,35,HOMBRE,LESIONADO,PASAJERO,NO,NO
2023,DMQ00247022023,1,0,DMQ,-0.317732,-78.471877,17,PICHINCHA,1701,QUITO,170156,CONOCOTO,CHILLO JIJON Y DENTRO DE LOS CONJUNTOS TERRANOVA,ZONA 9,RURAL,ND,ND,ND,ND,11/2/2023,5:30:00,DE 05H00 A 05H59,5,SÁBADO,6,FEBRERO,2,NO,C09,CONDUCIR VEHÍCULO SUPERANDO LOS LÍMITES MÁXIMOS DE VELOCIDAD.,PÉRDIDA DE CARRIL,NO IDENTIFICADO,PARTICULAR,0,0,0,0,0,0,0,0,0,1,0,0,0,1,LICENCIA,22,HOMBRE,LESIONADO,CONDUCTOR,NO,NO
2023,DMQ00248022023,0,1,DMQ,-0.303766,-78.544951,17,PICHINCHA,1701,QUITO,170150,QUITO,OTOYA ÑAN Y GUAYANAY ÑAN,ZONA 9,URBANA,ND,ND,ND,ND,11/2/2023,8:20:00,DE 08H00 A 08H59,8,SÁBADO,6,FEBRERO,2,NO,C06,"CONDUCE BAJO LA INFLUENCIA DE ALCOHOL, SUSTANCIAS ESTUPEFACIENTES O PSICOTRÓPICAS Y/O MEDICAMENTOS.",OTROS,CAMIONETA,PARTICULAR,2,0,0,0,1,0,0,0,0,0,0,0,0,3,CÉDULA,45,HOMBRE,FALLECIDO,PEATÓN,NO,NO
2023,DMQ00253022023,0,0,DMQ,-0.312201,-78.542491,17,PICHINCHA,1701,QUITO,170150,QUITO,LA COCHA Y E2B,ZONA 9,URBANA,ND,ND,ND,ND,11/2/2023,16:10:00,DE 16H00 A 16H59,16,SÁBADO,6,FEBRERO,2,NO,C09,CONDUCIR VEHÍCULO SUPERANDO LOS LÍMITES MÁXIMOS DE VELOCIDAD.,OTROS,AUTOMÓVIL,PARTICULAR,1,0,0,0,0,0,0,0,0,0,0,0,0,1,NO IDENTIFICADO,-1,NO IDENTIFICADO,NO IDENTIFICADO,CONDUCTOR,NO,NO
2023,CTE00167022023,0,0,CTE,-0.446083,-78.745889,17,PICHINCHA,1703,MEJIA,170355,MANUEL CORNEJO ASTORGA,RED VIAL ESTATAL E-20 KM 36+280 ALOAG SANTO DOMINGO,ZONA 2,RURAL,331,ALOAG (OBELISCO) - TANDAPI,E20,ARTERIAL,11/2/2023,17:15:00,DE 17H00 A 17H59,17,SÁBADO,6,FEBRERO,2,NO,C14,"CONDUCIR DESATENTO A LAS CONDICIONES DE TRÁNSITO (CELULAR, PANTALLAS DE VIDEO, COMIDA, MAQUILLAJE O CUALQUIER OTRO ELEMENTO DISTRACTOR).",PÉRDIDA DE CARRIL,CAMIONETA,PARTICULAR,1,0,0,0,1,0,0,0,0,0,0,0,0,2,LICENCIA,-1,HOMBRE,ILESO,CONDUCTOR,NO,NO
2023,DMQ00256022023,1,0,DMQ,-0.283181,-78.559627,17,PICHINCHA,1701,QUITO,170150,QUITO,RAMON CABRERA Y JOAQUIN RUALES,ZONA 9,URBANA,ND,ND,ND,ND,11/2/2023,18:20:00,DE 18H00 A 18H59,18,SÁBADO,6,FEBRERO,2,NO,C01,"CASO FORTUITO O FUERZA MAYOR (EXPLOSIÓN DE NEUMÁTICO NUEVO, DERRUMBE, INUNDACIÓN, CAÍDA DE PUENTE, ÁRBOL, PRESENCIA INTEMPESTIVA E IMPREVISTA DE SEMOVIENTES EN LA VÍA, ETC.).",CHOQUE LATERAL,NO IDENTIFICADO,PARTICULAR,0,0,0,0,0,0,0,0,0,2,0,0,0,2,CÉDULA,24,MUJER,LESIONADO,PASAJERO,NO,NO
2023,PNE00076022023,1,0,PNE,-0.301839,-78.457093,17,PICHINCHA,1705,RUMIÑAHUI,170550,SANGOLQUI,AV.  GRAL.  RUMINAHUI  -  ISLA  GENOVESA,ZONA 2,RURAL,ND,ND,ND,ND,11/2/2023,19:30:00,DE 19H00 A 19H59,19,SÁBADO,6,FEBRERO,2,NO,C14,"CONDUCIR DESATENTO A LAS CONDICIONES DE TRÁNSITO (CELULAR, PANTALLAS DE VIDEO, COMIDA, MAQUILLAJE O CUALQUIER OTRO ELEMENTO DISTRACTOR).",ARROLLAMIENTOS,AUTOMÓVIL,PARTICULAR,1,0,0,0,0,0,0,0,0,0,0,0,0,1,NO IDENTIFICADO,43,HOMBRE,LESIONADO,PEATÓN,NO,SI
2023,DMQ00258022023,1,0,DMQ,-0.310195,-78.552234,17,PICHINCHA,1701,QUITO,170150,QUITO,QUITUMBE ÑAN Y S46,ZONA 9,URBANA,ND,ND,ND,ND,11/2/2023,20:00:00,DE 20H00 A 20H59,20,SÁBADO,6,FEBRERO,2,NO,C06,"CONDUCE BAJO LA INFLUENCIA DE ALCOHOL, SUSTANCIAS ESTUPEFACIENTES O PSICOTRÓPICAS Y/O MEDICAMENTOS.",OTROS,MOTOCICLETA,PARTICULAR,1,0,0,0,0,0,0,0,1,0,0,0,0,2,LICENCIA,43,HOMBRE,LESIONADO,CONDUCTOR,NO,NO
2023,DMQ00259022023,0,1,DMQ,-0.250288,-78.503251,17,PICHINCHA,1701,QUITO,170150,QUITO,SIMON BOLIVAR Y PASAJE ISABEL SAMANIEGO,ZONA 9,URBANA,ND,ND,ND,ND,11/2/2023,21:40:00,DE 21H00 A 21H59,21,SÁBADO,6,FEBRERO,2,NO,C09,CONDUCIR VEHÍCULO SUPERANDO LOS LÍMITES MÁXIMOS DE VELOCIDAD.,CHOQUE LATERAL,MOTOCICLETA,PARTICULAR,0,0,0,0,0,0,0,0,1,1,0,0,0,2,NO IDENTIFICADO,36,HOMBRE,FALLECIDO,CONDUCTOR,NO,NO
2023,DMQ00260022023,0,1,DMQ,-0.216801,-78.518591,17,PICHINCHA,1701,QUITO,170150,QUITO,MARISCAL SUCRE Y 24 DE MAYO,ZONA 9,URBANA,ND,ND,ND,ND,11/2/2023,22:30:00,DE 22H00 A 22H59,22,SÁBADO,6,FEBRERO,2,NO,C09,CONDUCIR VEHÍCULO SUPERANDO LOS LÍMITES MÁXIMOS DE VELOCIDAD.,PÉRDIDA DE CARRIL,MOTOCICLETA,PARTICULAR,0,0,0,0,0,0,0,0,1,0,0,0,0,1,LICENCIA,37,HOMBRE,FALLECIDO,CONDUCTOR,NO,NO
2023,DMQ00261022023,0,0,DMQ,-0.072876,-78.422554,17,PICHINCHA,1701,QUITO,170155,CALDERON (CARAPUNGO),FRANCISCO ALBORNOZ Y AGUSTIN GUERRERO,ZONA 9,RURAL,ND,ND,ND,ND,11/2/2023,23:30:00,DE 23H00 A 23H59,23,SÁBADO,6,FEBRERO,2,NO,C03,"CONDUCIR EN ESTADO DE SOMNOLENCIA O MALAS CONDICIONES FÍSICAS (SUEÑO, CANSANCIO Y FATIGA).",ESTRELLAMIENTOS,AUTOMÓVIL,PARTICULAR,1,0,0,0,0,0,0,0,0,0,0,0,0,1,LICENCIA,32,MUJER,ILESO,CONDUCTOR,NO,NO
2023,DMQ00262022023,0,0,DMQ,-0.133443,-78.494057,17,PICHINCHA,1701,QUITO,170150,QUITO,PRENSA Y FERNANDEZ SALVADOR,ZONA 9,URBANA,ND,ND,ND,ND,12/2/2023,0:01:00,DE 00H00 A 00H59,0,DOMINGO,7,FEBRERO,2,NO,C25,NO CEDER EL DERECHO DE VÍA O PREFERENCIA DE PASO A VEHÍCULOS.,CHOQUE LATERAL,AUTOMÓVIL,COMERCIAL,2,0,0,0,0,0,0,0,0,0,0,0,0,2,LICENCIA,48,HOMBRE,ILESO,CONDUCTOR,NO,NO
2023,DMQ00263022023,1,0,DMQ,-0.214601,-78.516332,17,PICHINCHA,1701,QUITO,170150,QUITO,MEJIA Y JOSE LOPEZ,ZONA 9,URBANA,ND,ND,ND,ND,12/2/2023,0:05:00,DE 00H00 A 00H59,0,DOMINGO,7,FEBRERO,2,NO,C09,CONDUCIR VEHÍCULO SUPERANDO LOS LÍMITES MÁXIMOS DE VELOCIDAD.,VOLCAMIENTOS,MOTOCICLETA,PARTICULAR,0,0,0,0,0,0,0,0,1,0,0,0,0,1,CÉDULA,36,HOMBRE,LESIONADO,PASAJERO,NO,NO
2023,DMQ00265022023,2,0,DMQ,-0.106504,-78.476517,17,PICHINCHA,1701,QUITO,170150,QUITO,GALO PLAZA LASSO Y SEBASTIAN MORENO,ZONA 9,URBANA,ND,ND,ND,ND,12/2/2023,1:30:00,DE 01H00 A 01H59,1,DOMINGO,7,FEBRERO,2,NO,C06,"CONDUCE BAJO LA INFLUENCIA DE ALCOHOL, SUSTANCIAS ESTUPEFACIENTES O PSICOTRÓPICAS Y/O MEDICAMENTOS.",COLISIÓN,AUTOMÓVIL,PARTICULAR,3,0,0,0,0,0,0,0,0,0,0,0,0,3,CÉDULA,48,MUJER,LESIONADO,PASAJERO,NO,NO
2023,DMQ00266022023,0,1,DMQ,-0.221062,-78.422051,17,PICHINCHA,1701,QUITO,170184,TUMBACO,RUTA VIVA Y INTERVALLES,ZONA 9,RURAL,ND,ND,ND,ND,12/2/2023,2:00:00,DE 02H00 A 02H59,2,DOMINGO,7,FEBRERO,2,NO,C06,"CONDUCE BAJO LA INFLUENCIA DE ALCOHOL, SUSTANCIAS ESTUPEFACIENTES O PSICOTRÓPICAS Y/O MEDICAMENTOS.",CHOQUE FRONTAL,AUTOMÓVIL,PARTICULAR,2,0,0,0,0,0,0,0,0,0,0,0,0,2,LICENCIA,32,HOMBRE,FALLECIDO,CONDUCTOR,NO,NO
2023,PNE00078022023,0,1,PNE,-0.449411,-78.585734,17,PICHINCHA,1703,MEJIA,170351,ALOAG,AV.  AMAZOANAS  -  ANTONIO  BENITEZ,ZONA 2,URBANA,ND,ND,ND,ND,12/2/2023,3:45:00,DE 03H00 A 03H59,3,DOMINGO,7,FEBRERO,2,NO,C09,CONDUCIR VEHÍCULO SUPERANDO LOS LÍMITES MÁXIMOS DE VELOCIDAD.,CHOQUE POSTERIOR,NO IDENTIFICADO,PARTICULAR,0,0,0,0,0,0,0,0,0,1,0,0,0,1,CÉDULA,20,MUJER,FALLECIDO,PASAJERO,NO,SI
2023,PNE00079022023,1,1,PNE,-0.294224,-78.462731,17,PICHINCHA,1701,QUITO,170156,CONOCOTO,AV.  GNRL.  RUMINAHUI  -  GEOVANNI  FARINA,ZONA 9,RURAL,ND,ND,ND,ND,12/2/2023,6:00:00,DE 06H00 A 06H59,6,DOMINGO,7,FEBRERO,2,NO,C21,MALAS CONDICIONES DE LA VÍA Y/O CONFIGURACIÓN. (ILUMINACIÓN Y DISEÑO).,ESTRELLAMIENTOS,MOTOCICLETA,PARTICULAR,0,0,0,0,0,0,0,0,1,0,0,0,0,1,NO IDENTIFICADO,27,HOMBRE,FALLECIDO,CONDUCTOR,NO,SI
2023,DMQ00270022023,0,0,DMQ,-0.141041,-78.500822,17,PICHINCHA,1701,QUITO,170150,QUITO,MARISCAL SUCRE Y CESAR VILLACRES,ZONA 9,URBANA,ND,ND,ND,ND,12/2/2023,6:45:00,DE 06H00 A 06H59,6,DOMINGO,7,FEBRERO,2,NO,C09,CONDUCIR VEHÍCULO SUPERANDO LOS LÍMITES MÁXIMOS DE VELOCIDAD.,OTROS,AUTOMÓVIL,PARTICULAR,1,0,0,0,0,0,0,0,0,0,0,0,0,1,NO IDENTIFICADO,-1,NO IDENTIFICADO,NO IDENTIFICADO,CONDUCTOR,NO,NO
2023,DMQ00273022023,2,0,DMQ,-0.210613,-78.514185,17,PICHINCHA,1701,QUITO,170150,QUITO,GUATEMALA Y AUGUSTO MARTINEZ,ZONA 9,URBANA,ND,ND,ND,ND,12/2/2023,8:20:00,DE 08H00 A 08H59,8,DOMINGO,7,FEBRERO,2,NO,C09,CONDUCIR VEHÍCULO SUPERANDO LOS LÍMITES MÁXIMOS DE VELOCIDAD.,CHOQUE LATERAL,MOTOCICLETA,PARTICULAR,1,0,0,0,0,0,0,0,1,0,0,0,0,2,CÉDULA,16,HOMBRE,LESIONADO,PASAJERO,NO,NO
2023,DMQ00275022023,0,0,DMQ,-0.256269,-78.511862,17,PICHINCHA,1701,QUITO,170150,QUITO,NARIZ DEL DIABLO Y CHARLES LEE,ZONA 9,URBANA,ND,ND,ND,ND,12/2/2023,10:05:00,DE 10H00 A 10H59,10,DOMINGO,7,FEBRERO,2,NO,C06,"CONDUCE BAJO LA INFLUENCIA DE ALCOHOL, SUSTANCIAS ESTUPEFACIENTES O PSICOTRÓPICAS Y/O MEDICAMENTOS.",ESTRELLAMIENTOS,AUTOMÓVIL,PARTICULAR,2,0,0,0,0,0,0,0,0,0,0,0,0,2,LICENCIA,33,HOMBRE,ILESO,CONDUCTOR,NO,NO
2023,PNE00082022023,0,1,PNE,-0.050388,-78.285627,17,PICHINCHA,1701,QUITO,170163,GUAYLLABAMBA,E35    -  15  JUNIO,ZONA 9,RURAL,62,CUSUBAMBA - PIFO,E35,ARTERIAL,12/2/2023,11:00:00,DE 11H00 A 11H59,11,DOMINGO,7,FEBRERO,2,NO,C14,"CONDUCIR DESATENTO A LAS CONDICIONES DE TRÁNSITO (CELULAR, PANTALLAS DE VIDEO, COMIDA, MAQUILLAJE O CUALQUIER OTRO ELEMENTO DISTRACTOR).",CHOQUE POSTERIOR,MOTOCICLETA,PARTICULAR,0,0,0,0,0,0,0,0,1,0,0,0,0,1,LICENCIA,30,HOMBRE,FALLECIDO,CONDUCTOR,NO,SI
2023,DMQ00281022023,0,0,DMQ,-0.112796,-78.497707,17,PICHINCHA,1701,QUITO,170150,QUITO,GENERAL JOSE MARIA GUERRERO Y IGNACIO DE LOYOLA,ZONA 9,URBANA,ND,ND,ND,ND,12/2/2023,15:50:00,DE 15H00 A 15H59,15,DOMINGO,7,FEBRERO,2,NO,C09,CONDUCIR VEHÍCULO SUPERANDO LOS LÍMITES MÁXIMOS DE VELOCIDAD.,OTROS,AUTOMÓVIL,PARTICULAR,1,0,0,0,0,0,0,0,0,0,0,0,0,1,NO IDENTIFICADO,-1,NO IDENTIFICADO,NO IDENTIFICADO,CONDUCTOR,NO,NO
2023,DMQ00282022023,0,0,DMQ,-0.214844,-78.441412,17,PICHINCHA,1701,QUITO,170157,CUMBAYA,RUTA VIVA Y ALFONSO LAMIÑA,ZONA 9,RURAL,ND,ND,ND,ND,12/2/2023,16:05:00,DE 16H00 A 16H59,16,DOMINGO,7,FEBRERO,2,NO,C09,CONDUCIR VEHÍCULO SUPERANDO LOS LÍMITES MÁXIMOS DE VELOCIDAD.,ESTRELLAMIENTOS,CAMIONETA,PARTICULAR,0,0,0,0,1,0,0,0,0,0,0,0,0,1,NO IDENTIFICADO,-1,NO IDENTIFICADO,NO IDENTIFICADO,CONDUCTOR,NO,NO
2023,DMQ00284022023,1,0,DMQ,-0.146908,-78.446101,17,PICHINCHA,1701,QUITO,170186,ZAMBIZA,SIMON BOLIVAR Y PUENTE PEATONAL 11 DE FEBRERO,ZONA 9,RURAL,ND,ND,ND,ND,12/2/2023,17:10:00,DE 17H00 A 17H59,17,DOMINGO,7,FEBRERO,2,NO,C06,"CONDUCE BAJO LA INFLUENCIA DE ALCOHOL, SUSTANCIAS ESTUPEFACIENTES O PSICOTRÓPICAS Y/O MEDICAMENTOS.",CHOQUE POSTERIOR,BUS,PÚBLICO,1,0,1,0,0,0,0,0,0,0,0,0,0,2,CÉDULA,25,MUJER,LESIONADO,PASAJERO,NO,NO
2023,CTE00200022023,0,0,CTE,-0.441464,-78.732862,17,PICHINCHA,1703,MEJIA,170355,MANUEL CORNEJO ASTORGA,"RED. ESTATAL E-20 KM. 37+477, SENTIDO ALOAG	 HACIA TANDAPI Y VICEVERSA. LAT.:-0.452043° LONG.:-78.752660°",ZONA 2,RURAL,331,ALOAG (OBELISCO) - TANDAPI,E20,ARTERIAL,12/2/2023,18:03:00,DE 18H00 A 18H59,18,DOMINGO,7,FEBRERO,2,NO,C14,"CONDUCIR DESATENTO A LAS CONDICIONES DE TRÁNSITO (CELULAR, PANTALLAS DE VIDEO, COMIDA, MAQUILLAJE O CUALQUIER OTRO ELEMENTO DISTRACTOR).",PÉRDIDA DE CARRIL,CAMIONETA,PARTICULAR,0,0,0,0,2,0,0,0,0,0,0,0,0,2,LICENCIA,45,HOMBRE,ILESO,CONDUCTOR,NO,NO
2023,DMQ00285022023,0,0,DMQ,-0.158221,-78.489079,17,PICHINCHA,1701,QUITO,170150,QUITO,ELIA LIUT Y BRASIL,ZONA 9,URBANA,ND,ND,ND,ND,12/2/2023,18:20:00,DE 18H00 A 18H59,18,DOMINGO,7,FEBRERO,2,NO,C23,"NO RESPETAR LAS SEÑALES REGLAMENTARIAS DE TRÁNSITO. (PARE, CEDA EL PASO, LUZ ROJA DEL SEMAFORO, ETC).",OTROS,MOTOCICLETA,PARTICULAR,0,0,0,0,0,0,0,0,1,0,0,0,0,1,NO IDENTIFICADO,-1,NO IDENTIFICADO,NO IDENTIFICADO,CONDUCTOR,NO,NO