ANIO,SINIESTROS,LESIONADOS,FALLECIDOS,ENTE_DE_CONTROL,LATITUD_Y,LONGITUD_X,DPA_1,PROVINCIA,DPA_2,CANTON,DPA_3,PARROQUIA,DIRECCION,ZONA_PLANIFICACION,ZONA,ID_DE_LA_VIA,NOMBRE_DE_LA_VIA,UBICACION_DE_LA_VIA,JERARQUIA_DE_LA_VIA,FECHA,HORA,PERIODO_1,PERIODO_2,DIA_1,DIA_2,MES_1,MES_2,FERIADO,CODIGO_CAUSA,CAUSA_PROBABLE,TIPO_DE_SINIESTRO,TIPO_DE_VEHICULO_1,SERVICIO_1,AUTOMOVIL,BICICLETA,BUS,CAMION,CAMIONETA,EMERGENCIAS,ESPECIAL,FURGONETA,MOTOCICLETA,NO_IDENTIFICADO,SCOOTER_ELECTRICO,TRICIMOTO,VEHICULO_DEPORTIVO_UTILITARIO,SUMA_DE_VEHICULOS,TIPO_ID_1,EDAD_1,SEXO_1,CONDICION_1,PARTICIPANTE_1,CASCO_1,CINTURON_1
2023,PNE00084022023,0,0,PNE,-0.323071,-78.490291,17,PICHINCHA,1701,QUITO,170156,CONOCOTO,E28B    -  KM  2+720,ZONA 9,RURAL,ND,ND,ND,ND,12/2/2023,20:00:00,DE 20H00 A 20H59,20,DOMINGO,7,FEBRERO,2,NO,C06,"CONDUCE BAJO LA INFLUENCIA DE ALCOHOL, SUSTANCIAS ESTUPEFACIENTES O PSICOTRÓPICAS Y/O MEDICAMENTOS.",COLISIÓN,VEHÍCULO DEPORTIVO UTILITARIO,PARTICULAR,2,0,0,0,0,0,0,0,0,0,0,0,1,3,LICENCIA,41,HOMBRE,ILESO,CONDUCTOR,NO,SI
2023,DMQ00289022023,1,0,DMQ,-0.296094,-78.409309,17,PICHINCHA,1701,QUITO,170164,LA MERCED,CESAR ENRIQUE BALSECA Y LUIS RIVADENERIA,ZONA 9,RURAL,ND,ND,ND,ND,12/2/2023,21:00:00,DE 21H00 A 21H59,21,DOMINGO,7,FEBRERO,2,NO,C23,"NO RESPETAR LAS SEÑALES REGLAMENTARIAS DE TRÁNSITO. (PARE, CEDA EL PASO, LUZ ROJA DEL SEMAFORO, ETC).",CHOQUE LATERAL,CAMIÓN,CUENTA PROPIA,0,0,0,1,1,0,0,0,0,0,0,0,0,2,LICENCIA,28,HOMBRE,LESIONADO,CONDUCTOR,NO,NO
2023,DMQ00290022023,1,0,DMQ,-0.288743,-78.524358,17,PICHINCHA,1701,QUITO,170150,QUITO,MORAN VALVERDE Y SIMON BOLIVAR,ZONA 9,URBANA,ND,ND,ND,ND,12/2/2023,21:00:00,DE 21H00 A 21H59,21,DOMINGO,7,FEBRERO,2,NO,C23,"NO RESPETAR LAS SEÑALES REGLAMENTARIAS DE TRÁNSITO. (PARE, CEDA EL PASO, LUZ ROJA DEL SEMAFORO, ETC).",OTROS,NO IDENTIFICADO,PARTICULAR,0,0,0,0,0,0,0,0,0,2,0,0,0,2,LICENCIA,28,HOMBRE,LESIONADO,CONDUCTOR,NO,NO
2023,DMQ00295022023,0,0,DMQ,-0.264109,-78.521029,17,PICHINCHA,1701,QUITO,170150,QUITO,RAMON CAMPAÑA Y FRANCISCO ARCIA,ZONA 9,URBANA,ND,ND,ND,ND,13/02/2023,5:45:00,DE 05H00 A 05H59,5,LUNES,1,FEBRERO,2,NO,C09,CONDUCIR VEHÍCULO SUPERANDO LOS LÍMITES MÁXIMOS DE VELOCIDAD.,ESTRELLAMIENTOS,AUTOMÓVIL,PARTICULAR,1,0,0,0,0,0,0,0,0,0,0,0,0,1,NO IDENTIFICADO,-1,NO IDENTIFICADO,NO IDENTIFICADO,CONDUCTOR,NO,NO
2023,DMQ00296022023,0,0,DMQ,-0.295114,-78.548844,17,PICHINCHA,1701,QUITO,170150,QUITO,QUITUMBE ÑAN Y PACHAMAMA,ZONA 9,URBANA,ND,ND,ND,ND,13/02/2023,6:30:00,DE 06H00 A 06H59,6,LUNES,1,FEBRERO,2,NO,C11,NO MANTENER LA DISTANCIA PRUDENCIAL CON RESPECTO AL VEHÍCULO QUE LE ANTECEDE.,CHOQUE POSTERIOR,FURGONETA,COMERCIAL,1,0,0,0,0,0,0,1,0,0,0,0,0,2,LICENCIA,69,HOMBRE,ILESO,CONDUCTOR,NO,NO
2023,DMQ00297022023,0,0,DMQ,-0.283148,-78.470701,17,PICHINCHA,1701,QUITO,170156,CONOCOTO,LOLA QUINTANA Y AUTOPISTA GENERAL RUMIÑAHUI,ZONA 9,RURAL,ND,ND,ND,ND,13/02/2023,6:30:00,DE 06H00 A 06H59,6,LUNES,1,FEBRERO,2,NO,C09,CONDUCIR VEHÍCULO SUPERANDO LOS LÍMITES MÁXIMOS DE VELOCIDAD.,CHOQUE LATERAL,CAMIONETA,PARTICULAR,1,0,0,0,1,0,0,0,0,0,0,0,0,2,LICENCIA,50,HOMBRE,ILESO,CONDUCTOR,NO,NO
2023,DMQ00298022023,0,0,DMQ,-0.219635,-78.506749,17,PICHINCHA,1701,QUITO,170150,QUITO,PICHINCHA Y ESMERALDAS,ZONA 9,URBANA,ND,ND,ND,ND,13/02/2023,6:55:00,DE 06H00 A 06H59,6,LUNES,1,FEBRERO,2,NO,C11,NO MANTENER LA DISTANCIA PRUDENCIAL CON RESPECTO AL VEHÍCULO QUE LE ANTECEDE.,CHOQUE POSTERIOR,BUS,PÚBLICO,0,0,1,0,0,0,0,1,0,0,0,0,0,2,LICENCIA,60,HOMBRE,ILESO,CONDUCTOR,NO,NO
2023,DMQ00302022023,0,0,DMQ,-0.141287,-78.500916,17,PICHINCHA,1701,QUITO,170150,QUITO,MARISCAL SUCRE Y CESAR VILLACRES,ZONA 9,URBANA,ND,ND,ND,ND,13/02/2023,10:00:00,DE 10H00 A 10H59,10,LUNES,1,FEBRERO,2,NO,C11,NO MANTENER LA DISTANCIA PRUDENCIAL CON RESPECTO AL VEHÍCULO QUE LE ANTECEDE.,COLISIÓN,AUTOMÓVIL,PARTICULAR,3,0,0,0,0,0,0,0,0,0,0,0,0,3,LICENCIA,54,HOMBRE,ILESO,CONDUCTOR,NO,NO
2023,DMQ00303022023,0,1,DMQ,-0.226784,-78.521848,17,PICHINCHA,1701,QUITO,170150,QUITO,BAHIA DE CARAQUEZ Y RIO NEGRO,ZONA 9,URBANA,ND,ND,ND,ND,13/02/2023,10:30:00,DE 10H00 A 10H59,10,LUNES,1,FEBRERO,2,NO,C16,NO TRANSITAR POR LAS ACERAS O ZONAS DE SEGURIDAD DESTINADAS PARA EL EFECTO.,ARROLLAMIENTOS,BUS,PÚBLICO,0,0,1,0,0,0,0,0,0,0,0,0,0,1,CÉDULA,81,MUJER,FALLECIDO,PEATÓN,NO,NO
2023,DMQ00307022023,0,0,DMQ,-0.345344,-78.547705,17,PICHINCHA,1701,QUITO,170150,QUITO,S60 Y MALDONADO,ZONA 9,URBANA,ND,ND,ND,ND,13/02/2023,14:00:00,DE 14H00 A 14H59,14,LUNES,1,FEBRERO,2,NO,C06,"CONDUCE BAJO LA INFLUENCIA DE ALCOHOL, SUSTANCIAS ESTUPEFACIENTES O PSICOTRÓPICAS Y/O MEDICAMENTOS.",CHOQUE LATERAL,AUTOMÓVIL,PARTICULAR,2,0,0,0,0,0,0,0,0,0,0,0,0,2,LICENCIA,37,HOMBRE,ILESO,CONDUCTOR,NO,NO
2023,PNE00087022023,3,0,PNE,-0.435001,-78.548763,17,PICHINCHA,1703,MEJIA,170350,MACHACHI,VIA  AL  MURCO    -  PANAMERICANA  SUR,ZONA 2,URBANA,ND,ND,ND,ND,13/02/2023,14:45:00,DE 14H00 A 14H59,14,LUNES,1,FEBRERO,2,NO,C14,"CONDUCIR DESATENTO A LAS CONDICIONES DE TRÁNSITO (CELULAR, PANTALLAS DE VIDEO, COMIDA, MAQUILLAJE O CUALQUIER OTRO ELEMENTO DISTRACTOR).",CHOQUE FRONTAL,VEHÍCULO DEPORTIVO UTILITARIO,PARTICULAR,1,0,0,0,0,0,0,0,0,0,0,0,1,2,LICENCIA,38,HOMBRE,LESIONADO,CONDUCTOR,NO,SI
2023,PNE00088022023,0,0,PNE,-0.056251,-78.454866,17,PICHINCHA,1701,QUITO,170177,POMASQUI,AV.  MANUEL  CORDOVA  GALARZA  -  ANTONIO  JOSE  DE  SUCRE,ZONA 9,URBANA,52,QUITO - POMASQUI - REDONDEL MITAD DEL MUNDO,E28,COLECTORA,13/02/2023,17:00:00,DE 17H00 A 17H59,17,LUNES,1,FEBRERO,2,NO,C06,"CONDUCE BAJO LA INFLUENCIA DE ALCOHOL, SUSTANCIAS ESTUPEFACIENTES O PSICOTRÓPICAS Y/O MEDICAMENTOS.",CHOQUE LATERAL,CAMIONETA,PARTICULAR,0,0,0,0,1,0,0,0,0,0,0,0,1,2,LICENCIA,32,HOMBRE,ILESO,CONDUCTOR,NO,SI
2023,DMQ00308022023,1,0,DMQ,-0.008528,-78.446611,17,PICHINCHA,1701,QUITO,170180,SAN ANTONIO (QUITO),EQUINOCCIAL Y DANIEL CEVALLOS,ZONA 9,RURAL,ND,ND,ND,ND,13/02/2023,17:30:00,DE 17H00 A 17H59,17,LUNES,1,FEBRERO,2,NO,C26,NO CEDER EL DERECHO DE VÍA O PREFERENCIA DE PASO AL PEATÓN.,ATROPELLOS,NO IDENTIFICADO,PARTICULAR,0,0,0,0,0,0,0,0,0,1,0,0,0,1,CÉDULA,38,HOMBRE,LESIONADO,PEATÓN,NO,NO
2023,DMQ00309022023,0,1,DMQ,-0.129272,-78.448503,17,PICHINCHA,1701,QUITO,170165,LLANO CHICO,SIMON BOLIVAR Y DE LOS NOGALES,ZONA 9,RURAL,ND,ND,ND,ND,13/02/2023,17:45:00,DE 17H00 A 17H59,17,LUNES,1,FEBRERO,2,NO,C26,NO CEDER EL DERECHO DE VÍA O PREFERENCIA DE PASO AL PEATÓN.,ATROPELLOS,NO IDENTIFICADO,PARTICULAR,0,0,0,0,0,0,0,0,0,1,0,0,0,1,CÉDULA,86,MUJER,FALLECIDO,PEATÓN,NO,NO
2023,DMQ00310022023,0,0,DMQ,-0.262051,-78.504834,17,PICHINCHA,1701,QUITO,170150,QUITO,SIMON BOLIVAR Y LA SOFIA,ZONA 9,URBANA,ND,ND,ND,ND,13/02/2023,18:40:00,DE 18H00 A 18H59,18,LUNES,1,FEBRERO,2,NO,C11,NO MANTENER LA DISTANCIA PRUDENCIAL CON RESPECTO AL VEHÍCULO QUE LE ANTECEDE.,COLISIÓN,CAMIÓN,CUENTA PROPIA,2,0,0,1,1,0,0,1,0,0,0,0,0,5,LICENCIA,43,HOMBRE,ILESO,CONDUCTOR,NO,NO
2023,DMQ00314022023,0,0,DMQ,-0.292722,-78.488123,17,PICHINCHA,1701,QUITO,170156,CONOCOTO,MIGUEL RIOFRIO Y OE4B,ZONA 9,RURAL,ND,ND,ND,ND,14/02/2023,1:15:00,DE 01H00 A 01H59,1,MARTES,2,FEBRERO,2,NO,C03,"CONDUCIR EN ESTADO DE SOMNOLENCIA O MALAS CONDICIONES FÍSICAS (SUEÑO, CANSANCIO Y FATIGA).",ESTRELLAMIENTOS,AUTOMÓVIL,COMERCIAL,1,0,0,0,0,0,0,0,0,0,0,0,0,1,NO IDENTIFICADO,-1,NO IDENTIFICADO,NO IDENTIFICADO,CONDUCTOR,NO,NO
2023,PNE00092022023,0,1,PNE,-0.002387,-78.175098,17,PICHINCHA,1702,CAYAMBE,170252,CANGAHUA,INGRESO  A  CUNIBURO  -  PANAMERICANA  NORTE  E35,ZONA 2,RURAL,ND,ND,ND,ND,14/02/2023,6:00:00,DE 06H00 A 06H59,6,MARTES,2,FEBRERO,2,NO,C18,CONDUCIR EN SENTIDO CONTRARIO A LA VÍA NORMAL DE CIRCULACIÓN.,CHOQUE FRONTAL,BUS,PÚBLICO,0,0,1,0,0,0,0,0,1,0,0,0,0,2,LICENCIA,31,HOMBRE,FALLECIDO,CONDUCTOR,NO,SI
2023,DMQ00316022023,1,0,DMQ,-0.144421,-78.483474,17,PICHINCHA,1701,QUITO,170150,QUITO,GALO PLAZA LASSO Y JOSE RAFAEL BUSTAMANTE,ZONA 9,URBANA,ND,ND,ND,ND,14/02/2023,6:15:00,DE 06H00 A 06H59,6,MARTES,2,FEBRERO,2,NO,C27,PEATÓN QUE CRUZA LA CALZADA SIN RESPETAR LA SEÑALIZACIÓN EXISTENTE (SEMÁFOROS O SEÑALES MANUALES).,ATROPELLOS,BUS,COMERCIAL,0,0,1,0,0,0,0,0,0,0,0,0,0,1,CÉDULA,17,HOMBRE,LESIONADO,PEATÓN,NO,NO
2023,CTE00226022023,0,2,CTE,-0.349972,-78.856417,17,PICHINCHA,1703,MEJIA,170355,MANUEL CORNEJO ASTORGA,RED ESTATAL E-20 - KM 58+460 A LA ALTURA DE LA ESPERIE,ZONA 2,RURAL,332,TANDAPI - LIMITE PROVINCIAL ENTRE PICHINCHA Y SANTO DOMINGO,E20,ARTERIAL,14/02/2023,7:45:00,DE 07H00 A 07H59,7,MARTES,2,FEBRERO,2,NO,C14,"CONDUCIR DESATENTO A LAS CONDICIONES DE TRÁNSITO (CELULAR, PANTALLAS DE VIDEO, COMIDA, MAQUILLAJE O CUALQUIER OTRO ELEMENTO DISTRACTOR).",PÉRDIDA DE CARRIL,AUTOMÓVIL,PARTICULAR,1,0,0,0,0,0,0,0,0,0,0,0,0,1,CÉDULA,-1,HOMBRE,FALLECIDO,PEATÓN,NO,NO
2023,DMQ00320022023,0,0,DMQ,-0.258586,-78.544613,17,PICHINCHA,1701,QUITO,170150,QUITO,MARISCAL SUCRE Y HERNAN GMOINER,ZONA 9,URBANA,ND,ND,ND,ND,14/02/2023,10:30:00,DE 10H00 A 10H59,10,MARTES,2,FEBRERO,2,NO,C11,NO MANTENER LA DISTANCIA PRUDENCIAL CON RESPECTO AL VEHÍCULO QUE LE ANTECEDE.,CHOQUE POSTERIOR,AUTOMÓVIL,PARTICULAR,2,0,0,0,0,0,0,0,0,0,0,0,0,2,LICENCIA,38,HOMBRE,ILESO,CONDUCTOR,NO,NO
2023,DMQ00322022023,2,0,DMQ,-0.247956,-78.526057,17,PICHINCHA,1701,QUITO,170150,QUITO,ALONSO DE ANGULO Y LAURO GUERRERO,ZONA 9,URBANA,ND,ND,ND,ND,14/02/2023,14:00:00,DE 14H00 A 14H59,14,MARTES,2,FEBRERO,2,NO,C16,NO TRANSITAR POR LAS ACERAS O ZONAS DE SEGURIDAD DESTINADAS PARA EL EFECTO.,ATROPELLOS,AUTOMÓVIL,PARTICULAR,1,0,0,0,0,0,0,0,0,0,0,0,0,1,CÉDULA,15,HOMBRE,LESIONADO,PEATÓN,NO,NO
2023,DMQ00325022023,1,0,DMQ,-0.213153,-78.504064,17,PICHINCHA,1701,QUITO,170150,QUITO,JUAN LARREA Y ARENAS,ZONA 9,URBANA,ND,ND,ND,ND,14/02/2023,16:15:00,DE 16H00 A 16H59,16,MARTES,2,FEBRERO,2,NO,C06,"CONDUCE BAJO LA INFLUENCIA DE ALCOHOL, SUSTANCIAS ESTUPEFACIENTES O PSICOTRÓPICAS Y/O MEDICAMENTOS.",ATROPELLOS,AUTOMÓVIL,COMERCIAL,1,0,0,0,0,0,0,0,0,0,0,0,0,1,CÉDULA,73,HOMBRE,LESIONADO,PEATÓN,NO,NO
2023,DMQ00331022023,1,0,DMQ,-0.250026,-78.508357,17,PICHINCHA,1701,QUITO,170150,QUITO,MIGUEL ALONSO Y JOSE QUERI,ZONA 9,URBANA,ND,ND,ND,ND,14/02/2023,18:40:00,DE 18H00 A 18H59,18,MARTES,2,FEBRERO,2,NO,C27,PEATÓN QUE CRUZA LA CALZADA SIN RESPETAR LA SEÑALIZACIÓN EXISTENTE (SEMÁFOROS O SEÑALES MANUALES).,ATROPELLOS,CAMIONETA,PARTICULAR,1,0,0,0,1,0,0,0,0,0,0,0,0,2,CÉDULA,28,HOMBRE,LESIONADO,PEATÓN,NO,NO
2023,DMQ00332022023,0,1,DMQ,-0.125707,-78.500383,17,PICHINCHA,1701,QUITO,170150,QUITO,BARTOLOME RUIZ Y HUACHI,ZONA 9,URBANA,ND,ND,ND,ND,14/02/2023,19:52:00,DE 19H00 A 19H59,19,MARTES,2,FEBRERO,2,NO,C25,NO CEDER EL DERECHO DE VÍA O PREFERENCIA DE PASO A VEHÍCULOS.,CHOQUE LATERAL,MOTOCICLETA,PARTICULAR,1,0,0,0,0,0,0,0,1,0,0,0,0,2,LICENCIA,43,HOMBRE,FALLECIDO,CONDUCTOR,NO,NO
2023,DMQ00334022023,1,0,DMQ,-0.092291,-78.433827,17,PICHINCHA,1701,QUITO,170155,CALDERON (CARAPUNGO),GIOVANNI CALLES Y ALAVA,ZONA 9,RURAL,ND,ND,ND,ND,14/02/2023,20:30:00,DE 20H00 A 20H59,20,MARTES,2,FEBRERO,2,NO,C27,PEATÓN QUE CRUZA LA CALZADA SIN RESPETAR LA SEÑALIZACIÓN EXISTENTE (SEMÁFOROS O SEÑALES MANUALES).,ATROPELLOS,FURGONETA,COMERCIAL,0,0,0,0,0,0,0,1,0,0,0,0,0,1,CÉDULA,76,HOMBRE,LESIONADO,PEATÓN,NO,NO
2023,DMQ00335022023,0,0,DMQ,-0.190487,-78.495759,17,PICHINCHA,1701,QUITO,170150,QUITO,CUERO Y CAICEDO Y ANTONIO DE ULLOA,ZONA 9,URBANA,ND,ND,ND,ND,14/02/2023,22:00:00,DE 22H00 A 22H59,22,MARTES,2,FEBRERO,2,NO,C06,"CONDUCE BAJO LA INFLUENCIA DE ALCOHOL, SUSTANCIAS ESTUPEFACIENTES O PSICOTRÓPICAS Y/O MEDICAMENTOS.",CHOQUE LATERAL,BUS,PÚBLICO,1,0,1,0,0,0,0,0,0,0,0,0,0,2,LICENCIA,38,HOMBRE,ILESO,CONDUCTOR,NO,NO
2023,DMQ00340022023,0,0,DMQ,-0.210361,-78.373645,17,PICHINCHA,1701,QUITO,170184,TUMBACO,JUAN LARREA Y SAN FRANCISCO DE LA TOLA GRANDE,ZONA 9,RURAL,ND,ND,ND,ND,15/02/2023,3:55:00,DE 03H00 A 03H59,3,MIÉRCOLES,3,FEBRERO,2,NO,C09,CONDUCIR VEHÍCULO SUPERANDO LOS LÍMITES MÁXIMOS DE VELOCIDAD.,ESTRELLAMIENTOS,CAMIÓN,CUENTA PROPIA,0,0,0,1,0,0,0,0,0,0,0,0,0,1,LICENCIA,29,MUJER,ILESO,CONDUCTOR,NO,NO
2023,DMQ00341022023,0,0,DMQ,-0.125631,-78.471673,17,PICHINCHA,1701,QUITO,170150,QUITO,ELOY ALFARO Y MARIANO SUASTE,ZONA 9,URBANA,ND,ND,ND,ND,15/02/2023,5:20:00,DE 05H00 A 05H59,5,MIÉRCOLES,3,FEBRERO,2,NO,C09,CONDUCIR VEHÍCULO SUPERANDO LOS LÍMITES MÁXIMOS DE VELOCIDAD.,ESTRELLAMIENTOS,AUTOMÓVIL,PARTICULAR,1,0,0,0,0,0,0,0,0,0,0,0,0,1,LICENCIA,43,HOMBRE,ILESO,CONDUCTOR,NO,NO
2023,DMQ00346022023,3,0,DMQ,-0.182283,-78.478046,17,PICHINCHA,1701,QUITO,170150,QUITO,PORTUGAL Y CATALINA ALDAZ,ZONA 9,URBANA,ND,ND,ND,ND,15/02/2023,11:00:00,DE 11H00 A 11H59,11,MIÉRCOLES,3,FEBRERO,2,NO,C16,NO TRANSITAR POR LAS ACERAS O ZONAS DE SEGURIDAD DESTINADAS PARA EL EFECTO.,ATROPELLOS,AUTOMÓVIL,PARTICULAR,1,0,0,0,0,0,0,0,0,0,0,0,0,1,LICENCIA,41,MUJER,LESIONADO,CONDUCTOR,NO,NO
2023,DMQ00348022023,1,0,DMQ,-0.251927,-78.531571,17,PICHINCHA,1701,QUITO,170150,QUITO,ROSA YEIRA Y PIO DURE,ZONA 9,URBANA,ND,ND,ND,ND,15/02/2023,13:13:00,DE 13H00 A 13H59,13,MIÉRCOLES,3,FEBRERO,2,NO,C26,NO CEDER EL DERECHO DE VÍA O PREFERENCIA DE PASO AL PEATÓN.,ATROPELLOS,NO IDENTIFICADO,PARTICULAR,0,0,0,0,0,0,0,0,0,1,0,0,0,1,CÉDULA,16,MUJER,LESIONADO,PEATÓN,NO,NO
2023,DMQ00351022023,1,0,DMQ,-0.236004,-78.472902,17,PICHINCHA,1701,QUITO,170150,QUITO,SIMON BOLIVAR Y 500 METROS AL NORTE DEL INGRESO A LA UNIVERSIDAD INTERNACIONAL,ZONA 9,RURAL,ND,ND,ND,ND,15/02/2023,14:10:00,DE 14H00 A 14H59,14,MIÉRCOLES,3,FEBRERO,2,NO,C09,CONDUCIR VEHÍCULO SUPERANDO LOS LÍMITES MÁXIMOS DE VELOCIDAD.,PÉRDIDA DE CARRIL,AUTOMÓVIL,PARTICULAR,1,0,0,0,0,0,0,0,0,0,0,0,0,1,CÉDULA,56,MUJER,LESIONADO,PASAJERO,NO,NO
2023,DMQ00352022023,1,0,DMQ,-0.277208,-78.556861,17,PICHINCHA,1701,QUITO,170150,QUITO,AMBROCIO ACOSTA Y ANTONIO CONFORTE,ZONA 9,URBANA,ND,ND,ND,ND,15/02/2023,14:30:00,DE 14H00 A 14H59,14,MIÉRCOLES,3,FEBRERO,2,NO,C23,"NO RESPETAR LAS SEÑALES REGLAMENTARIAS DE TRÁNSITO. (PARE, CEDA EL PASO, LUZ ROJA DEL SEMAFORO, ETC).",CHOQUE LATERAL,BICICLETA,PARTICULAR,1,1,0,0,0,0,0,0,0,0,0,0,0,2,LICENCIA,39,HOMBRE,LESIONADO,CONDUCTOR,SI,NO
2023,DMQ00354022023,1,0,DMQ,-0.194521,-78.500031,17,PICHINCHA,1701,QUITO,170150,QUITO,JUAN DE SOSAYA Y RUIZ DE CASTILLA,ZONA 9,URBANA,ND,ND,ND,ND,15/02/2023,18:30:00,DE 18H00 A 18H59,18,MIÉRCOLES,3,FEBRERO,2,NO,C25,NO CEDER EL DERECHO DE VÍA O PREFERENCIA DE PASO A VEHÍCULOS.,CHOQUE LATERAL,FURGONETA,COMERCIAL,1,0,0,0,0,0,0,1,0,0,0,0,0,2,NO IDENTIFICADO,6,HOMBRE,LESIONADO,PASAJERO,NO,NO
2023,DMQ00355022023,1,0,DMQ,-0.253521,-78.504268,17,PICHINCHA,1701,QUITO,170150,QUITO,S8F Y SIMON BOLIVAR,ZONA 9,URBANA,ND,ND,ND,ND,15/02/2023,18:36:00,DE 18H00 A 18H59,18,MIÉRCOLES,3,FEBRERO,2,NO,C26,NO CEDER EL DERECHO DE VÍA O PREFERENCIA DE PASO AL PEATÓN.,ARROLLAMIENTOS,NO IDENTIFICADO,PARTICULAR,0,0,0,0,0,0,0,0,0,1,0,0,0,1,CÉDULA,45,HOMBRE,LESIONADO,PEATÓN,NO,NO
2023,DMQ00357022023,1,0,DMQ,-0.214546,-78.516641,17,PICHINCHA,1701,QUITO,170150,QUITO,MARISCAL SUCRE Y MEJIA,ZONA 9,URBANA,ND,ND,ND,ND,15/02/2023,19:40:00,DE 19H00 A 19H59,19,MIÉRCOLES,3,FEBRERO,2,NO,C09,CONDUCIR VEHÍCULO SUPERANDO LOS LÍMITES MÁXIMOS DE VELOCIDAD.,OTROS,BUS,COMERCIAL,0,0,2,0,0,0,0,0,1,0,0,0,0,3,LICENCIA,32,HOMBRE,LESIONADO,CONDUCTOR,NO,NO
2023,DMQ00359022023,0,0,DMQ,-0.232726,-78.503846,17,PICHINCHA,1701,QUITO,170150,QUITO,VELASCO IBARRA Y PICHINCHA,ZONA 9,URBANA,ND,ND,ND,ND,16/02/2023,5:50:00,DE 05H00 A 05H59,5,JUEVES,4,FEBRERO,2,NO,C23,"NO RESPETAR LAS SEÑALES REGLAMENTARIAS DE TRÁNSITO. (PARE, CEDA EL PASO, LUZ ROJA DEL SEMAFORO, ETC).",OTROS,AUTOMÓVIL,PARTICULAR,1,0,0,0,0,0,0,0,0,0,0,0,0,1,NO IDENTIFICADO,-1,NO IDENTIFICADO,NO IDENTIFICADO,CONDUCTOR,NO,NO
2023,DMQ00360022023,0,0,DMQ,-0.218665,-78.434241,17,PICHINCHA,1701,QUITO,170157,CUMBAYA,GIOVANNI BOCCACCIO Y DE LAS MAGNOLIAS,ZONA 9,RURAL,ND,ND,ND,ND,16/02/2023,9:00:00,DE 09H00 A 09H59,9,JUEVES,4,FEBRERO,2,NO,C09,CONDUCIR VEHÍCULO SUPERANDO LOS LÍMITES MÁXIMOS DE VELOCIDAD.,CHOQUE LATERAL,AUTOMÓVIL,PARTICULAR,2,0,0,0,0,0,0,0,0,0,0,0,0,2,LICENCIA,29,MUJER,ILESO,CONDUCTOR,NO,NO
2023,DMQ00361022023,1,0,DMQ,-0.208192,-78.499952,17,PICHINCHA,1701,QUITO,170150,QUITO,10 DE AGOSTO Y SANTIAGO,ZONA 9,URBANA,ND,ND,ND,ND,16/02/2023,9:30:00,DE 09H00 A 09H59,9,JUEVES,4,FEBRERO,2,NO,C16,NO TRANSITAR POR LAS ACERAS O ZONAS DE SEGURIDAD DESTINADAS PARA EL EFECTO.,ATROPELLOS,MOTOCICLETA,PARTICULAR,0,0,0,0,0,0,0,0,1,0,0,0,0,1,CÉDULA,65,HOMBRE,LESIONADO,PEATÓN,NO,NO
2023,DMQ00365022023,0,0,DMQ,-0.194603,-78.509574,17,PICHINCHA,1701,QUITO,170150,QUITO,LA GASCA Y FRANCISCO JAVIER LIZARAZU,ZONA 9,URBANA,ND,ND,ND,ND,16/02/2023,12:45:00,DE 12H00 A 12H59,12,JUEVES,4,FEBRERO,2,NO,C09,CONDUCIR VEHÍCULO SUPERANDO LOS LÍMITES MÁXIMOS DE VELOCIDAD.,ESTRELLAMIENTOS,AUTOMÓVIL,PARTICULAR,1,0,0,0,0,0,0,0,0,0,0,0,0,1,NO IDENTIFICADO,-1,NO IDENTIFICADO,NO IDENTIFICADO,CONDUCTOR,NO,NO
2023,DMQ00368022023,0,0,DMQ,-0.138078,-78.479937,17,PICHINCHA,1701,QUITO,170150,QUITO,JULIO TEODORO SALEM Y DE LOS PINOS,ZONA 9,URBANA,ND,ND,ND,ND,16/02/2023,13:30:00,DE 13H00 A 13H59,13,JUEVES,4,FEBRERO,2,NO,C11,NO MANTENER LA DISTANCIA PRUDENCIAL CON RESPECTO AL VEHÍCULO QUE LE ANTECEDE.,CHOQUE POSTERIOR,AUTOMÓVIL,PARTICULAR,2,0,0,0,0,0,0,0,0,0,0,0,0,2,LICENCIA,36,HOMBRE,ILESO,CONDUCTOR,NO,NO
2023,DMQ00370022023,2,0,DMQ,-0.250782,-78.503385,17,PICHINCHA,1701,QUITO,170150,QUITO,SIMON BOLIVAR Y S8A,ZONA 9,URBANA,ND,ND,ND,ND,16/02/2023,14:25:00,DE 14H00 A 14H59,14,JUEVES,4,FEBRERO,2,NO,C09,CONDUCIR VEHÍCULO SUPERANDO LOS LÍMITES MÁXIMOS DE VELOCIDAD.,ESTRELLAMIENTOS,AUTOMÓVIL,PARTICULAR,1,0,0,0,0,0,0,0,0,0,0,0,0,1,CÉDULA,18,MUJER,LESIONADO,PASAJERO,NO,NO