ANIO,SINIESTROS,LESIONADOS,FALLECIDOS,ENTE_DE_CONTROL,LATITUD_Y,LONGITUD_X,DPA_1,PROVINCIA,DPA_2,CANTON,DPA_3,PARROQUIA,DIRECCION,ZONA_PLANIFICACION,ZONA,ID_DE_LA_VIA,NOMBRE_DE_LA_VIA,UBICACION_DE_LA_VIA,JERARQUIA_DE_LA_VIA,FECHA,HORA,PERIODO_1,PERIODO_2,DIA_1,DIA_2,MES_1,MES_2,FERIADO,CODIGO_CAUSA,CAUSA_PROBABLE,TIPO_DE_SINIESTRO,TIPO_DE_VEHICULO_1,SERVICIO_1,AUTOMOVIL,BICICLETA,BUS,CAMION,CAMIONETA,EMERGENCIAS,ESPECIAL,FURGONETA,MOTOCICLETA,NO_IDENTIFICADO,SCOOTER_ELECTRICO,TRICIMOTO,VEHICULO_DEPORTIVO_UTILITARIO,SUMA_DE_VEHICULOS,TIPO_ID_1,EDAD_1,SEXO_1,CONDICION_1,PARTICIPANTE_1,CASCO_1,CINTURON_1
2023,DMQ00550022023,1,0,DMQ,-0.268585,-78.532286,17,PICHINCHA,1701,QUITO,170150,QUITO,TENIENTE HUGO ORTIZ Y BALZAR,ZONA 9,URBANA,ND,ND,ND,ND,22/02/2023,13:30:00,DE 13H00 A 13H59,13,MIÉRCOLES,3,FEBRERO,2,NO,C10,"CONDICIONES AMBIENTALES Y/O ATMOSFÉRICAS (NIEBLA, NEBLINA, GRANIZO, LLUVIA).",OTROS,MOTOCICLETA,PARTICULAR,1,0,0,0,0,0,0,0,1,0,0,0,0,2,LICENCIA,32,HOMBRE,LESIONADO,CONDUCTOR,NO,NO
2023,DMQ00558022023,0,0,DMQ,-0.245999,-78.501089,17,PICHINCHA,1701,QUITO,170150,QUITO,SIMON BOLIVAR Y JUAN BAUTISTA AGUIRRE,ZONA 9,URBANA,ND,ND,ND,ND,23/02/2023,2:58:00,DE 02H00 A 02H59,2,JUEVES,4,FEBRERO,2,NO,C09,CONDUCIR VEHÍCULO SUPERANDO LOS LÍMITES MÁXIMOS DE VELOCIDAD.,PÉRDIDA DE CARRIL,AUTOMÓVIL,PARTICULAR,1,0,0,0,0,0,0,0,0,0,0,0,0,1,LICENCIA,51,HOMBRE,ILESO,CONDUCTOR,NO,NO
2023,DMQ00560022023,0,1,DMQ,-0.285765,-78.468813,17,PICHINCHA,1701,QUITO,170156,CONOCOTO,JUAN SERAFIN CARRERA Y AUTOPISTA GENERAL RUMIÑAHUI,ZONA 9,RURAL,ND,ND,ND,ND,23/02/2023,8:30:00,DE 08H00 A 08H59,8,JUEVES,4,FEBRERO,2,NO,C09,CONDUCIR VEHÍCULO SUPERANDO LOS LÍMITES MÁXIMOS DE VELOCIDAD.,PÉRDIDA DE CARRIL,BUS,PÚBLICO,0,0,1,0,0,0,0,0,1,0,0,0,0,2,LICENCIA,25,HOMBRE,FALLECIDO,CONDUCTOR,NO,NO
2023,DMQ00561022023,0,0,DMQ,-0.154351,-78.473224,17,PICHINCHA,1701,QUITO,170150,QUITO,EL INCA Y DE LAS TORONJAS,ZONA 9,URBANA,ND,ND,ND,ND,23/02/2023,11:07:00,DE 11H00 A 11H59,11,JUEVES,4,FEBRERO,2,NO,C25,NO CEDER EL DERECHO DE VÍA O PREFERENCIA DE PASO A VEHÍCULOS.,CHOQUE LATERAL,MOTOCICLETA,PARTICULAR,1,0,0,0,0,0,0,0,1,0,0,0,0,2,LICENCIA,41,HOMBRE,ILESO,CONDUCTOR,NO,NO
2023,DMQ00562022023,0,0,DMQ,-0.195909,-78.494897,17,PICHINCHA,1701,QUITO,170150,QUITO,10 DE AGOSTO Y ORELLANA,ZONA 9,URBANA,ND,ND,ND,ND,23/02/2023,13:15:00,DE 13H00 A 13H59,13,JUEVES,4,FEBRERO,2,NO,C23,"NO RESPETAR LAS SEÑALES REGLAMENTARIAS DE TRÁNSITO. (PARE, CEDA EL PASO, LUZ ROJA DEL SEMAFORO, ETC).",CHOQUE LATERAL,AUTOMÓVIL,PARTICULAR,2,0,0,0,0,0,0,0,0,0,0,0,0,2,LICENCIA,56,MUJER,ILESO,CONDUCTOR,NO,NO
2023,DMQ00563022023,0,0,DMQ,-0.168093,-78.487017,17,PICHINCHA,1701,QUITO,170150,QUITO,10 DE AGOSTO Y AMERICA,ZONA 9,URBANA,ND,ND,ND,ND,23/02/2023,13:45:00,DE 13H00 A 13H59,13,JUEVES,4,FEBRERO,2,NO,C09,CONDUCIR VEHÍCULO SUPERANDO LOS LÍMITES MÁXIMOS DE VELOCIDAD.,OTROS,MOTOCICLETA,PARTICULAR,0,0,0,0,0,0,0,0,1,0,0,0,0,1,NO IDENTIFICADO,-1,NO IDENTIFICADO,NO IDENTIFICADO,CONDUCTOR,NO,NO
2023,DMQ00564022023,0,1,DMQ,-0.314492,-78.558322,17,PICHINCHA,1701,QUITO,170150,QUITO,MARISCAL SUCRE Y S47D,ZONA 9,URBANA,ND,ND,ND,ND,23/02/2023,13:50:00,DE 13H00 A 13H59,13,JUEVES,4,FEBRERO,2,NO,C09,CONDUCIR VEHÍCULO SUPERANDO LOS LÍMITES MÁXIMOS DE VELOCIDAD.,OTROS,CAMIÓN,CUENTA PROPIA,0,0,0,1,0,0,0,0,1,1,0,0,0,3,LICENCIA,49,HOMBRE,FALLECIDO,CONDUCTOR,NO,NO
2023,PNE00188022023,0,1,PNE,0.025442,-78.152868,17,PICHINCHA,1702,CAYAMBE,170250,CAYAMBE,PANAMERICANA  NORTE  E35    -  S/C,ZONA 2,RURAL,61,CAJAS - CAYAMBE - OTON - SANTA ROSA DE CUSUBAMBA,E35,ARTERIAL,24/02/2023,1:00:00,DE 01H00 A 01H59,1,VIERNES,5,FEBRERO,2,NO,C19,REALIZAR CAMBIO BRUSCO O INDEBIDO DE CARRIL.,CHOQUE LATERAL,VEHÍCULO DEPORTIVO UTILITARIO,PARTICULAR,0,0,0,0,0,0,0,0,0,0,0,0,1,1,LICENCIA,30,HOMBRE,FALLECIDO,CONDUCTOR,NO,SI
2023,PNE00189022023,0,0,PNE,-0.351854,-78.464171,17,PICHINCHA,1705,RUMIÑAHUI,170550,SANGOLQUI,E35  SUR  -  CALLE  PROSPERINA,ZONA 2,RURAL,65,REDONDEL DEL COLIBRI - TAMBILLO,E35 - E20,ARTERIAL,24/02/2023,4:30:00,DE 04H00 A 04H59,4,VIERNES,5,FEBRERO,2,NO,C09,CONDUCIR VEHÍCULO SUPERANDO LOS LÍMITES MÁXIMOS DE VELOCIDAD.,COLISIÓN,BUS,PÚBLICO,1,0,1,1,0,0,0,0,0,0,0,0,0,3,LICENCIA,32,HOMBRE,ILESO,CONDUCTOR,NO,SI
2023,DMQ00573022023,1,0,DMQ,-0.365095,-78.375638,17,PICHINCHA,1701,QUITO,170176,PINTAG,GENERAL PINTAG Y HACIENDA LA CLEMENCIA,ZONA 9,RURAL,ND,ND,ND,ND,24/02/2023,8:20:00,DE 08H00 A 08H59,8,VIERNES,5,FEBRERO,2,NO,C09,CONDUCIR VEHÍCULO SUPERANDO LOS LÍMITES MÁXIMOS DE VELOCIDAD.,ATROPELLOS,MOTOCICLETA,PARTICULAR,0,0,0,0,0,0,0,0,1,0,0,0,0,1,CÉDULA,52,HOMBRE,LESIONADO,PEATÓN,NO,NO
2023,DMQ00575022023,2,0,DMQ,-0.230086,-78.506722,17,PICHINCHA,1701,QUITO,170150,QUITO,PICHINCHA Y PIEDRA,ZONA 9,URBANA,ND,ND,ND,ND,24/02/2023,13:10:00,DE 13H00 A 13H59,13,VIERNES,5,FEBRERO,2,NO,C26,NO CEDER EL DERECHO DE VÍA O PREFERENCIA DE PASO AL PEATÓN.,ATROPELLOS,BUS,PÚBLICO,0,0,1,0,0,0,0,0,0,0,0,0,0,1,CÉDULA,19,HOMBRE,LESIONADO,PEATÓN,NO,NO
2023,DMQ00576022023,0,0,DMQ,-0.218072,-78.496158,17,PICHINCHA,1701,QUITO,170150,QUITO,ITCHIMBIA Y YAGUACHI,ZONA 9,URBANA,ND,ND,ND,ND,24/02/2023,14:20:00,DE 14H00 A 14H59,14,VIERNES,5,FEBRERO,2,NO,C23,"NO RESPETAR LAS SEÑALES REGLAMENTARIAS DE TRÁNSITO. (PARE, CEDA EL PASO, LUZ ROJA DEL SEMAFORO, ETC).",CHOQUE LATERAL,CAMIÓN,ESTADO,1,0,0,1,0,0,0,0,0,0,0,0,0,2,LICENCIA,42,HOMBRE,ILESO,CONDUCTOR,NO,NO
2023,DMQ00577022023,1,0,DMQ,-0.282105,-78.553938,17,PICHINCHA,1701,QUITO,170150,QUITO,MARISCAL SUCRE Y FRANCISCO CHIRIBOGA,ZONA 9,URBANA,ND,ND,ND,ND,24/02/2023,14:50:00,DE 14H00 A 14H59,14,VIERNES,5,FEBRERO,2,NO,C01,"CASO FORTUITO O FUERZA MAYOR (EXPLOSIÓN DE NEUMÁTICO NUEVO, DERRUMBE, INUNDACIÓN, CAÍDA DE PUENTE, ÁRBOL, PRESENCIA INTEMPESTIVA E IMPREVISTA DE SEMOVIENTES EN LA VÍA, ETC.).",ATROPELLOS,BUS,PÚBLICO,0,0,1,0,0,0,0,0,0,0,0,0,0,1,CÉDULA,66,MUJER,LESIONADO,PEATÓN,NO,NO
2023,DMQ00583022023,0,1,DMQ,-0.214812,-78.490261,17,PICHINCHA,1701,QUITO,170150,QUITO,VELASCO IBARRA Y MANUEL CAJIAS,ZONA 9,URBANA,ND,ND,ND,ND,24/02/2023,21:25:00,DE 21H00 A 21H59,21,VIERNES,5,FEBRERO,2,NO,C19,REALIZAR CAMBIO BRUSCO O INDEBIDO DE CARRIL.,CHOQUE LATERAL,MOTOCICLETA,PARTICULAR,1,0,0,0,0,0,0,0,1,0,0,0,0,2,LICENCIA,37,HOMBRE,FALLECIDO,CONDUCTOR,NO,NO
2023,DMQ00584022023,3,0,DMQ,-0.292224,-78.481691,17,PICHINCHA,1701,QUITO,170156,CONOCOTO,CAMILO PONCE ENRIQUEZ Y JAIME ROLDOS AGUILERA,ZONA 9,RURAL,ND,ND,ND,ND,24/02/2023,21:45:00,DE 21H00 A 21H59,21,VIERNES,5,FEBRERO,2,NO,C12,NO GUARDAR LA DISTANCIA LATERAL MÍNIMA DE SEGURIDAD ENTRE VEHÍCULOS.,CHOQUE LATERAL,MOTOCICLETA,PARTICULAR,0,0,0,0,0,0,0,0,1,1,0,0,0,2,CÉDULA,35,HOMBRE,LESIONADO,PASAJERO,NO,NO
2023,DMQ00585022023,1,0,DMQ,-0.219886,-78.510257,17,PICHINCHA,1701,QUITO,170150,QUITO,GUAYAQUIL Y MEJIA,ZONA 9,URBANA,ND,ND,ND,ND,24/02/2023,22:40:00,DE 22H00 A 22H59,22,VIERNES,5,FEBRERO,2,NO,C09,CONDUCIR VEHÍCULO SUPERANDO LOS LÍMITES MÁXIMOS DE VELOCIDAD.,PÉRDIDA DE CARRIL,MOTOCICLETA,PARTICULAR,0,0,0,0,0,0,0,0,1,0,0,0,0,1,CÉDULA,26,MUJER,LESIONADO,PASAJERO,NO,NO
2023,DMQ00586022023,1,0,DMQ,-0.064447,-78.468325,17,PICHINCHA,1701,QUITO,170177,POMASQUI,CUBA Y PARAISO,ZONA 9,RURAL,ND,ND,ND,ND,24/02/2023,23:20:00,DE 23H00 A 23H59,23,VIERNES,5,FEBRERO,2,NO,C06,"CONDUCE BAJO LA INFLUENCIA DE ALCOHOL, SUSTANCIAS ESTUPEFACIENTES O PSICOTRÓPICAS Y/O MEDICAMENTOS.",CHOQUE LATERAL,CAMIONETA,PARTICULAR,1,0,0,0,1,0,0,0,0,0,0,0,0,2,LICENCIA,24,HOMBRE,LESIONADO,CONDUCTOR,NO,NO
2023,DMQ00587022023,0,0,DMQ,-0.202832,-78.438181,17,PICHINCHA,1701,QUITO,170157,CUMBAYA,OSWALDO GUAYASAMIN Y ELOY ALFARO,ZONA 9,RURAL,60,QUITO - TUMBACO - PIFO,E28C,COLECTORA,24/02/2023,23:40:00,DE 23H00 A 23H59,23,VIERNES,5,FEBRERO,2,NO,C09,CONDUCIR VEHÍCULO SUPERANDO LOS LÍMITES MÁXIMOS DE VELOCIDAD.,ESTRELLAMIENTOS,AUTOMÓVIL,PARTICULAR,1,0,0,0,0,0,0,0,0,0,0,0,0,1,NO IDENTIFICADO,-1,NO IDENTIFICADO,NO IDENTIFICADO,CONDUCTOR,NO,NO
2023,DMQ00588022023,0,0,DMQ,-0.276343,-78.530468,17,PICHINCHA,1701,QUITO,170150,QUITO,MALDONADO Y GUANAZAN,ZONA 9,URBANA,ND,ND,ND,ND,24/02/2023,23:45:00,DE 23H00 A 23H59,23,VIERNES,5,FEBRERO,2,NO,C09,CONDUCIR VEHÍCULO SUPERANDO LOS LÍMITES MÁXIMOS DE VELOCIDAD.,ESTRELLAMIENTOS,AUTOMÓVIL,PARTICULAR,1,0,0,0,0,0,0,0,0,0,0,0,0,1,NO IDENTIFICADO,-1,NO IDENTIFICADO,NO IDENTIFICADO,CONDUCTOR,NO,NO
2023,DMQ00589022023,1,0,DMQ,-0.354803,-78.549151,17,PICHINCHA,1701,QUITO,170150,QUITO,MALDONADO Y PATRICIO ROMERO BARBERIS,ZONA 9,URBANA,56,TAMBILLO - CUTUGLAGUA,E28A,COLECTORA,25/02/2023,1:40:00,DE 01H00 A 01H59,1,SÁBADO,6,FEBRERO,2,NO,C09,CONDUCIR VEHÍCULO SUPERANDO LOS LÍMITES MÁXIMOS DE VELOCIDAD.,VOLCAMIENTOS,MOTOCICLETA,PARTICULAR,0,0,0,0,0,0,0,0,1,0,0,0,0,1,LICENCIA,25,HOMBRE,LESIONADO,CONDUCTOR,NO,NO
2023,DMQ00592022023,0,0,DMQ,-0.192511,-78.454821,17,PICHINCHA,1701,QUITO,170170,NAYON,SIMON BOLIVAR Y INTEROCEANICA,ZONA 9,URBANA,ND,ND,ND,ND,25/02/2023,5:30:00,DE 05H00 A 05H59,5,SÁBADO,6,FEBRERO,2,NO,C09,CONDUCIR VEHÍCULO SUPERANDO LOS LÍMITES MÁXIMOS DE VELOCIDAD.,ESTRELLAMIENTOS,AUTOMÓVIL,PARTICULAR,1,0,0,0,0,0,0,0,0,0,0,0,0,1,NO IDENTIFICADO,-1,NO IDENTIFICADO,NO IDENTIFICADO,CONDUCTOR,NO,NO
2023,DMQ00593022023,2,0,DMQ,-0.213919,-78.360221,17,PICHINCHA,1701,QUITO,170179,PUEMBO,OSWALDO GUAYASAMIN Y INTEROCEANICA,ZONA 9,RURAL,60,QUITO - TUMBACO - PIFO,E28C,COLECTORA,25/02/2023,6:35:00,DE 06H00 A 06H59,6,SÁBADO,6,FEBRERO,2,NO,C23,"NO RESPETAR LAS SEÑALES REGLAMENTARIAS DE TRÁNSITO. (PARE, CEDA EL PASO, LUZ ROJA DEL SEMAFORO, ETC).",CHOQUE LATERAL,MOTOCICLETA,PARTICULAR,0,0,0,0,0,0,0,0,2,0,0,0,0,2,LICENCIA,26,HOMBRE,LESIONADO,CONDUCTOR,NO,NO
2023,DMQ00596022023,0,0,DMQ,-0.221482,-78.495261,17,PICHINCHA,1701,QUITO,170150,QUITO,VELASCO IBARRA Y FRENTE A LA GASOLINERA TERPEL,ZONA 9,URBANA,ND,ND,ND,ND,25/02/2023,8:55:00,DE 08H00 A 08H59,8,SÁBADO,6,FEBRERO,2,NO,C09,CONDUCIR VEHÍCULO SUPERANDO LOS LÍMITES MÁXIMOS DE VELOCIDAD.,ESTRELLAMIENTOS,AUTOMÓVIL,PARTICULAR,1,0,0,0,0,0,0,0,0,0,0,0,0,1,NO IDENTIFICADO,-1,NO IDENTIFICADO,NO IDENTIFICADO,CONDUCTOR,NO,NO
2023,DMQ00597022023,0,0,DMQ,-0.231725,-78.490566,17,PICHINCHA,1701,QUITO,170150,QUITO,SIMON BOLIVAR Y MONJAS ALTO,ZONA 9,URBANA,ND,ND,ND,ND,25/02/2023,9:30:00,DE 09H00 A 09H59,9,SÁBADO,6,FEBRERO,2,NO,C09,CONDUCIR VEHÍCULO SUPERANDO LOS LÍMITES MÁXIMOS DE VELOCIDAD.,PÉRDIDA DE CARRIL,CAMIONETA,PARTICULAR,0,0,0,0,1,0,0,0,0,0,0,0,0,1,LICENCIA,66,HOMBRE,ILESO,CONDUCTOR,NO,NO
2023,DMQ00600022023,0,0,DMQ,-0.126451,-78.494012,17,PICHINCHA,1701,QUITO,170150,QUITO,PRENSA Y ANGEL LUDEÑA,ZONA 9,URBANA,ND,ND,ND,ND,25/02/2023,12:25:00,DE 12H00 A 12H59,12,SÁBADO,6,FEBRERO,2,NO,C23,"NO RESPETAR LAS SEÑALES REGLAMENTARIAS DE TRÁNSITO. (PARE, CEDA EL PASO, LUZ ROJA DEL SEMAFORO, ETC).",COLISIÓN,AUTOMÓVIL,PARTICULAR,3,0,0,0,0,0,0,0,0,0,0,0,0,3,LICENCIA,37,HOMBRE,ILESO,CONDUCTOR,NO,NO
2023,DMQ00601022023,0,0,DMQ,-0.265498,-78.547226,17,PICHINCHA,1701,QUITO,170150,QUITO,HUIGRA Y CHUMUNDE,ZONA 9,URBANA,ND,ND,ND,ND,25/02/2023,13:00:00,DE 13H00 A 13H59,13,SÁBADO,6,FEBRERO,2,NO,C12,NO GUARDAR LA DISTANCIA LATERAL MÍNIMA DE SEGURIDAD ENTRE VEHÍCULOS.,CHOQUE LATERAL,AUTOMÓVIL,PARTICULAR,2,0,0,0,0,0,0,0,0,0,0,0,0,2,LICENCIA,30,HOMBRE,ILESO,CONDUCTOR,NO,NO
2023,DMQ00602022023,0,0,DMQ,-0.343593,-78.561911,17,PICHINCHA,1701,QUITO,170150,QUITO,S59 Y TRANSVERSAL 11,ZONA 9,URBANA,ND,ND,ND,ND,25/02/2023,13:30:00,DE 13H00 A 13H59,13,SÁBADO,6,FEBRERO,2,NO,C25,NO CEDER EL DERECHO DE VÍA O PREFERENCIA DE PASO A VEHÍCULOS.,CHOQUE LATERAL,CAMIÓN,CUENTA PROPIA,0,0,0,1,1,0,0,0,0,0,0,0,0,2,LICENCIA,22,HOMBRE,ILESO,CONDUCTOR,NO,NO
2023,DMQ00603022023,0,0,DMQ,-0.171492,-78.485464,17,PICHINCHA,1701,QUITO,170150,QUITO,JORGE DROM Y ALFONSO PEREIRA,ZONA 9,URBANA,ND,ND,ND,ND,25/02/2023,13:40:00,DE 13H00 A 13H59,13,SÁBADO,6,FEBRERO,2,NO,C23,"NO RESPETAR LAS SEÑALES REGLAMENTARIAS DE TRÁNSITO. (PARE, CEDA EL PASO, LUZ ROJA DEL SEMAFORO, ETC).",CHOQUE LATERAL,FURGONETA,PARTICULAR,1,0,0,0,0,0,0,1,0,0,0,0,0,2,LICENCIA,44,MUJER,ILESO,CONDUCTOR,NO,NO
2023,DMQ00604022023,0,0,DMQ,-0.210818,-78.482421,17,PICHINCHA,1701,QUITO,170150,QUITO,CORUÑA Y MADRID,ZONA 9,URBANA,ND,ND,ND,ND,25/02/2023,14:00:00,DE 14H00 A 14H59,14,SÁBADO,6,FEBRERO,2,NO,C11,NO MANTENER LA DISTANCIA PRUDENCIAL CON RESPECTO AL VEHÍCULO QUE LE ANTECEDE.,CHOQUE POSTERIOR,BUS,PÚBLICO,1,0,1,0,0,0,0,0,0,0,0,0,0,2,LICENCIA,30,HOMBRE,ILESO,CONDUCTOR,NO,NO
2023,DMQ00605022023,7,0,DMQ,-0.199482,-78.459479,17,PICHINCHA,1701,QUITO,170150,QUITO,SIMON BOLIVAR Y DE LOS CONQUISTADORES,ZONA 9,URBANA,ND,ND,ND,ND,25/02/2023,15:00:00,DE 15H00 A 15H59,15,SÁBADO,6,FEBRERO,2,NO,C09,CONDUCIR VEHÍCULO SUPERANDO LOS LÍMITES MÁXIMOS DE VELOCIDAD.,OTROS,CAMIÓN,CUENTA PROPIA,4,0,0,1,0,0,0,1,0,0,0,0,0,6,LICENCIA,28,HOMBRE,LESIONADO,CONDUCTOR,NO,NO
2023,PNE00199022023,0,0,PNE,-0.100277,-78.419212,17,PICHINCHA,1701,QUITO,170155,CALDERON (CARAPUNGO),E28  KM  0+40  -,ZONA 9,RURAL,333,CALDERON - PEAJE,E28B,COLECTORA,25/02/2023,18:30:00,DE 18H00 A 18H59,18,SÁBADO,6,FEBRERO,2,NO,C14,"CONDUCIR DESATENTO A LAS CONDICIONES DE TRÁNSITO (CELULAR, PANTALLAS DE VIDEO, COMIDA, MAQUILLAJE O CUALQUIER OTRO ELEMENTO DISTRACTOR).",PÉRDIDA DE CARRIL,CAMIÓN,PÚBLICO,0,0,0,1,0,0,0,0,0,0,0,0,0,1,NO IDENTIFICADO,-1,HOMBRE,NO IDENTIFICADO,CONDUCTOR,NO,SI
2023,PNE00201022023,0,1,PNE,0.044851,-78.231328,17,PICHINCHA,1704,PEDRO MONCAYO,170450,TABACUNDO,VIA  E28B  TRAMO  JUAN  MONTALVO  -  S/C,ZONA 2,RURAL,337,GUAYLLABAMBA (REDONDEL NORTE) - PUENTE PISQUE - TABACUNDO - CAYAMBE,E28B,COLECTORA,25/02/2023,19:30:00,DE 19H00 A 19H59,19,SÁBADO,6,FEBRERO,2,NO,C18,CONDUCIR EN SENTIDO CONTRARIO A LA VÍA NORMAL DE CIRCULACIÓN.,CHOQUE FRONTAL,BUS,PÚBLICO,1,0,1,0,0,0,0,0,0,0,0,0,1,3,LICENCIA,51,HOMBRE,FALLECIDO,CONDUCTOR,NO,SI
2023,PNE00203022023,0,1,PNE,-0.263961,-78.288295,17,PICHINCHA,1701,QUITO,170175,PIFO,E35  -,ZONA 9,RURAL,50,"VIA A SANGOLQUI (PIFO - ""Y"" DE PALUGO) - LA VIRGEN DE PAPALLACTA (LIMITE NAPO)",E20,ARTERIAL,25/02/2023,19:55:00,DE 19H00 A 19H59,19,SÁBADO,6,FEBRERO,2,NO,C09,CONDUCIR VEHÍCULO SUPERANDO LOS LÍMITES MÁXIMOS DE VELOCIDAD.,PÉRDIDA DE PISTA,CAMIÓN,PÚBLICO,0,0,0,1,0,0,0,0,0,0,0,0,0,1,LICENCIA,38,HOMBRE,FALLECIDO,CONDUCTOR,NO,SI
2023,DMQ00610022023,0,0,DMQ,-0.088941,-78.456087,17,PICHINCHA,1701,QUITO,170150,QUITO,SIMON BOLIVAR Y JAVIER ESPINOZA,ZONA 9,URBANA,ND,ND,ND,ND,25/02/2023,21:45:00,DE 21H00 A 21H59,21,SÁBADO,6,FEBRERO,2,NO,C06,"CONDUCE BAJO LA INFLUENCIA DE ALCOHOL, SUSTANCIAS ESTUPEFACIENTES O PSICOTRÓPICAS Y/O MEDICAMENTOS.",CHOQUE FRONTAL,AUTOMÓVIL,COMERCIAL,2,0,0,0,0,0,0,0,0,0,0,0,0,2,LICENCIA,58,HOMBRE,ILESO,CONDUCTOR,NO,NO
2023,DMQ00612022023,0,0,DMQ,-0.274455,-78.510637,17,PICHINCHA,1701,QUITO,170150,QUITO,SIMON BOLIVAR Y GUASUNTOS,ZONA 9,URBANA,ND,ND,ND,ND,25/02/2023,23:10:00,DE 23H00 A 23H59,23,SÁBADO,6,FEBRERO,2,NO,C09,CONDUCIR VEHÍCULO SUPERANDO LOS LÍMITES MÁXIMOS DE VELOCIDAD.,ESTRELLAMIENTOS,AUTOMÓVIL,PARTICULAR,1,0,0,0,0,0,0,0,0,0,0,0,0,1,NO IDENTIFICADO,-1,NO IDENTIFICADO,NO IDENTIFICADO,CONDUCTOR,NO,NO
2023,DMQ00613022023,0,0,DMQ,-0.254827,-78.503815,17,PICHINCHA,1701,QUITO,170150,QUITO,SIMON BOLIVAR Y POMPEYA,ZONA 9,URBANA,ND,ND,ND,ND,26/02/2023,0:00:00,DE 00H00 A 00H59,0,DOMINGO,7,FEBRERO,2,NO,C09,CONDUCIR VEHÍCULO SUPERANDO LOS LÍMITES MÁXIMOS DE VELOCIDAD.,ESTRELLAMIENTOS,AUTOMÓVIL,PARTICULAR,1,0,0,0,0,0,0,0,0,0,0,0,0,1,NO IDENTIFICADO,-1,NO IDENTIFICADO,NO IDENTIFICADO,CONDUCTOR,NO,NO
2023,DMQ00616022023,0,0,DMQ,-0.060141,-78.411635,17,PICHINCHA,1701,QUITO,170155,CALDERON (CARAPUNGO),ATAHUALPA Y PANAMERICANA NORTE,ZONA 9,RURAL,ND,ND,ND,ND,26/02/2023,1:30:00,DE 01H00 A 01H59,1,DOMINGO,7,FEBRERO,2,NO,C09,CONDUCIR VEHÍCULO SUPERANDO LOS LÍMITES MÁXIMOS DE VELOCIDAD.,OTROS,AUTOMÓVIL,PARTICULAR,1,0,0,0,0,0,0,0,0,0,0,0,0,1,NO IDENTIFICADO,-1,NO IDENTIFICADO,NO IDENTIFICADO,CONDUCTOR,NO,NO
2023,PNE00208022023,0,0,PNE,-0.043131,-78.287043,17,PICHINCHA,1702,CAYAMBE,170255,SANTA ROSA DE CUZUBAMBA,E28  B  KM  6+800  -,ZONA 2,RURAL,70,SANTA ROSA DE CUSUBAMBA - GUAYLLABAMBA,E283,COLECTORA,26/02/2023,2:30:00,DE 02H00 A 02H59,2,DOMINGO,7,FEBRERO,2,NO,C14,"CONDUCIR DESATENTO A LAS CONDICIONES DE TRÁNSITO (CELULAR, PANTALLAS DE VIDEO, COMIDA, MAQUILLAJE O CUALQUIER OTRO ELEMENTO DISTRACTOR).",ESTRELLAMIENTOS,CAMIONETA,PARTICULAR,0,0,0,0,1,0,0,0,0,0,0,0,0,1,NO IDENTIFICADO,-1,HOMBRE,NO IDENTIFICADO,CONDUCTOR,NO,SI
2023,DMQ00618022023,0,0,DMQ,-0.300119,-78.558794,17,PICHINCHA,1701,QUITO,170150,QUITO,MARISCAL SUCRE Y GUAYANAY ÑAN,ZONA 9,URBANA,ND,ND,ND,ND,26/02/2023,3:20:00,DE 03H00 A 03H59,3,DOMINGO,7,FEBRERO,2,NO,C06,"CONDUCE BAJO LA INFLUENCIA DE ALCOHOL, SUSTANCIAS ESTUPEFACIENTES O PSICOTRÓPICAS Y/O MEDICAMENTOS.",ESTRELLAMIENTOS,CAMIONETA,PARTICULAR,2,0,0,0,1,0,0,0,0,0,0,0,0,3,LICENCIA,27,HOMBRE,ILESO,CONDUCTOR,NO,NO
2023,DMQ00619022023,0,1,DMQ,-0.354066,-78.529694,17,PICHINCHA,1701,QUITO,170150,QUITO,CALLE B Y PASAJE 2,ZONA 9,URBANA,ND,ND,ND,ND,26/02/2023,4:15:00,DE 04H00 A 04H59,4,DOMINGO,7,FEBRERO,2,NO,C09,CONDUCIR VEHÍCULO SUPERANDO LOS LÍMITES MÁXIMOS DE VELOCIDAD.,PÉRDIDA DE CARRIL,NO IDENTIFICADO,PARTICULAR,0,0,0,0,0,0,0,0,0,1,0,0,0,1,LICENCIA,27,HOMBRE,FALLECIDO,CONDUCTOR,NO,NO
2023,DMQ00621022023,0,0,DMQ,-0.136532,-78.473539,17,PICHINCHA,1701,QUITO,170150,QUITO,6 DE DICIEMBRE Y DE LOS PINOS,ZONA 9,URBANA,ND,ND,ND,ND,26/02/2023,5:05:00,DE 05H00 A 05H59,5,DOMINGO,7,FEBRERO,2,NO,C09,CONDUCIR VEHÍCULO SUPERANDO LOS LÍMITES MÁXIMOS DE VELOCIDAD.,ESTRELLAMIENTOS,AUTOMÓVIL,PARTICULAR,1,0,0,0,0,0,0,0,0,0,0,0,0,1,NO IDENTIFICADO,-1,NO IDENTIFICADO,NO IDENTIFICADO,CONDUCTOR,NO,NO
2023,DMQ00622022023,0,0,DMQ,-0.248941,-78.520611,17,PICHINCHA,1701,QUITO,170150,QUITO,MALDONADO Y GIL MARTIN,ZONA 9,URBANA,ND,ND,ND,ND,26/02/2023,6:15:00,DE 06H00 A 06H59,6,DOMINGO,7,FEBRERO,2,NO,C06,"CONDUCE BAJO LA INFLUENCIA DE ALCOHOL, SUSTANCIAS ESTUPEFACIENTES O PSICOTRÓPICAS Y/O MEDICAMENTOS.",CHOQUE FRONTAL,BUS,PÚBLICO,1,0,1,0,0,0,0,0,0,0,0,0,0,2,LICENCIA,59,HOMBRE,ILESO,CONDUCTOR,NO,NO