ANIO,SINIESTROS,LESIONADOS,FALLECIDOS,ENTE_DE_CONTROL,LATITUD_Y,LONGITUD_X,DPA_1,PROVINCIA,DPA_2,CANTON,DPA_3,PARROQUIA,DIRECCION,ZONA_PLANIFICACION,ZONA,ID_DE_LA_VIA,NOMBRE_DE_LA_VIA,UBICACION_DE_LA_VIA,JERARQUIA_DE_LA_VIA,FECHA,HORA,PERIODO_1,PERIODO_2,DIA_1,DIA_2,MES_1,MES_2,FERIADO,CODIGO_CAUSA,CAUSA_PROBABLE,TIPO_DE_SINIESTRO,TIPO_DE_VEHICULO_1,SERVICIO_1,AUTOMOVIL,BICICLETA,BUS,CAMION,CAMIONETA,EMERGENCIAS,ESPECIAL,FURGONETA,MOTOCICLETA,NO_IDENTIFICADO,SCOOTER_ELECTRICO,TRICIMOTO,VEHICULO_DEPORTIVO_UTILITARIO,SUMA_DE_VEHICULOS,TIPO_ID_1,EDAD_1,SEXO_1,CONDICION_1,PARTICIPANTE_1,CASCO_1,CINTURON_1
2023,PNE00210022023,2,0,PNE,-0.321337,-78.450043,17,PICHINCHA,1705,RUMIÑAHUI,170550,SANGOLQUI,AV.  GENERAL  ENRIQUEZ  -  JIPIJAPA,ZONA 2,URBANA,ND,ND,ND,ND,26/02/2023,9:30:00,DE 09H00 A 09H59,9,DOMINGO,7,FEBRERO,2,NO,C14,"CONDUCIR DESATENTO A LAS CONDICIONES DE TRÁNSITO (CELULAR, PANTALLAS DE VIDEO, COMIDA, MAQUILLAJE O CUALQUIER OTRO ELEMENTO DISTRACTOR).",CHOQUE LATERAL,MOTOCICLETA,PARTICULAR,0,0,0,0,0,0,0,0,1,0,0,0,1,2,LICENCIA,25,HOMBRE,LESIONADO,CONDUCTOR,NO,SI
2023,DMQ00625022023,0,0,DMQ,-0.089019,-78.467352,17,PICHINCHA,1701,QUITO,170150,QUITO,PEDRO VELASCO Y ISIDRO AYORA,ZONA 9,URBANA,ND,ND,ND,ND,26/02/2023,10:00:00,DE 10H00 A 10H59,10,DOMINGO,7,FEBRERO,2,NO,C23,"NO RESPETAR LAS SEÑALES REGLAMENTARIAS DE TRÁNSITO. (PARE, CEDA EL PASO, LUZ ROJA DEL SEMAFORO, ETC).",CHOQUE LATERAL,AUTOMÓVIL,COMERCIAL,2,0,0,0,0,0,0,0,0,0,0,0,0,2,LICENCIA,53,MUJER,ILESO,CONDUCTOR,NO,NO
2023,DMQ00626022023,1,1,DMQ,-0.245346,-78.533981,17,PICHINCHA,1701,QUITO,170150,QUITO,MARISCAL SUCRE Y LUIS ITURRALDE,ZONA 9,URBANA,ND,ND,ND,ND,26/02/2023,10:45:00,DE 10H00 A 10H59,10,DOMINGO,7,FEBRERO,2,NO,C23,"NO RESPETAR LAS SEÑALES REGLAMENTARIAS DE TRÁNSITO. (PARE, CEDA EL PASO, LUZ ROJA DEL SEMAFORO, ETC).",CHOQUE LATERAL,BUS,PÚBLICO,1,0,1,0,0,0,0,0,0,0,0,0,0,2,CÉDULA,58,MUJER,FALLECIDO,PASAJERO,NO,NO
2023,DMQ00627022023,2,0,DMQ,-0.114141,-78.512825,17,PICHINCHA,1701,QUITO,170150,QUITO,VIA NONO Y N70H,ZONA 9,URBANA,ND,ND,ND,ND,26/02/2023,11:30:00,DE 11H00 A 11H59,11,DOMINGO,7,FEBRERO,2,NO,C09,CONDUCIR VEHÍCULO SUPERANDO LOS LÍMITES MÁXIMOS DE VELOCIDAD.,CHOQUE FRONTAL,MOTOCICLETA,PARTICULAR,1,0,0,0,0,0,0,0,1,0,0,0,0,2,CÉDULA,75,HOMBRE,LESIONADO,PASAJERO,NO,NO
2023,DMQ00628022023,1,0,DMQ,-0.222341,-78.401474,17,PICHINCHA,1701,QUITO,170184,TUMBACO,RUTA VIVA Y KILOMETRO 8,ZONA 9,RURAL,ND,ND,ND,ND,26/02/2023,11:30:00,DE 11H00 A 11H59,11,DOMINGO,7,FEBRERO,2,NO,C26,NO CEDER EL DERECHO DE VÍA O PREFERENCIA DE PASO AL PEATÓN.,ATROPELLOS,NO IDENTIFICADO,PARTICULAR,0,0,0,0,0,0,0,0,0,1,0,0,0,1,NO IDENTIFICADO,22,HOMBRE,LESIONADO,PEATÓN,NO,NO
2023,DMQ00634022023,1,0,DMQ,-0.115069,-78.488076,17,PICHINCHA,1701,QUITO,170150,QUITO,AGUA CLARA Y LOS ARROYOS,ZONA 9,URBANA,ND,ND,ND,ND,26/02/2023,19:20:00,DE 19H00 A 19H59,19,DOMINGO,7,FEBRERO,2,NO,C05,"FALLA MECÁNICA EN LOS SISTEMAS Y/O NEÚMATICOS (SISTEMA DE FRENOS, DIRECCIÓN, ELÉCTRÓNICO O MECÁNICO).",PÉRDIDA DE CARRIL,MOTOCICLETA,PARTICULAR,0,0,0,0,0,0,0,0,1,0,0,0,0,1,LICENCIA,25,HOMBRE,LESIONADO,CONDUCTOR,NO,NO
2023,DMQ00636022023,4,0,DMQ,-0.139666,-78.445926,17,PICHINCHA,1701,QUITO,170165,LLANO CHICO,SIMON BOLIVAR Y A 1 KM DEL REDONDEL DE GUALO,ZONA 9,RURAL,ND,ND,ND,ND,26/02/2023,20:30:00,DE 20H00 A 20H59,20,DOMINGO,7,FEBRERO,2,NO,C09,CONDUCIR VEHÍCULO SUPERANDO LOS LÍMITES MÁXIMOS DE VELOCIDAD.,ESTRELLAMIENTOS,AUTOMÓVIL,COMERCIAL,1,0,0,0,0,0,0,0,0,0,0,0,0,1,CÉDULA,21,HOMBRE,LESIONADO,PASAJERO,NO,NO
2023,DMQ00637022023,0,0,DMQ,-0.141625,-78.496396,17,PICHINCHA,1701,QUITO,170150,QUITO,MACHALA Y JOSE HERBOSO,ZONA 9,URBANA,ND,ND,ND,ND,26/02/2023,20:30:00,DE 20H00 A 20H59,20,DOMINGO,7,FEBRERO,2,NO,C06,"CONDUCE BAJO LA INFLUENCIA DE ALCOHOL, SUSTANCIAS ESTUPEFACIENTES O PSICOTRÓPICAS Y/O MEDICAMENTOS.",ESTRELLAMIENTOS,MOTOCICLETA,PARTICULAR,1,0,0,0,0,0,0,0,2,0,0,0,0,3,LICENCIA,24,HOMBRE,ILESO,CONDUCTOR,NO,NO
2023,DMQ00638022023,1,1,DMQ,-0.001034,-78.521671,17,PICHINCHA,1701,QUITO,170154,CALACALI,GUAYAQUIL Y MANABI,ZONA 9,RURAL,ND,ND,ND,ND,26/02/2023,21:25:00,DE 21H00 A 21H59,21,DOMINGO,7,FEBRERO,2,NO,C09,CONDUCIR VEHÍCULO SUPERANDO LOS LÍMITES MÁXIMOS DE VELOCIDAD.,PÉRDIDA DE CARRIL,AUTOMÓVIL,PARTICULAR,1,0,0,0,0,0,0,0,0,0,0,0,0,1,CÉDULA,28,HOMBRE,FALLECIDO,PASAJERO,NO,NO
2023,DMQ00643022023,0,0,DMQ,-0.278321,-78.523036,17,PICHINCHA,1701,QUITO,170150,QUITO,CARACOL Y CALUMA,ZONA 9,URBANA,ND,ND,ND,ND,27/02/2023,6:30:00,DE 06H00 A 06H59,6,LUNES,1,FEBRERO,2,NO,C05,"FALLA MECÁNICA EN LOS SISTEMAS Y/O NEÚMATICOS (SISTEMA DE FRENOS, DIRECCIÓN, ELÉCTRÓNICO O MECÁNICO).",ESTRELLAMIENTOS,AUTOMÓVIL,PARTICULAR,1,0,0,0,0,0,0,0,0,0,0,0,0,1,NO IDENTIFICADO,-1,NO IDENTIFICADO,NO IDENTIFICADO,CONDUCTOR,NO,NO
2023,DMQ00644022023,1,0,DMQ,-0.343089,-78.567597,17,PICHINCHA,1701,QUITO,170150,QUITO,OE8C Y S61,ZONA 9,URBANA,ND,ND,ND,ND,27/02/2023,7:00:00,DE 07H00 A 07H59,7,LUNES,1,FEBRERO,2,NO,C16,NO TRANSITAR POR LAS ACERAS O ZONAS DE SEGURIDAD DESTINADAS PARA EL EFECTO.,ATROPELLOS,MOTOCICLETA,PARTICULAR,0,0,0,0,0,0,0,0,1,0,0,0,0,1,CÉDULA,32,MUJER,LESIONADO,PEATÓN,NO,NO
2023,DMQ00645022023,1,0,DMQ,-0.291971,-78.546175,17,PICHINCHA,1701,QUITO,170150,QUITO,QUITUMBE ÑAN Y AMARU ÑAN,ZONA 9,URBANA,ND,ND,ND,ND,27/02/2023,9:00:00,DE 09H00 A 09H59,9,LUNES,1,FEBRERO,2,NO,C16,NO TRANSITAR POR LAS ACERAS O ZONAS DE SEGURIDAD DESTINADAS PARA EL EFECTO.,ATROPELLOS,MOTOCICLETA,PARTICULAR,0,0,0,0,0,0,0,0,1,0,0,0,0,1,CÉDULA,70,MUJER,LESIONADO,PEATÓN,NO,NO
2023,DMQ00646022023,0,0,DMQ,-0.314808,-78.536142,17,PICHINCHA,1701,QUITO,170150,QUITO,E4D Y CASA ESQUINERA DE TRES PISOS EN CONSTRUCCION,ZONA 9,URBANA,ND,ND,ND,ND,27/02/2023,9:50:00,DE 09H00 A 09H59,9,LUNES,1,FEBRERO,2,NO,C09,CONDUCIR VEHÍCULO SUPERANDO LOS LÍMITES MÁXIMOS DE VELOCIDAD.,CHOQUE LATERAL,AUTOMÓVIL,PARTICULAR,2,0,0,0,0,0,0,0,0,0,0,0,0,2,LICENCIA,44,MUJER,ILESO,CONDUCTOR,NO,NO
2023,DMQ00647022023,1,0,DMQ,-0.221641,-78.351789,17,PICHINCHA,1701,QUITO,170175,PIFO,OSWALDO GUAYASAMIN Y E35,ZONA 9,RURAL,60,QUITO - TUMBACO - PIFO,E28C,COLECTORA,27/02/2023,11:00:00,DE 11H00 A 11H59,11,LUNES,1,FEBRERO,2,NO,C09,CONDUCIR VEHÍCULO SUPERANDO LOS LÍMITES MÁXIMOS DE VELOCIDAD.,CHOQUE POSTERIOR,CAMIÓN,CUENTA PROPIA,1,0,0,1,0,0,0,0,0,0,0,0,0,2,CÉDULA,17,MUJER,LESIONADO,PASAJERO,NO,NO
2023,DMQ00648022023,1,0,DMQ,-0.122256,-78.495576,17,PICHINCHA,1701,QUITO,170150,QUITO,PEDRO FREILE Y RIGOBERTO HEREDIA,ZONA 9,URBANA,ND,ND,ND,ND,27/02/2023,13:45:00,DE 13H00 A 13H59,13,LUNES,1,FEBRERO,2,NO,C23,"NO RESPETAR LAS SEÑALES REGLAMENTARIAS DE TRÁNSITO. (PARE, CEDA EL PASO, LUZ ROJA DEL SEMAFORO, ETC).",CHOQUE LATERAL,MOTOCICLETA,PARTICULAR,1,0,0,0,0,0,0,0,1,0,0,0,0,2,LICENCIA,58,HOMBRE,LESIONADO,CONDUCTOR,NO,NO
2023,PNE00213022023,0,0,PNE,-0.252456,-78.482646,17,PICHINCHA,1701,QUITO,170150,QUITO,AUTOPISTA  GENERAL  RUMINAHUI  -,ZONA 9,RURAL,ND,ND,ND,ND,27/02/2023,19:50:00,DE 19H00 A 19H59,19,LUNES,1,FEBRERO,2,NO,C09,CONDUCIR VEHÍCULO SUPERANDO LOS LÍMITES MÁXIMOS DE VELOCIDAD.,CHOQUE POSTERIOR,VEHÍCULO DEPORTIVO UTILITARIO,PARTICULAR,0,0,0,0,0,0,0,0,0,0,0,0,2,2,LICENCIA,28,HOMBRE,ILESO,CONDUCTOR,NO,SI
2023,DMQ00652022023,1,0,DMQ,-0.184218,-78.504139,17,PICHINCHA,1701,QUITO,170150,QUITO,ARTETA Y CALISTO Y MARIANA DE JESUS,ZONA 9,URBANA,ND,ND,ND,ND,27/02/2023,20:30:00,DE 20H00 A 20H59,20,LUNES,1,FEBRERO,2,NO,C09,CONDUCIR VEHÍCULO SUPERANDO LOS LÍMITES MÁXIMOS DE VELOCIDAD.,PÉRDIDA DE CARRIL,MOTOCICLETA,PARTICULAR,0,0,0,0,0,0,0,0,1,0,0,0,0,1,CÉDULA,23,HOMBRE,LESIONADO,PASAJERO,NO,NO
2023,PNE00214022023,0,1,PNE,-0.276162,-78.488469,17,PICHINCHA,1701,QUITO,170156,CONOCOTO,AUTOPISTA  GENERAL  RUMINAHUI  -,ZONA 9,RURAL,ND,ND,ND,ND,27/02/2023,21:00:00,DE 21H00 A 21H59,21,LUNES,1,FEBRERO,2,NO,C09,CONDUCIR VEHÍCULO SUPERANDO LOS LÍMITES MÁXIMOS DE VELOCIDAD.,PÉRDIDA DE CARRIL,MOTOCICLETA,PARTICULAR,0,0,0,0,0,0,0,0,1,0,0,0,0,1,LICENCIA,36,HOMBRE,FALLECIDO,CONDUCTOR,NO,SI
2023,DMQ00653022023,1,0,DMQ,-0.259495,-78.530171,17,PICHINCHA,1701,QUITO,170150,QUITO,TENIENTE HUGO ORTIZ Y LUIS DRESSEL,ZONA 9,URBANA,ND,ND,ND,ND,27/02/2023,23:05:00,DE 23H00 A 23H59,23,LUNES,1,FEBRERO,2,NO,C09,CONDUCIR VEHÍCULO SUPERANDO LOS LÍMITES MÁXIMOS DE VELOCIDAD.,VOLCAMIENTOS,MOTOCICLETA,PARTICULAR,0,0,0,0,0,0,0,0,1,0,0,0,0,1,LICENCIA,25,HOMBRE,LESIONADO,CONDUCTOR,NO,NO
2023,CTE00476022023,0,0,CTE,-0.387792,-78.815556,17,PICHINCHA,1703,MEJIA,170355,MANUEL CORNEJO ASTORGA,RED. ESTATAL E-20 KM 51 SENTIDO SANTO DOMINGO- ALOAG.,ZONA 2,RURAL,332,TANDAPI - LIMITE PROVINCIAL ENTRE PICHINCHA Y SANTO DOMINGO,E20,ARTERIAL,28/02/2023,5:10:00,DE 05H00 A 05H59,5,MARTES,2,FEBRERO,2,NO,C14,"CONDUCIR DESATENTO A LAS CONDICIONES DE TRÁNSITO (CELULAR, PANTALLAS DE VIDEO, COMIDA, MAQUILLAJE O CUALQUIER OTRO ELEMENTO DISTRACTOR).",ESTRELLAMIENTOS,AUTOMÓVIL,PARTICULAR,1,0,0,0,0,0,0,0,0,0,0,0,0,1,NO IDENTIFICADO,-1,HOMBRE,NO IDENTIFICADO,CONDUCTOR,NO,NO
2023,DMQ00656022023,1,0,DMQ,-0.290444,-78.446052,17,PICHINCHA,1701,QUITO,170151,ALANGASI,ILALO Y DE LAS ALONDRAS,ZONA 9,RURAL,ND,ND,ND,ND,28/02/2023,7:00:00,DE 07H00 A 07H59,7,MARTES,2,FEBRERO,2,NO,C23,"NO RESPETAR LAS SEÑALES REGLAMENTARIAS DE TRÁNSITO. (PARE, CEDA EL PASO, LUZ ROJA DEL SEMAFORO, ETC).",CHOQUE LATERAL,CAMIONETA,PARTICULAR,1,0,0,0,1,0,0,0,0,0,0,0,0,2,CÉDULA,13,MUJER,LESIONADO,PASAJERO,NO,NO
2023,DMQ00657022023,2,0,DMQ,-0.105363,-78.497657,17,PICHINCHA,1701,QUITO,170150,QUITO,FRANCISCO DE RUMIHURCO Y MARISCAL SUCRE,ZONA 9,URBANA,ND,ND,ND,ND,28/02/2023,7:21:00,DE 07H00 A 07H59,7,MARTES,2,FEBRERO,2,NO,C25,NO CEDER EL DERECHO DE VÍA O PREFERENCIA DE PASO A VEHÍCULOS.,CHOQUE LATERAL,BUS,PÚBLICO,0,0,1,0,0,0,0,0,1,0,0,0,0,2,LICENCIA,62,HOMBRE,LESIONADO,CONDUCTOR,NO,NO
2023,DMQ00658022023,0,0,DMQ,-0.159063,-78.466777,17,PICHINCHA,1701,QUITO,170150,QUITO,DE LAS BUGAMBILLAS Y ELOY ALFARO,ZONA 9,URBANA,ND,ND,ND,ND,28/02/2023,7:50:00,DE 07H00 A 07H59,7,MARTES,2,FEBRERO,2,NO,C25,NO CEDER EL DERECHO DE VÍA O PREFERENCIA DE PASO A VEHÍCULOS.,CHOQUE LATERAL,AUTOMÓVIL,PARTICULAR,2,0,0,0,0,0,0,0,0,0,0,0,0,2,LICENCIA,50,HOMBRE,ILESO,CONDUCTOR,NO,NO
2023,DMQ00661022023,1,0,DMQ,-0.280764,-78.548917,17,PICHINCHA,1701,QUITO,170150,QUITO,MORAN VALVERDE Y RUMICHACA ÑAN,ZONA 9,URBANA,ND,ND,ND,ND,28/02/2023,10:20:00,DE 10H00 A 10H59,10,MARTES,2,FEBRERO,2,NO,C16,NO TRANSITAR POR LAS ACERAS O ZONAS DE SEGURIDAD DESTINADAS PARA EL EFECTO.,ATROPELLOS,MOTOCICLETA,PARTICULAR,0,0,0,0,0,0,0,0,1,0,0,0,0,1,CÉDULA,65,MUJER,LESIONADO,PEATÓN,NO,NO
2023,DMQ00662022023,0,0,DMQ,-0.252561,-78.521888,17,PICHINCHA,1701,QUITO,170150,QUITO,MALDONADO Y LAURO GUERRERO,ZONA 9,URBANA,ND,ND,ND,ND,28/02/2023,11:00:00,DE 11H00 A 11H59,11,MARTES,2,FEBRERO,2,NO,C11,NO MANTENER LA DISTANCIA PRUDENCIAL CON RESPECTO AL VEHÍCULO QUE LE ANTECEDE.,CHOQUE POSTERIOR,FURGONETA,PARTICULAR,1,0,0,0,0,0,0,1,0,0,0,0,0,2,LICENCIA,48,HOMBRE,ILESO,CONDUCTOR,NO,NO
2023,DMQ00663022023,0,0,DMQ,-0.265164,-78.474054,17,PICHINCHA,1701,QUITO,170156,CONOCOTO,SEBASTIAN DE BENALCAZAR Y ABEL GILBERT,ZONA 9,RURAL,ND,ND,ND,ND,28/02/2023,13:45:00,DE 13H00 A 13H59,13,MARTES,2,FEBRERO,2,NO,C09,CONDUCIR VEHÍCULO SUPERANDO LOS LÍMITES MÁXIMOS DE VELOCIDAD.,ESTRELLAMIENTOS,CAMIONETA,PARTICULAR,0,0,0,0,1,0,0,0,0,0,0,0,0,1,NO IDENTIFICADO,-1,NO IDENTIFICADO,NO IDENTIFICADO,CONDUCTOR,NO,NO
2023,DMQ00664022023,0,0,DMQ,-0.153526,-78.484717,17,PICHINCHA,1701,QUITO,170150,QUITO,ISAAC ALBENIZ Y GALO PLAZA LASSO,ZONA 9,URBANA,ND,ND,ND,ND,28/02/2023,13:50:00,DE 13H00 A 13H59,13,MARTES,2,FEBRERO,2,NO,C11,NO MANTENER LA DISTANCIA PRUDENCIAL CON RESPECTO AL VEHÍCULO QUE LE ANTECEDE.,COLISIÓN,MOTOCICLETA,PARTICULAR,2,0,0,0,0,0,0,0,1,0,0,0,0,3,LICENCIA,38,HOMBRE,ILESO,CONDUCTOR,NO,NO
2023,DMQ00665022023,0,0,DMQ,-0.188608,-78.447765,17,PICHINCHA,1701,QUITO,170170,NAYON,OSWALDO GUAYASAMIN Y EUGENIO ESPEJO,ZONA 9,RURAL,60,QUITO - TUMBACO - PIFO,E28C,COLECTORA,28/02/2023,14:25:00,DE 14H00 A 14H59,14,MARTES,2,FEBRERO,2,NO,C11,NO MANTENER LA DISTANCIA PRUDENCIAL CON RESPECTO AL VEHÍCULO QUE LE ANTECEDE.,CHOQUE POSTERIOR,AUTOMÓVIL,PARTICULAR,2,0,0,0,0,0,0,0,0,0,0,0,0,2,LICENCIA,19,HOMBRE,ILESO,CONDUCTOR,NO,NO
2023,DMQ00666022023,0,0,DMQ,-0.159073,-78.466731,17,PICHINCHA,1701,QUITO,170150,QUITO,ELOY ALFARO Y DE LAS BUGAMBILLAS,ZONA 9,URBANA,ND,ND,ND,ND,28/02/2023,15:50:00,DE 15H00 A 15H59,15,MARTES,2,FEBRERO,2,NO,C25,NO CEDER EL DERECHO DE VÍA O PREFERENCIA DE PASO A VEHÍCULOS.,CHOQUE LATERAL,AUTOMÓVIL,COMERCIAL,2,0,0,0,0,0,0,0,0,0,0,0,0,2,LICENCIA,49,HOMBRE,ILESO,CONDUCTOR,NO,NO
2023,DMQ00667022023,1,0,DMQ,-0.295106,-78.477217,17,PICHINCHA,1701,QUITO,170156,CONOCOTO,JOSE JOAQUIN DE OLMEDO Y IVAN MONTUFAR,ZONA 9,RURAL,ND,ND,ND,ND,28/02/2023,16:50:00,DE 16H00 A 16H59,16,MARTES,2,FEBRERO,2,NO,C09,CONDUCIR VEHÍCULO SUPERANDO LOS LÍMITES MÁXIMOS DE VELOCIDAD.,CHOQUE LATERAL,BUS,PÚBLICO,0,0,1,0,0,0,0,0,1,0,0,0,0,2,LICENCIA,27,HOMBRE,LESIONADO,CONDUCTOR,NO,NO
2023,DMQ00668022023,1,0,DMQ,-0.253469,-78.483321,17,PICHINCHA,1701,QUITO,170150,QUITO,ISLA FERNANDINA Y AUTOPISTA GENERAL RUMIÑAHUI,ZONA 9,URBANA,ND,ND,ND,ND,28/02/2023,17:05:00,DE 17H00 A 17H59,17,MARTES,2,FEBRERO,2,NO,C26,NO CEDER EL DERECHO DE VÍA O PREFERENCIA DE PASO AL PEATÓN.,ATROPELLOS,FURGONETA,COMERCIAL,0,0,0,0,0,0,0,1,0,0,0,0,0,1,CÉDULA,35,HOMBRE,LESIONADO,PEATÓN,NO,NO
2023,DMQ00669022023,2,0,DMQ,-0.267464,-78.470663,17,PICHINCHA,1701,QUITO,170156,CONOCOTO,SEBASTIAN DE BENALCAZAR Y GUALBERTO ARCOS,ZONA 9,RURAL,ND,ND,ND,ND,28/02/2023,17:25:00,DE 17H00 A 17H59,17,MARTES,2,FEBRERO,2,NO,C19,REALIZAR CAMBIO BRUSCO O INDEBIDO DE CARRIL.,CHOQUE LATERAL,MOTOCICLETA,PARTICULAR,1,0,0,0,0,0,0,0,1,0,0,0,0,2,LICENCIA,56,HOMBRE,LESIONADO,CONDUCTOR,NO,NO
2023,DMQ00670022023,1,0,DMQ,-0.123298,-78.488315,17,PICHINCHA,1701,QUITO,170150,QUITO,DEL MAESTRO Y GASPAR TICA ST,ZONA 9,URBANA,ND,ND,ND,ND,28/02/2023,19:56:00,DE 19H00 A 19H59,19,MARTES,2,FEBRERO,2,NO,C23,"NO RESPETAR LAS SEÑALES REGLAMENTARIAS DE TRÁNSITO. (PARE, CEDA EL PASO, LUZ ROJA DEL SEMAFORO, ETC).",CHOQUE LATERAL,MOTOCICLETA,PARTICULAR,1,0,0,0,0,0,0,0,1,0,0,0,0,2,LICENCIA,27,HOMBRE,LESIONADO,CONDUCTOR,NO,NO
2023,DMQ00672022023,0,0,DMQ,-0.187918,-78.491713,17,PICHINCHA,1701,QUITO,170150,QUITO,10 DE AGOSTO Y MARIANA DE JESUS,ZONA 9,URBANA,ND,ND,ND,ND,28/02/2023,21:10:00,DE 21H00 A 21H59,21,MARTES,2,FEBRERO,2,NO,C12,NO GUARDAR LA DISTANCIA LATERAL MÍNIMA DE SEGURIDAD ENTRE VEHÍCULOS.,OTROS,MOTOCICLETA,PARTICULAR,1,0,0,0,0,0,0,1,1,0,0,0,0,3,LICENCIA,57,HOMBRE,ILESO,CONDUCTOR,NO,NO
2023,DMQ00002012023,0,0,DMQ,-0.284215,-78.516339,17,PICHINCHA,1701,QUITO,170150,QUITO,PRINCESA TOA Y SIMON BOLIVAR,ZONA 9,URBANA,ND,ND,ND,ND,1/1/2023,0:05:00,DE 00H00 A 00H59,0,DOMINGO,7,ENERO,1,SI,C10,"CONDICIONES AMBIENTALES Y/O ATMOSFÉRICAS (NIEBLA, NEBLINA, GRANIZO, LLUVIA).",CHOQUE LATERAL,FURGONETA,PARTICULAR,1,0,0,0,0,0,0,1,0,0,0,0,0,2,LICENCIA,42,HOMBRE,ILESO,CONDUCTOR,NO,NO
2023,DMQ00006012023,6,0,DMQ,-0.057577,-78.464477,17,PICHINCHA,1701,QUITO,170177,POMASQUI,SAN JOSE Y OE408,ZONA 9,RURAL,ND,ND,ND,ND,1/1/2023,0:40:00,DE 00H00 A 00H59,0,DOMINGO,7,ENERO,1,SI,C06,"CONDUCE BAJO LA INFLUENCIA DE ALCOHOL, SUSTANCIAS ESTUPEFACIENTES O PSICOTRÓPICAS Y/O MEDICAMENTOS.",ATROPELLOS,AUTOMÓVIL,PARTICULAR,1,0,0,0,0,0,0,0,0,0,0,0,0,1,LICENCIA,24,HOMBRE,LESIONADO,CONDUCTOR,NO,NO
2023,DMQ00009012023,0,0,DMQ,-0.084671,-78.436849,17,PICHINCHA,1701,QUITO,170155,CALDERON (CARAPUNGO),CARLOS MANTILLA Y DE LOS GERANIOS,ZONA 9,RURAL,ND,ND,ND,ND,1/1/2023,3:30:00,DE 03H00 A 03H59,3,DOMINGO,7,ENERO,1,SI,C09,CONDUCIR VEHÍCULO SUPERANDO LOS LÍMITES MÁXIMOS DE VELOCIDAD.,ESTRELLAMIENTOS,AUTOMÓVIL,PARTICULAR,2,0,0,0,0,0,0,0,0,0,0,0,0,2,LICENCIA,28,HOMBRE,ILESO,CONDUCTOR,NO,NO
2023,DMQ00010012023,3,0,DMQ,-0.313137,-78.548095,17,PICHINCHA,1701,QUITO,170150,QUITO,MALDONADO Y S46F,ZONA 9,URBANA,ND,ND,ND,ND,1/1/2023,4:45:00,DE 04H00 A 04H59,4,DOMINGO,7,ENERO,1,SI,C06,"CONDUCE BAJO LA INFLUENCIA DE ALCOHOL, SUSTANCIAS ESTUPEFACIENTES O PSICOTRÓPICAS Y/O MEDICAMENTOS.",CHOQUE POSTERIOR,AUTOMÓVIL,COMERCIAL,2,0,0,0,0,0,0,0,0,0,0,0,0,2,CÉDULA,33,HOMBRE,LESIONADO,PASAJERO,NO,NO
2023,PNE00002012023,1,0,PNE,-0.411662,-78.546085,17,PICHINCHA,1703,MEJIA,170356,TAMBILLO (MEJIA),PANAMERICANA  SUR  E35  KM284+400  -,ZONA 2,RURAL,65,REDONDEL DEL COLIBRI - TAMBILLO,E35 - E20,ARTERIAL,1/1/2023,5:10:00,DE 05H00 A 05H59,5,DOMINGO,7,ENERO,1,SI,C14,"CONDUCIR DESATENTO A LAS CONDICIONES DE TRÁNSITO (CELULAR, PANTALLAS DE VIDEO, COMIDA, MAQUILLAJE O CUALQUIER OTRO ELEMENTO DISTRACTOR).",CHOQUE LATERAL,AUTOMÓVIL,PARTICULAR,2,0,0,0,0,0,0,0,0,0,0,0,0,2,CÉDULA,26,HOMBRE,LESIONADO,PASAJERO,NO,SI
2023,DMQ00015012023,0,0,DMQ,-0.217508,-78.490528,17,PICHINCHA,1701,QUITO,170150,QUITO,LA CONDAMINE Y SOLANO,ZONA 9,URBANA,ND,ND,ND,ND,1/1/2023,6:15:00,DE 06H00 A 06H59,6,DOMINGO,7,ENERO,1,SI,C09,CONDUCIR VEHÍCULO SUPERANDO LOS LÍMITES MÁXIMOS DE VELOCIDAD.,ESTRELLAMIENTOS,AUTOMÓVIL,PARTICULAR,1,0,0,0,0,0,0,0,0,0,0,0,0,1,NO IDENTIFICADO,-1,NO IDENTIFICADO,NO IDENTIFICADO,CONDUCTOR,NO,NO
2023,DMQ00016012023,0,0,DMQ,-0.202468,-78.368766,17,PICHINCHA,1701,QUITO,170179,PUEMBO,OSWALDO GUAYASAMIN Y 24 DE MAYO,ZONA 9,RURAL,60,QUITO - TUMBACO - PIFO,E28C,COLECTORA,1/1/2023,6:24:00,DE 06H00 A 06H59,6,DOMINGO,7,ENERO,1,SI,C23,"NO RESPETAR LAS SEÑALES REGLAMENTARIAS DE TRÁNSITO. (PARE, CEDA EL PASO, LUZ ROJA DEL SEMAFORO, ETC).",ESTRELLAMIENTOS,AUTOMÓVIL,PARTICULAR,1,0,0,0,0,0,0,0,0,0,0,0,0,1,NO IDENTIFICADO,-1,NO IDENTIFICADO,NO IDENTIFICADO,CONDUCTOR,NO,NO
2023,DMQ00019012023,0,0,DMQ,-0.107424,-78.446731,17,PICHINCHA,1701,QUITO,170155,CALDERON (CARAPUNGO),PANAMERICANA NORTE Y GARCIA MORENO,ZONA 9,RURAL,58,ENTRADA A CARAPUNGO - CALDERON,E28B,COLECTORA,1/1/2023,7:45:00,DE 07H00 A 07H59,7,DOMINGO,7,ENERO,1,SI,C09,CONDUCIR VEHÍCULO SUPERANDO LOS LÍMITES MÁXIMOS DE VELOCIDAD.,CHOQUE POSTERIOR,AUTOMÓVIL,PARTICULAR,2,0,0,0,0,0,0,0,0,0,0,0,0,2,LICENCIA,49,HOMBRE,ILESO,CONDUCTOR,NO,NO