ANIO,SINIESTROS,LESIONADOS,FALLECIDOS,ENTE_DE_CONTROL,LATITUD_Y,LONGITUD_X,DPA_1,PROVINCIA,DPA_2,CANTON,DPA_3,PARROQUIA,DIRECCION,ZONA_PLANIFICACION,ZONA,ID_DE_LA_VIA,NOMBRE_DE_LA_VIA,UBICACION_DE_LA_VIA,JERARQUIA_DE_LA_VIA,FECHA,HORA,PERIODO_1,PERIODO_2,DIA_1,DIA_2,MES_1,MES_2,FERIADO,CODIGO_CAUSA,CAUSA_PROBABLE,TIPO_DE_SINIESTRO,TIPO_DE_VEHICULO_1,SERVICIO_1,AUTOMOVIL,BICICLETA,BUS,CAMION,CAMIONETA,EMERGENCIAS,ESPECIAL,FURGONETA,MOTOCICLETA,NO_IDENTIFICADO,SCOOTER_ELECTRICO,TRICIMOTO,VEHICULO_DEPORTIVO_UTILITARIO,SUMA_DE_VEHICULOS,TIPO_ID_1,EDAD_1,SEXO_1,CONDICION_1,PARTICIPANTE_1,CASCO_1,CINTURON_1
2023,CTE00312012023,3,0,CTE,-0.459194,-78.595639,17,PICHINCHA,1703,MEJIA,170351,ALOAG,RED. ESTATAL E-20 KM 14 SENTIDO  SANTO DOMINGO -  ALOAG,ZONA 2,RURAL,331,ALOAG (OBELISCO) - TANDAPI,E20,ARTERIAL,19/01/2023,2:30:00,DE 02H00 A 02H59,2,JUEVES,4,ENERO,1,NO,C14,"CONDUCIR DESATENTO A LAS CONDICIONES DE TRÁNSITO (CELULAR, PANTALLAS DE VIDEO, COMIDA, MAQUILLAJE O CUALQUIER OTRO ELEMENTO DISTRACTOR).",PÉRDIDA DE CARRIL,CAMIÓN,PARTICULAR,0,0,0,1,0,0,0,0,0,0,0,0,0,1,LICENCIA,33,HOMBRE,LESIONADO,CONDUCTOR,NO,NO
2023,DMQ00392012023,4,0,DMQ,-0.262792,-78.540091,17,PICHINCHA,1701,QUITO,170150,QUITO,OE5H Y SOZORANGA,ZONA 9,URBANA,ND,ND,ND,ND,19/01/2023,10:30:00,DE 10H00 A 10H59,10,JUEVES,4,ENERO,1,NO,C06,"CONDUCE BAJO LA INFLUENCIA DE ALCOHOL, SUSTANCIAS ESTUPEFACIENTES O PSICOTRÓPICAS Y/O MEDICAMENTOS.",ATROPELLOS,MOTOCICLETA,PARTICULAR,3,0,0,0,0,0,0,0,1,0,0,0,0,4,LICENCIA,26,HOMBRE,LESIONADO,CONDUCTOR,NO,NO
2023,DMQ00397012023,0,0,DMQ,-0.298611,-78.547114,17,PICHINCHA,1701,QUITO,170150,QUITO,CONDOR ÑAN Y LLIRA ÑAN,ZONA 9,URBANA,ND,ND,ND,ND,19/01/2023,15:00:00,DE 15H00 A 15H59,15,JUEVES,4,ENERO,1,NO,C23,"NO RESPETAR LAS SEÑALES REGLAMENTARIAS DE TRÁNSITO. (PARE, CEDA EL PASO, LUZ ROJA DEL SEMAFORO, ETC).",CHOQUE LATERAL,AUTOMÓVIL,PARTICULAR,2,0,0,0,0,0,0,0,0,0,0,0,0,2,LICENCIA,32,HOMBRE,ILESO,CONDUCTOR,NO,NO
2023,DMQ00398012023,1,0,DMQ,-0.290634,-78.536697,17,PICHINCHA,1701,QUITO,170150,QUITO,GONZALO PEREZ BUSTAMANTE Y MALDONADO,ZONA 9,URBANA,ND,ND,ND,ND,19/01/2023,16:10:00,DE 16H00 A 16H59,16,JUEVES,4,ENERO,1,NO,C09,CONDUCIR VEHÍCULO SUPERANDO LOS LÍMITES MÁXIMOS DE VELOCIDAD.,ESTRELLAMIENTOS,AUTOMÓVIL,PARTICULAR,1,0,0,0,0,0,0,0,0,1,0,0,0,2,CÉDULA,20,HOMBRE,LESIONADO,PASAJERO,NO,NO
2023,DMQ00399012023,2,0,DMQ,-0.210747,-78.503214,17,PICHINCHA,1701,QUITO,170150,QUITO,JUAN LARREA Y JOSE RIOFRIO,ZONA 9,URBANA,ND,ND,ND,ND,19/01/2023,17:49:00,DE 17H00 A 17H59,17,JUEVES,4,ENERO,1,NO,C25,NO CEDER EL DERECHO DE VÍA O PREFERENCIA DE PASO A VEHÍCULOS.,CHOQUE LATERAL,AUTOMÓVIL,PARTICULAR,2,0,0,0,0,0,0,0,0,0,0,0,0,2,CÉDULA,37,MUJER,LESIONADO,PASAJERO,NO,NO
2023,DMQ00402012023,0,0,DMQ,-0.245502,-78.492295,17,PICHINCHA,1701,QUITO,170150,QUITO,RICARDO IZURIETA DEL CASTILLO Y CALLE O,ZONA 9,URBANA,ND,ND,ND,ND,19/01/2023,19:40:00,DE 19H00 A 19H59,19,JUEVES,4,ENERO,1,NO,C09,CONDUCIR VEHÍCULO SUPERANDO LOS LÍMITES MÁXIMOS DE VELOCIDAD.,ESTRELLAMIENTOS,AUTOMÓVIL,PARTICULAR,2,0,0,0,0,0,0,0,0,0,0,0,0,2,LICENCIA,24,HOMBRE,ILESO,CONDUCTOR,NO,NO
2023,CTE00319012023,0,0,CTE,-0.320694,-78.921806,17,PICHINCHA,1703,MEJIA,170355,MANUEL CORNEJO ASTORGA,RED VIAL ESTATAL E-20 KM 69 SANTO DOMINGO ALOAG,ZONA 2,RURAL,332,TANDAPI - LIMITE PROVINCIAL ENTRE PICHINCHA Y SANTO DOMINGO,E20,ARTERIAL,19/01/2023,19:50:00,DE 19H00 A 19H59,19,JUEVES,4,ENERO,1,NO,C14,"CONDUCIR DESATENTO A LAS CONDICIONES DE TRÁNSITO (CELULAR, PANTALLAS DE VIDEO, COMIDA, MAQUILLAJE O CUALQUIER OTRO ELEMENTO DISTRACTOR).",PÉRDIDA DE CARRIL,CAMIÓN,PÚBLICO,0,0,0,1,0,0,0,0,0,0,0,0,0,1,NO IDENTIFICADO,-1,HOMBRE,NO IDENTIFICADO,CONDUCTOR,NO,NO
2023,DMQ00404012023,0,0,DMQ,-0.192445,-78.496848,17,PICHINCHA,1701,QUITO,170150,QUITO,ANTONIO DE ULLOA Y BARTOLOME DE LAS CASAS,ZONA 9,URBANA,ND,ND,ND,ND,19/01/2023,22:00:00,DE 22H00 A 22H59,22,JUEVES,4,ENERO,1,NO,C06,"CONDUCE BAJO LA INFLUENCIA DE ALCOHOL, SUSTANCIAS ESTUPEFACIENTES O PSICOTRÓPICAS Y/O MEDICAMENTOS.",CHOQUE LATERAL,AUTOMÓVIL,PARTICULAR,2,0,0,0,0,0,0,0,0,0,0,0,0,2,LICENCIA,71,HOMBRE,ILESO,CONDUCTOR,NO,NO
2023,DMQ00407012023,0,0,DMQ,-0.190959,-78.481913,17,PICHINCHA,1701,QUITO,170150,QUITO,6 DE DICIEMBRE Y SHYRIS,ZONA 9,URBANA,ND,ND,ND,ND,20/01/2023,3:20:00,DE 03H00 A 03H59,3,VIERNES,5,ENERO,1,NO,C22,"ADELANTAR O REBASAR A OTRO VEHÍCULO EN MOVIMIENTO EN ZONAS O SITIOS PELIGROSOS TALES COMO: CURVAS, PUENTES, TÚNELES, PENDIENTES, ETC.",ESTRELLAMIENTOS,AUTOMÓVIL,PARTICULAR,1,0,0,0,0,0,0,0,0,0,0,0,0,1,LICENCIA,55,HOMBRE,ILESO,CONDUCTOR,NO,NO
2023,DMQ00408012023,0,0,DMQ,-0.168283,-78.487301,17,PICHINCHA,1701,QUITO,170150,QUITO,10 DE AGOSTO Y AMERICA,ZONA 9,URBANA,ND,ND,ND,ND,20/01/2023,3:50:00,DE 03H00 A 03H59,3,VIERNES,5,ENERO,1,NO,C09,CONDUCIR VEHÍCULO SUPERANDO LOS LÍMITES MÁXIMOS DE VELOCIDAD.,ESTRELLAMIENTOS,AUTOMÓVIL,PARTICULAR,1,0,0,0,0,0,0,0,0,0,0,0,0,1,NO IDENTIFICADO,-1,NO IDENTIFICADO,NO IDENTIFICADO,CONDUCTOR,NO,NO
2023,DMQ00414012023,2,0,DMQ,-0.102784,-78.488698,17,PICHINCHA,1701,QUITO,170150,QUITO,MARISCAL SUCRE Y LA ESPERANZA,ZONA 9,URBANA,ND,ND,ND,ND,20/01/2023,8:30:00,DE 08H00 A 08H59,8,VIERNES,5,ENERO,1,NO,C07,"PEATÓN TRANSITA BAJO INFLUENCIA DE ALCOHOL, SUSTANCIAS ESTUPEFACIENTES O PSICOTRÓPICAS Y/O MEDICAMENTOS.",ATROPELLOS,AUTOMÓVIL,PARTICULAR,2,0,0,0,0,0,0,0,0,0,0,0,0,2,CÉDULA,50,HOMBRE,LESIONADO,PEATÓN,NO,NO
2023,PNE00112012023,2,0,PNE,-0.069401,-78.373432,17,PICHINCHA,1701,QUITO,170155,CALDERON (CARAPUNGO),E28B    -  KM10+160  Y  KM    12+100,ZONA 9,RURAL,335,INTERCAMBIADOR COLLAS 3 - PUENTE GUAYLLABAMBA,E28B,COLECTORA,20/01/2023,8:45:00,DE 08H00 A 08H59,8,VIERNES,5,ENERO,1,NO,C04,DAÑOS MECÁNICOS PREVISIBLES.,CHOQUE POSTERIOR,BUS,PÚBLICO,0,0,2,0,0,0,0,0,0,0,0,0,0,2,CÉDULA,13,HOMBRE,LESIONADO,PASAJERO,NO,SI
2023,DMQ00415012023,1,0,DMQ,-0.236924,-78.507631,17,PICHINCHA,1701,QUITO,170150,QUITO,PEDRO PINTO Y NAPO,ZONA 9,URBANA,ND,ND,ND,ND,20/01/2023,10:00:00,DE 10H00 A 10H59,10,VIERNES,5,ENERO,1,NO,C09,CONDUCIR VEHÍCULO SUPERANDO LOS LÍMITES MÁXIMOS DE VELOCIDAD.,ATROPELLOS,AUTOMÓVIL,PARTICULAR,1,0,0,0,0,0,0,0,0,0,0,0,0,1,CÉDULA,71,MUJER,LESIONADO,PEATÓN,NO,NO
2023,DMQ00416012023,1,0,DMQ,-0.208986,-78.506001,17,PICHINCHA,1701,QUITO,170150,QUITO,MEXICO Y BUENOS AIRES,ZONA 9,URBANA,ND,ND,ND,ND,20/01/2023,13:50:00,DE 13H00 A 13H59,13,VIERNES,5,ENERO,1,NO,C23,"NO RESPETAR LAS SEÑALES REGLAMENTARIAS DE TRÁNSITO. (PARE, CEDA EL PASO, LUZ ROJA DEL SEMAFORO, ETC).",CHOQUE LATERAL,MOTOCICLETA,PARTICULAR,1,0,0,0,0,0,0,0,1,0,0,0,0,2,LICENCIA,22,HOMBRE,LESIONADO,CONDUCTOR,NO,NO
2023,DMQ00418012023,0,0,DMQ,-0.161834,-78.485808,17,PICHINCHA,1701,QUITO,170150,QUITO,10 DE AGOSTO Y PAPALLACTA,ZONA 9,URBANA,ND,ND,ND,ND,20/01/2023,15:15:00,DE 15H00 A 15H59,15,VIERNES,5,ENERO,1,NO,C23,"NO RESPETAR LAS SEÑALES REGLAMENTARIAS DE TRÁNSITO. (PARE, CEDA EL PASO, LUZ ROJA DEL SEMAFORO, ETC).",CHOQUE LATERAL,CAMIÓN,CUENTA PROPIA,0,0,0,1,1,0,0,0,0,0,0,0,0,2,LICENCIA,30,HOMBRE,ILESO,CONDUCTOR,NO,NO
2023,DMQ00420012023,6,0,DMQ,-0.192224,-78.456441,17,PICHINCHA,1701,QUITO,170150,QUITO,SIMON BOLIVAR Y PERLA QUITEÑA,ZONA 9,URBANA,ND,ND,ND,ND,20/01/2023,16:55:00,DE 16H00 A 16H59,16,VIERNES,5,ENERO,1,NO,C06,"CONDUCE BAJO LA INFLUENCIA DE ALCOHOL, SUSTANCIAS ESTUPEFACIENTES O PSICOTRÓPICAS Y/O MEDICAMENTOS.",CHOQUE POSTERIOR,BUS,PÚBLICO,0,0,1,0,1,0,0,0,0,0,0,0,0,2,CÉDULA,22,HOMBRE,LESIONADO,PASAJERO,NO,NO
2023,DMQ00421012023,0,0,DMQ,-0.134521,-78.465628,17,PICHINCHA,1701,QUITO,170150,QUITO,CESAR TERAN LOPEZ Y BELLADONAS,ZONA 9,URBANA,ND,ND,ND,ND,20/01/2023,19:45:00,DE 19H00 A 19H59,19,VIERNES,5,ENERO,1,NO,C23,"NO RESPETAR LAS SEÑALES REGLAMENTARIAS DE TRÁNSITO. (PARE, CEDA EL PASO, LUZ ROJA DEL SEMAFORO, ETC).",CHOQUE LATERAL,AUTOMÓVIL,PARTICULAR,2,0,0,0,0,0,0,0,0,0,0,0,0,2,LICENCIA,41,HOMBRE,ILESO,CONDUCTOR,NO,NO
2023,DMQ00422012023,2,0,DMQ,-0.176915,-78.480962,17,PICHINCHA,1701,QUITO,170150,QUITO,SHYRIS Y NACIONES UNIDAS,ZONA 9,URBANA,ND,ND,ND,ND,20/01/2023,20:10:00,DE 20H00 A 20H59,20,VIERNES,5,ENERO,1,NO,C06,"CONDUCE BAJO LA INFLUENCIA DE ALCOHOL, SUSTANCIAS ESTUPEFACIENTES O PSICOTRÓPICAS Y/O MEDICAMENTOS.",ATROPELLOS,AUTOMÓVIL,PARTICULAR,3,0,0,0,0,0,0,0,0,0,0,0,0,3,CÉDULA,30,MUJER,LESIONADO,PASAJERO,NO,NO
2023,DMQ00425012023,2,0,DMQ,-0.242475,-78.497488,17,PICHINCHA,1701,QUITO,170150,QUITO,JUAN BAUTISTA AGUIRRE Y SIMON BOLIVAR,ZONA 9,URBANA,ND,ND,ND,ND,20/01/2023,22:30:00,DE 22H00 A 22H59,22,VIERNES,5,ENERO,1,NO,C23,"NO RESPETAR LAS SEÑALES REGLAMENTARIAS DE TRÁNSITO. (PARE, CEDA EL PASO, LUZ ROJA DEL SEMAFORO, ETC).",OTROS,MOTOCICLETA,PARTICULAR,0,0,0,0,0,0,0,0,1,0,0,0,0,1,CÉDULA,30,HOMBRE,LESIONADO,PASAJERO,NO,NO
2023,PNE00115012023,0,0,PNE,-0.008116,-78.457117,17,PICHINCHA,1701,QUITO,170180,SAN ANTONIO (QUITO),AV.  MANUEL  CORDOVA  GALARZA  -  OE1A,ZONA 9,URBANA,ND,ND,ND,ND,20/01/2023,22:55:00,DE 22H00 A 22H59,22,VIERNES,5,ENERO,1,NO,C14,"CONDUCIR DESATENTO A LAS CONDICIONES DE TRÁNSITO (CELULAR, PANTALLAS DE VIDEO, COMIDA, MAQUILLAJE O CUALQUIER OTRO ELEMENTO DISTRACTOR).",ESTRELLAMIENTOS,AUTOMÓVIL,PARTICULAR,1,0,0,0,0,0,0,0,0,0,0,0,0,1,NO IDENTIFICADO,30,HOMBRE,NO IDENTIFICADO,CONDUCTOR,NO,SI
2023,CTE00345012023,1,0,CTE,-0.437427,-78.704432,17,PICHINCHA,1703,MEJIA,170351,ALOAG,RED VIAL ESTATAL E-20 KM 28 SENTIDO ALOAG-STO. DOMINGO.,ZONA 2,RURAL,331,ALOAG (OBELISCO) - TANDAPI,E20,ARTERIAL,21/01/2023,7:50:00,DE 07H00 A 07H59,7,SÁBADO,6,ENERO,1,NO,C14,"CONDUCIR DESATENTO A LAS CONDICIONES DE TRÁNSITO (CELULAR, PANTALLAS DE VIDEO, COMIDA, MAQUILLAJE O CUALQUIER OTRO ELEMENTO DISTRACTOR).",ATROPELLOS,MOTOCICLETA,PARTICULAR,0,0,0,0,0,0,0,0,1,0,0,0,0,1,CÉDULA,-1,MUJER,LESIONADO,PASAJERO,NO,NO
2023,DMQ00437012023,1,0,DMQ,-0.204526,-78.506007,17,PICHINCHA,1701,QUITO,170150,QUITO,UNIVERSITARIA Y 18 DE SEPTIEMBRE,ZONA 9,URBANA,ND,ND,ND,ND,21/01/2023,11:45:00,DE 11H00 A 11H59,11,SÁBADO,6,ENERO,1,NO,C11,NO MANTENER LA DISTANCIA PRUDENCIAL CON RESPECTO AL VEHÍCULO QUE LE ANTECEDE.,CHOQUE POSTERIOR,BUS,PÚBLICO,1,0,1,0,0,0,0,0,0,0,0,0,0,2,CÉDULA,69,MUJER,LESIONADO,PASAJERO,NO,NO
2023,DMQ00439012023,1,0,DMQ,-0.174627,-78.454971,17,PICHINCHA,1701,QUITO,170150,QUITO,GRANADOS Y SIMON BOLIVAR,ZONA 9,URBANA,ND,ND,ND,ND,21/01/2023,12:45:00,DE 12H00 A 12H59,12,SÁBADO,6,ENERO,1,NO,C09,CONDUCIR VEHÍCULO SUPERANDO LOS LÍMITES MÁXIMOS DE VELOCIDAD.,PÉRDIDA DE CARRIL,MOTOCICLETA,PARTICULAR,0,0,0,0,0,0,0,0,1,0,0,0,0,1,LICENCIA,38,HOMBRE,LESIONADO,CONDUCTOR,NO,NO
2023,DMQ00441012023,1,0,DMQ,-0.245391,-78.500957,17,PICHINCHA,1701,QUITO,170150,QUITO,SIMON BOLIVAR Y S6E,ZONA 9,URBANA,ND,ND,ND,ND,21/01/2023,13:38:00,DE 13H00 A 13H59,13,SÁBADO,6,ENERO,1,NO,C06,"CONDUCE BAJO LA INFLUENCIA DE ALCOHOL, SUSTANCIAS ESTUPEFACIENTES O PSICOTRÓPICAS Y/O MEDICAMENTOS.",CHOQUE LATERAL,MOTOCICLETA,PARTICULAR,1,0,0,0,0,0,0,0,1,0,0,0,0,2,LICENCIA,38,HOMBRE,LESIONADO,CONDUCTOR,SI,NO
2023,DMQ00442012023,0,0,DMQ,-0.190702,-78.480446,17,PICHINCHA,1701,QUITO,170150,QUITO,OSWALDO GUAYASAMIN Y 6 DE DICIEMBRE,ZONA 9,URBANA,60,QUITO - TUMBACO - PIFO,E28C,COLECTORA,21/01/2023,14:15:00,DE 14H00 A 14H59,14,SÁBADO,6,ENERO,1,NO,C12,NO GUARDAR LA DISTANCIA LATERAL MÍNIMA DE SEGURIDAD ENTRE VEHÍCULOS.,ROZAMIENTOS,AUTOMÓVIL,PARTICULAR,2,0,0,0,0,0,0,0,0,0,0,0,0,2,LICENCIA,23,HOMBRE,ILESO,CONDUCTOR,NO,NO
2023,DMQ00443012023,5,0,DMQ,-0.278332,-78.519361,17,PICHINCHA,1701,QUITO,170150,QUITO,CARACOL Y S18C,ZONA 9,URBANA,ND,ND,ND,ND,21/01/2023,14:30:00,DE 14H00 A 14H59,14,SÁBADO,6,ENERO,1,NO,C19,REALIZAR CAMBIO BRUSCO O INDEBIDO DE CARRIL.,CHOQUE FRONTAL,CAMIONETA,PARTICULAR,1,0,0,0,1,0,0,0,0,0,0,0,0,2,LICENCIA,76,HOMBRE,LESIONADO,CONDUCTOR,NO,NO
2023,DMQ00444012023,0,1,DMQ,-0.288041,-78.460152,17,PICHINCHA,1701,QUITO,170151,ALANGASI,AMAZONAS Y A 1.3 KILOMETROS HACIA EL OCCIDENTE DEL INTERCAMBIADOR DEL PUENTE 9,ZONA 9,RURAL,ND,ND,ND,ND,21/01/2023,17:00:00,DE 17H00 A 17H59,17,SÁBADO,6,ENERO,1,NO,C09,CONDUCIR VEHÍCULO SUPERANDO LOS LÍMITES MÁXIMOS DE VELOCIDAD.,PÉRDIDA DE CARRIL,MOTOCICLETA,PARTICULAR,0,0,0,0,0,0,0,0,1,0,0,0,0,1,LICENCIA,24,HOMBRE,FALLECIDO,CONDUCTOR,NO,NO
2023,DMQ00446012023,0,0,DMQ,-0.206631,-78.483902,17,PICHINCHA,1701,QUITO,170150,QUITO,LUIS CORDERO Y TOLEDO,ZONA 9,URBANA,ND,ND,ND,ND,21/01/2023,17:40:00,DE 17H00 A 17H59,17,SÁBADO,6,ENERO,1,NO,C23,"NO RESPETAR LAS SEÑALES REGLAMENTARIAS DE TRÁNSITO. (PARE, CEDA EL PASO, LUZ ROJA DEL SEMAFORO, ETC).",CHOQUE LATERAL,AUTOMÓVIL,PARTICULAR,2,0,0,0,0,0,0,0,0,0,0,0,0,2,LICENCIA,40,HOMBRE,ILESO,CONDUCTOR,NO,NO
2023,DMQ00447012023,0,0,DMQ,-0.295958,-78.546321,17,PICHINCHA,1701,QUITO,170150,QUITO,LLIRA ÑAN Y PACHAMAMA,ZONA 9,URBANA,ND,ND,ND,ND,21/01/2023,17:50:00,DE 17H00 A 17H59,17,SÁBADO,6,ENERO,1,NO,C10,"CONDICIONES AMBIENTALES Y/O ATMOSFÉRICAS (NIEBLA, NEBLINA, GRANIZO, LLUVIA).",OTROS,AUTOMÓVIL,PARTICULAR,1,0,0,0,0,0,0,0,0,0,0,0,0,1,NO IDENTIFICADO,-1,NO IDENTIFICADO,NO IDENTIFICADO,CONDUCTOR,NO,NO
2023,PNE00123012023,0,0,PNE,-0.003461,-78.518035,17,PICHINCHA,1701,QUITO,170154,CALACALI,VIA  CALACALI  LA  INDEPENDENCIA  E28  -  NINGUNA,ZONA 9,RURAL,54,CALACALI - SAN TADEO,E28,COLECTORA,21/01/2023,18:20:00,DE 18H00 A 18H59,18,SÁBADO,6,ENERO,1,NO,C09,CONDUCIR VEHÍCULO SUPERANDO LOS LÍMITES MÁXIMOS DE VELOCIDAD.,CHOQUE LATERAL,CAMIONETA,PARTICULAR,0,0,0,0,2,0,0,0,0,0,0,0,0,2,LICENCIA,68,HOMBRE,ILESO,CONDUCTOR,NO,SI
2023,DMQ00449012023,1,0,DMQ,-0.212467,-78.372567,17,PICHINCHA,1701,QUITO,170184,TUMBACO,RUTA VIVA Y KILOMETRO 10 1/2,ZONA 9,RURAL,ND,ND,ND,ND,21/01/2023,20:45:00,DE 20H00 A 20H59,20,SÁBADO,6,ENERO,1,NO,C19,REALIZAR CAMBIO BRUSCO O INDEBIDO DE CARRIL.,CHOQUE FRONTAL,BICICLETA,PARTICULAR,0,1,0,0,0,0,0,0,0,1,0,0,0,2,LICENCIA,28,HOMBRE,LESIONADO,CONDUCTOR,NO,NO
2023,DMQ00450012023,1,0,DMQ,-0.285631,-78.499171,17,PICHINCHA,1701,QUITO,170156,CONOCOTO,PRINCESA TOA Y PACHACUTEC,ZONA 9,RURAL,ND,ND,ND,ND,21/01/2023,21:30:00,DE 21H00 A 21H59,21,SÁBADO,6,ENERO,1,NO,C19,REALIZAR CAMBIO BRUSCO O INDEBIDO DE CARRIL.,CHOQUE FRONTAL,NO IDENTIFICADO,PARTICULAR,0,0,0,0,0,0,0,0,0,2,0,0,0,2,CÉDULA,38,MUJER,LESIONADO,PASAJERO,NO,NO
2023,DMQ00454012023,2,0,DMQ,-0.202808,-78.510775,17,PICHINCHA,1701,QUITO,170150,QUITO,MARISCAL SUCRE Y UNIVERSITARIA,ZONA 9,URBANA,ND,ND,ND,ND,22/01/2023,0:25:00,DE 00H00 A 00H59,0,DOMINGO,7,ENERO,1,NO,C09,CONDUCIR VEHÍCULO SUPERANDO LOS LÍMITES MÁXIMOS DE VELOCIDAD.,ESTRELLAMIENTOS,AUTOMÓVIL,PARTICULAR,1,0,0,0,0,0,0,0,0,0,0,0,0,1,CÉDULA,73,MUJER,LESIONADO,PASAJERO,NO,NO
2023,DMQ00459012023,0,0,DMQ,-0.224223,-78.406321,17,PICHINCHA,1701,QUITO,170184,TUMBACO,RUTA VIVA Y KILOMETRO 8,ZONA 9,RURAL,ND,ND,ND,ND,22/01/2023,4:10:00,DE 04H00 A 04H59,4,DOMINGO,7,ENERO,1,NO,C09,CONDUCIR VEHÍCULO SUPERANDO LOS LÍMITES MÁXIMOS DE VELOCIDAD.,ESTRELLAMIENTOS,AUTOMÓVIL,PARTICULAR,1,0,0,0,0,0,0,0,0,0,0,0,0,1,LICENCIA,47,MUJER,ILESO,CONDUCTOR,NO,NO
2023,DMQ00461012023,1,0,DMQ,-0.279066,-78.552696,17,PICHINCHA,1701,QUITO,170150,QUITO,MARISCAL SUCRE Y MORAN VALVERDE,ZONA 9,URBANA,ND,ND,ND,ND,22/01/2023,4:50:00,DE 04H00 A 04H59,4,DOMINGO,7,ENERO,1,NO,C23,"NO RESPETAR LAS SEÑALES REGLAMENTARIAS DE TRÁNSITO. (PARE, CEDA EL PASO, LUZ ROJA DEL SEMAFORO, ETC).",CHOQUE LATERAL,MOTOCICLETA,PARTICULAR,1,0,0,0,0,0,0,0,1,0,0,0,0,2,LICENCIA,31,HOMBRE,LESIONADO,CONDUCTOR,NO,NO
2023,DMQ00463012023,0,0,DMQ,-0.330351,-78.519314,17,PICHINCHA,1701,QUITO,170150,QUITO,SIMON BOLIVAR Y FRENTE A LA ESCOMBRADERA DE EL TROJE,ZONA 9,URBANA,ND,ND,ND,ND,22/01/2023,6:20:00,DE 06H00 A 06H59,6,DOMINGO,7,ENERO,1,NO,C09,CONDUCIR VEHÍCULO SUPERANDO LOS LÍMITES MÁXIMOS DE VELOCIDAD.,ESTRELLAMIENTOS,AUTOMÓVIL,PARTICULAR,1,0,0,0,0,0,0,0,0,0,0,0,0,1,LICENCIA,35,HOMBRE,ILESO,CONDUCTOR,NO,NO
2023,DMQ00466012023,0,0,DMQ,-0.286817,-78.489174,17,PICHINCHA,1701,QUITO,170156,CONOCOTO,CAMILO PONCE ENRIQUEZ Y HUAYNA CAPAC,ZONA 9,RURAL,ND,ND,ND,ND,22/01/2023,9:30:00,DE 09H00 A 09H59,9,DOMINGO,7,ENERO,1,NO,C09,CONDUCIR VEHÍCULO SUPERANDO LOS LÍMITES MÁXIMOS DE VELOCIDAD.,ESTRELLAMIENTOS,AUTOMÓVIL,PARTICULAR,1,0,0,0,0,0,0,0,0,0,0,0,0,1,NO IDENTIFICADO,-1,NO IDENTIFICADO,NO IDENTIFICADO,CONDUCTOR,NO,NO
2023,DMQ00471012023,0,0,DMQ,-0.235447,-78.471905,17,PICHINCHA,1701,QUITO,170150,QUITO,SIMON BOLIVAR Y SECTOR UNIVERSIDAD INTERNACIONAL,ZONA 9,RURAL,ND,ND,ND,ND,22/01/2023,14:55:00,DE 14H00 A 14H59,14,DOMINGO,7,ENERO,1,NO,C09,CONDUCIR VEHÍCULO SUPERANDO LOS LÍMITES MÁXIMOS DE VELOCIDAD.,OTROS,AUTOMÓVIL,PARTICULAR,1,0,0,0,0,0,0,0,0,0,0,0,0,1,NO IDENTIFICADO,-1,NO IDENTIFICADO,NO IDENTIFICADO,CONDUCTOR,NO,NO
2023,CTE00381012023,0,0,CTE,-0.444772,-78.680131,17,PICHINCHA,1703,MEJIA,170351,ALOAG,RED VIAL ESTATAL E-20 KM 21+700 SENTIDO STO.DOMINGO-ALOAG,ZONA 2,RURAL,331,ALOAG (OBELISCO) - TANDAPI,E20,ARTERIAL,22/01/2023,15:45:00,DE 15H00 A 15H59,15,DOMINGO,7,ENERO,1,NO,C14,"CONDUCIR DESATENTO A LAS CONDICIONES DE TRÁNSITO (CELULAR, PANTALLAS DE VIDEO, COMIDA, MAQUILLAJE O CUALQUIER OTRO ELEMENTO DISTRACTOR).",PÉRDIDA DE CARRIL,CAMIÓN,PÚBLICO,0,0,0,2,0,0,0,0,0,0,0,0,0,2,LICENCIA,32,HOMBRE,ILESO,CONDUCTOR,NO,NO
2023,DMQ00472012023,0,0,DMQ,-0.162947,-78.475523,17,PICHINCHA,1701,QUITO,170150,QUITO,6 DE DICIEMBRE Y RIO COCA,ZONA 9,URBANA,ND,ND,ND,ND,22/01/2023,16:20:00,DE 16H00 A 16H59,16,DOMINGO,7,ENERO,1,NO,C09,CONDUCIR VEHÍCULO SUPERANDO LOS LÍMITES MÁXIMOS DE VELOCIDAD.,ESTRELLAMIENTOS,AUTOMÓVIL,PARTICULAR,1,0,0,0,0,0,0,0,0,0,0,0,0,1,NO IDENTIFICADO,-1,NO IDENTIFICADO,NO IDENTIFICADO,CONDUCTOR,NO,NO
2023,DMQ00474012023,0,0,DMQ,-0.194894,-78.494732,17,PICHINCHA,1701,QUITO,170150,QUITO,10 DE AGOSTO Y ORELLANA,ZONA 9,URBANA,ND,ND,ND,ND,22/01/2023,17:10:00,DE 17H00 A 17H59,17,DOMINGO,7,ENERO,1,NO,C25,NO CEDER EL DERECHO DE VÍA O PREFERENCIA DE PASO A VEHÍCULOS.,CHOQUE LATERAL,AUTOMÓVIL,PARTICULAR,2,0,0,0,0,0,0,0,0,0,0,0,0,2,LICENCIA,18,HOMBRE,ILESO,CONDUCTOR,NO,NO