ANIO,SINIESTROS,LESIONADOS,FALLECIDOS,ENTE_DE_CONTROL,LATITUD_Y,LONGITUD_X,DPA_1,PROVINCIA,DPA_2,CANTON,DPA_3,PARROQUIA,DIRECCION,ZONA_PLANIFICACION,ZONA,ID_DE_LA_VIA,NOMBRE_DE_LA_VIA,UBICACION_DE_LA_VIA,JERARQUIA_DE_LA_VIA,FECHA,HORA,PERIODO_1,PERIODO_2,DIA_1,DIA_2,MES_1,MES_2,FERIADO,CODIGO_CAUSA,CAUSA_PROBABLE,TIPO_DE_SINIESTRO,TIPO_DE_VEHICULO_1,SERVICIO_1,AUTOMOVIL,BICICLETA,BUS,CAMION,CAMIONETA,EMERGENCIAS,ESPECIAL,FURGONETA,MOTOCICLETA,NO_IDENTIFICADO,SCOOTER_ELECTRICO,TRICIMOTO,VEHICULO_DEPORTIVO_UTILITARIO,SUMA_DE_VEHICULOS,TIPO_ID_1,EDAD_1,SEXO_1,CONDICION_1,PARTICIPANTE_1,CASCO_1,CINTURON_1
2023,PNE00055022023,1,0,PNE,-0.176291,-78.328564,17,PICHINCHA,1701,QUITO,170185,YARUQUI,E-35  NORTE  -  SAN  CARLOS,ZONA 9,RURAL,62,CUSUBAMBA - PIFO,E35,ARTERIAL,8/2/2023,0:45:00,DE 00H00 A 00H59,0,MIÉRCOLES,3,FEBRERO,2,NO,C14,"CONDUCIR DESATENTO A LAS CONDICIONES DE TRÁNSITO (CELULAR, PANTALLAS DE VIDEO, COMIDA, MAQUILLAJE O CUALQUIER OTRO ELEMENTO DISTRACTOR).",CHOQUE POSTERIOR,AUTOMÓVIL,PARTICULAR,1,0,0,0,0,0,0,0,0,0,0,0,0,1,LICENCIA,35,HOMBRE,LESIONADO,CONDUCTOR,NO,SI
2023,DMQ00179022023,1,0,DMQ,-0.105749,-78.497972,17,PICHINCHA,1701,QUITO,170150,QUITO,MARISCAL SUCRE Y SAN FRANCISCO DE RUMIURCO,ZONA 9,URBANA,ND,ND,ND,ND,8/2/2023,7:30:00,DE 07H00 A 07H59,7,MIÉRCOLES,3,FEBRERO,2,NO,C27,PEATÓN QUE CRUZA LA CALZADA SIN RESPETAR LA SEÑALIZACIÓN EXISTENTE (SEMÁFOROS O SEÑALES MANUALES).,ATROPELLOS,AUTOMÓVIL,PARTICULAR,1,0,0,0,0,0,0,0,0,0,0,0,0,1,CÉDULA,35,MUJER,LESIONADO,PEATÓN,NO,NO
2023,PNE00057022023,0,0,PNE,-0.332135,-78.465037,17,PICHINCHA,1705,RUMIÑAHUI,170550,SANGOLQUI,AV.MARIANA  DE  JESUS    -  PANZALO,ZONA 2,URBANA,ND,ND,ND,ND,8/2/2023,10:45:00,DE 10H00 A 10H59,10,MIÉRCOLES,3,FEBRERO,2,NO,C14,"CONDUCIR DESATENTO A LAS CONDICIONES DE TRÁNSITO (CELULAR, PANTALLAS DE VIDEO, COMIDA, MAQUILLAJE O CUALQUIER OTRO ELEMENTO DISTRACTOR).",CHOQUE FRONTAL,CAMIÓN,PÚBLICO,1,0,0,1,0,0,0,0,0,0,0,0,0,2,LICENCIA,33,HOMBRE,ILESO,CONDUCTOR,NO,SI
2023,DMQ00182022023,0,0,DMQ,-0.317722,-78.471854,17,PICHINCHA,1701,QUITO,170156,CONOCOTO,CHILLO JIJON Y PASAJE D,ZONA 9,RURAL,ND,ND,ND,ND,8/2/2023,12:10:00,DE 12H00 A 12H59,12,MIÉRCOLES,3,FEBRERO,2,NO,C21,MALAS CONDICIONES DE LA VÍA Y/O CONFIGURACIÓN. (ILUMINACIÓN Y DISEÑO).,PÉRDIDA DE CARRIL,AUTOMÓVIL,PARTICULAR,1,0,0,0,0,0,0,0,0,0,0,0,0,1,NO IDENTIFICADO,-1,NO IDENTIFICADO,NO IDENTIFICADO,CONDUCTOR,NO,NO
2023,PNE00058022023,1,0,PNE,-0.412456,-78.547845,17,PICHINCHA,1703,MEJIA,170356,TAMBILLO (MEJIA),PANAMERICANA  SUR  VIA  AMAGUANA  SANGOLQUI    -,ZONA 2,RURAL,65,REDONDEL DEL COLIBRI - TAMBILLO,E35,ARTERIAL,8/2/2023,13:30:00,DE 13H00 A 13H59,13,MIÉRCOLES,3,FEBRERO,2,NO,C14,"CONDUCIR DESATENTO A LAS CONDICIONES DE TRÁNSITO (CELULAR, PANTALLAS DE VIDEO, COMIDA, MAQUILLAJE O CUALQUIER OTRO ELEMENTO DISTRACTOR).",ATROPELLOS,MOTOCICLETA,PARTICULAR,0,0,0,0,0,0,0,0,1,0,0,0,0,1,CÉDULA,57,MUJER,LESIONADO,PEATÓN,NO,SI
2023,DMQ00185022023,0,0,DMQ,-0.188544,-78.481996,17,PICHINCHA,1701,QUITO,170150,QUITO,ELOY ALFARO Y BELGICA,ZONA 9,URBANA,ND,ND,ND,ND,8/2/2023,14:00:00,DE 14H00 A 14H59,14,MIÉRCOLES,3,FEBRERO,2,NO,C09,CONDUCIR VEHÍCULO SUPERANDO LOS LÍMITES MÁXIMOS DE VELOCIDAD.,OTROS,MOTOCICLETA,PARTICULAR,2,0,0,0,0,0,0,0,1,0,0,0,0,3,LICENCIA,44,HOMBRE,ILESO,CONDUCTOR,NO,NO
2023,PNE00060022023,1,0,PNE,-0.300202,-78.460396,17,PICHINCHA,1705,RUMIÑAHUI,170550,SANGOLQUI,EL  TRIANGULO    -  ISLA  ESPANOLA,ZONA 2,URBANA,ND,ND,ND,ND,8/2/2023,15:00:00,DE 15H00 A 15H59,15,MIÉRCOLES,3,FEBRERO,2,NO,C14,"CONDUCIR DESATENTO A LAS CONDICIONES DE TRÁNSITO (CELULAR, PANTALLAS DE VIDEO, COMIDA, MAQUILLAJE O CUALQUIER OTRO ELEMENTO DISTRACTOR).",CHOQUE POSTERIOR,BUS,PÚBLICO,0,0,1,0,0,0,0,0,0,1,0,0,0,2,LICENCIA,35,MUJER,LESIONADO,CONDUCTOR,NO,SI
2023,PNE00061022023,1,0,PNE,-0.333096,-78.470118,17,PICHINCHA,1705,RUMIÑAHUI,170550,SANGOLQUI,AV.  EL  INCA    -  LA  CONCEPCION,ZONA 2,URBANA,ND,ND,ND,ND,8/2/2023,15:30:00,DE 15H00 A 15H59,15,MIÉRCOLES,3,FEBRERO,2,NO,C14,"CONDUCIR DESATENTO A LAS CONDICIONES DE TRÁNSITO (CELULAR, PANTALLAS DE VIDEO, COMIDA, MAQUILLAJE O CUALQUIER OTRO ELEMENTO DISTRACTOR).",CHOQUE LATERAL,NO IDENTIFICADO,PARTICULAR,0,0,0,0,0,0,0,0,0,1,0,0,0,1,LICENCIA,37,HOMBRE,LESIONADO,CONDUCTOR,NO,SI
2023,DMQ00190022023,1,0,DMQ,-0.185604,-78.487387,17,PICHINCHA,1701,QUITO,170150,QUITO,AMAZONAS Y INGLATERRA,ZONA 9,URBANA,ND,ND,ND,ND,8/2/2023,16:27:00,DE 16H00 A 16H59,16,MIÉRCOLES,3,FEBRERO,2,NO,C11,NO MANTENER LA DISTANCIA PRUDENCIAL CON RESPECTO AL VEHÍCULO QUE LE ANTECEDE.,COLISIÓN,AUTOMÓVIL,PARTICULAR,3,0,0,0,0,0,0,0,0,0,0,0,0,3,LICENCIA,36,MUJER,LESIONADO,CONDUCTOR,NO,NO
2023,DMQ00191022023,1,0,DMQ,-0.197848,-78.500091,17,PICHINCHA,1701,QUITO,170150,QUITO,AMERICA Y ALONSO DE MERCADILLO,ZONA 9,URBANA,ND,ND,ND,ND,8/2/2023,17:00:00,DE 17H00 A 17H59,17,MIÉRCOLES,3,FEBRERO,2,NO,C27,PEATÓN QUE CRUZA LA CALZADA SIN RESPETAR LA SEÑALIZACIÓN EXISTENTE (SEMÁFOROS O SEÑALES MANUALES).,ATROPELLOS,BUS,PÚBLICO,0,0,1,0,0,0,0,0,0,0,0,0,0,1,CÉDULA,24,MUJER,LESIONADO,PEATÓN,NO,NO
2023,CTE00125022023,0,0,CTE,-0.451944,-78.752778,17,PICHINCHA,1703,MEJIA,170355,MANUEL CORNEJO ASTORGA,RED VIAL ESTATAL E-20 KM 37+700 SENTIDO STO.DOMINGO-ALOAG.,ZONA 2,RURAL,331,ALOAG (OBELISCO) - TANDAPI,E20,ARTERIAL,8/2/2023,19:20:00,DE 19H00 A 19H59,19,MIÉRCOLES,3,FEBRERO,2,NO,C12,NO GUARDAR LA DISTANCIA LATERAL MÍNIMA DE SEGURIDAD ENTRE VEHÍCULOS.,ROZAMIENTOS,CAMIONETA,PARTICULAR,0,0,0,0,1,0,0,0,0,1,0,0,0,2,LICENCIA,-1,HOMBRE,ILESO,CONDUCTOR,NO,NO
2023,DMQ00197022023,1,1,DMQ,-0.245103,-78.501964,17,PICHINCHA,1701,QUITO,170150,QUITO,S5I Y UNION,ZONA 9,URBANA,ND,ND,ND,ND,9/2/2023,2:20:00,DE 02H00 A 02H59,2,JUEVES,4,FEBRERO,2,NO,C06,"CONDUCE BAJO LA INFLUENCIA DE ALCOHOL, SUSTANCIAS ESTUPEFACIENTES O PSICOTRÓPICAS Y/O MEDICAMENTOS.",ARROLLAMIENTOS,AUTOMÓVIL,PARTICULAR,1,0,0,0,0,0,0,0,0,0,0,0,0,1,CÉDULA,25,HOMBRE,FALLECIDO,PEATÓN,NO,NO
2023,PNE00062022023,1,0,PNE,-0.077339,-78.381972,17,PICHINCHA,1701,QUITO,170155,CALDERON (CARAPUNGO),E28B  NORTE    -  KM  9+900,ZONA 9,RURAL,ND,ND,ND,ND,9/2/2023,5:30:00,DE 05H00 A 05H59,5,JUEVES,4,FEBRERO,2,NO,C04,DAÑOS MECÁNICOS PREVISIBLES.,PÉRDIDA DE PISTA,CAMIÓN,PÚBLICO,0,0,0,1,0,0,0,0,0,0,0,0,0,1,LICENCIA,41,HOMBRE,LESIONADO,CONDUCTOR,NO,SI
2023,DMQ00198022023,1,0,DMQ,-0.191314,-78.488269,17,PICHINCHA,1701,QUITO,170150,QUITO,AMAZONAS Y MORENO BELLIDO,ZONA 9,URBANA,ND,ND,ND,ND,9/2/2023,7:05:00,DE 07H00 A 07H59,7,JUEVES,4,FEBRERO,2,NO,C25,NO CEDER EL DERECHO DE VÍA O PREFERENCIA DE PASO A VEHÍCULOS.,CHOQUE LATERAL,SCOOTER ELÉCTRICO,PARTICULAR,1,0,0,0,0,0,0,0,0,0,1,0,0,2,LICENCIA,44,MUJER,LESIONADO,CONDUCTOR,NO,NO
2023,CTE00132022023,0,0,CTE,-0.328471,-78.913499,17,PICHINCHA,1703,MEJIA,170355,MANUEL CORNEJO ASTORGA,RED VIAL ESTATAL E-20 SENTIDO  STO. DOMINGO-ALOAG,ZONA 2,RURAL,332,TANDAPI - LIMITE PROVINCIAL ENTRE PICHINCHA Y SANTO DOMINGO,E20,ARTERIAL,9/2/2023,8:20:00,DE 08H00 A 08H59,8,JUEVES,4,FEBRERO,2,NO,C01,"CASO FORTUITO O FUERZA MAYOR (EXPLOSIÓN DE NEUMÁTICO NUEVO, DERRUMBE, INUNDACIÓN, CAÍDA DE PUENTE, ÁRBOL, PRESENCIA INTEMPESTIVA E IMPREVISTA DE SEMOVIENTES EN LA VÍA, ETC.).",OTROS,NO IDENTIFICADO,PARTICULAR,0,0,0,0,0,0,0,0,0,1,0,0,0,1,NO IDENTIFICADO,-1,HOMBRE,NO IDENTIFICADO,CONDUCTOR,NO,NO
2023,DMQ00205022023,1,0,DMQ,-0.299471,-78.558748,17,PICHINCHA,1701,QUITO,170150,QUITO,MARISCAL SUCRE Y GUAYANAY ÑAN,ZONA 9,URBANA,ND,ND,ND,ND,9/2/2023,12:05:00,DE 12H00 A 12H59,12,JUEVES,4,FEBRERO,2,NO,C25,NO CEDER EL DERECHO DE VÍA O PREFERENCIA DE PASO A VEHÍCULOS.,CHOQUE LATERAL,MOTOCICLETA,PARTICULAR,1,0,0,0,0,0,0,0,1,0,0,0,0,2,LICENCIA,40,HOMBRE,LESIONADO,CONDUCTOR,NO,NO
2023,DMQ00208022023,1,0,DMQ,-0.178282,-78.478243,17,PICHINCHA,1701,QUITO,170150,QUITO,6 DE DICIEMBRE Y CALIFORNIA,ZONA 9,URBANA,ND,ND,ND,ND,9/2/2023,14:00:00,DE 14H00 A 14H59,14,JUEVES,4,FEBRERO,2,NO,C27,PEATÓN QUE CRUZA LA CALZADA SIN RESPETAR LA SEÑALIZACIÓN EXISTENTE (SEMÁFOROS O SEÑALES MANUALES).,ATROPELLOS,BUS,PÚBLICO,0,0,1,0,0,0,0,0,0,0,0,0,0,1,CÉDULA,43,MUJER,LESIONADO,PEATÓN,NO,NO
2023,DMQ00209022023,1,0,DMQ,-0.097493,-78.453261,17,PICHINCHA,1701,QUITO,170155,CALDERON (CARAPUNGO),PADRE LUIS VACCARI Y RIO GUAYAS,ZONA 9,RURAL,ND,ND,ND,ND,9/2/2023,14:40:00,DE 14H00 A 14H59,14,JUEVES,4,FEBRERO,2,NO,C27,PEATÓN QUE CRUZA LA CALZADA SIN RESPETAR LA SEÑALIZACIÓN EXISTENTE (SEMÁFOROS O SEÑALES MANUALES).,ATROPELLOS,FURGONETA,COMERCIAL,0,0,0,0,0,0,0,1,0,0,0,0,0,1,CÉDULA,11,HOMBRE,LESIONADO,PEATÓN,NO,NO
2023,DMQ00211022023,1,0,DMQ,-0.210647,-78.501024,17,PICHINCHA,1701,QUITO,170150,QUITO,10 DE AGOSTO Y BUENOS AIRES,ZONA 9,URBANA,ND,ND,ND,ND,9/2/2023,15:50:00,DE 15H00 A 15H59,15,JUEVES,4,FEBRERO,2,NO,C06,"CONDUCE BAJO LA INFLUENCIA DE ALCOHOL, SUSTANCIAS ESTUPEFACIENTES O PSICOTRÓPICAS Y/O MEDICAMENTOS.",CHOQUE LATERAL,MOTOCICLETA,PARTICULAR,1,0,0,0,0,0,0,0,1,0,0,0,0,2,LICENCIA,33,HOMBRE,LESIONADO,CONDUCTOR,NO,NO
2023,DMQ00216022023,0,0,DMQ,-0.222221,-78.467804,17,PICHINCHA,1701,QUITO,170150,QUITO,SIMON BOLIVAR Y IMPORTADORA CUÑAS,ZONA 9,RURAL,ND,ND,ND,ND,10/2/2023,0:45:00,DE 00H00 A 00H59,0,VIERNES,5,FEBRERO,2,NO,C09,CONDUCIR VEHÍCULO SUPERANDO LOS LÍMITES MÁXIMOS DE VELOCIDAD.,ESTRELLAMIENTOS,AUTOMÓVIL,PARTICULAR,1,0,0,0,0,0,0,0,0,0,0,0,0,1,NO IDENTIFICADO,-1,NO IDENTIFICADO,NO IDENTIFICADO,CONDUCTOR,NO,NO
2023,DMQ00219022023,1,1,DMQ,-0.207584,-78.503128,17,PICHINCHA,1701,QUITO,170150,QUITO,AMERICA Y CARACAS,ZONA 9,URBANA,ND,ND,ND,ND,10/2/2023,7:30:00,DE 07H00 A 07H59,7,VIERNES,5,FEBRERO,2,NO,C09,CONDUCIR VEHÍCULO SUPERANDO LOS LÍMITES MÁXIMOS DE VELOCIDAD.,ATROPELLOS,AUTOMÓVIL,COMERCIAL,2,0,0,0,0,0,0,0,0,0,0,0,0,2,CÉDULA,75,MUJER,FALLECIDO,PEATÓN,NO,NO
2023,DMQ00221022023,0,0,DMQ,-0.143638,-78.471206,17,PICHINCHA,1701,QUITO,170150,QUITO,ASUNOS Y N51,ZONA 9,URBANA,ND,ND,ND,ND,10/2/2023,8:08:00,DE 08H00 A 08H59,8,VIERNES,5,FEBRERO,2,NO,C25,NO CEDER EL DERECHO DE VÍA O PREFERENCIA DE PASO A VEHÍCULOS.,CHOQUE LATERAL,AUTOMÓVIL,PARTICULAR,2,0,0,0,0,0,0,0,0,0,0,0,0,2,LICENCIA,29,HOMBRE,ILESO,CONDUCTOR,NO,NO
2023,DMQ00224022023,0,0,DMQ,-0.180363,-78.504441,17,PICHINCHA,1701,QUITO,170150,QUITO,MARISCAL SUCRE Y MARIANA DE JESUS,ZONA 9,URBANA,ND,ND,ND,ND,10/2/2023,10:12:00,DE 10H00 A 10H59,10,VIERNES,5,FEBRERO,2,NO,C14,"CONDUCIR DESATENTO A LAS CONDICIONES DE TRÁNSITO (CELULAR, PANTALLAS DE VIDEO, COMIDA, MAQUILLAJE O CUALQUIER OTRO ELEMENTO DISTRACTOR).",ROZAMIENTOS,AUTOMÓVIL,PARTICULAR,2,0,0,0,0,0,0,0,0,0,0,0,0,2,LICENCIA,19,HOMBRE,ILESO,CONDUCTOR,NO,NO
2023,DMQ00226022023,0,0,DMQ,-0.203753,-78.483084,17,PICHINCHA,1701,QUITO,170150,QUITO,12 DE OCTUBRE Y CORUÑA,ZONA 9,URBANA,ND,ND,ND,ND,10/2/2023,11:30:00,DE 11H00 A 11H59,11,VIERNES,5,FEBRERO,2,NO,C12,NO GUARDAR LA DISTANCIA LATERAL MÍNIMA DE SEGURIDAD ENTRE VEHÍCULOS.,ROZAMIENTOS,CAMIÓN,CUENTA PROPIA,1,0,0,1,0,0,0,0,0,0,0,0,0,2,LICENCIA,55,HOMBRE,ILESO,CONDUCTOR,NO,NO
2023,MEP00227022023,0,0,MEP,0.048546,-78.200871,17,PICHINCHA,1704,PEDRO MONCAYO,170450,TABACUNDO,CALLE 23 DE NOVIEMBRE EL PIMAN,ZONA 2,RURAL,69,TABACUNDO - CAJAS,E282,COLECTORA,10/2/2023,11:30:00,DE 11H00 A 11H59,11,VIERNES,5,FEBRERO,2,NO,C23,"NO RESPETAR LAS SEÑALES REGLAMENTARIAS DE TRÁNSITO. (PARE, CEDA EL PASO, LUZ ROJA DEL SEMAFORO, ETC).",CHOQUE FRONTAL,CAMIÓN,COMERCIAL,0,0,0,1,1,0,0,0,0,0,0,0,0,2,LICENCIA,39,HOMBRE,ILESO,CONDUCTOR,NO,SI
2023,DMQ00229022023,9,0,DMQ,-0.244482,-78.533672,17,PICHINCHA,1701,QUITO,170150,QUITO,MARISCAL SUCRE Y ILLESCAS,ZONA 9,URBANA,ND,ND,ND,ND,10/2/2023,11:50:00,DE 11H00 A 11H59,11,VIERNES,5,FEBRERO,2,NO,C23,"NO RESPETAR LAS SEÑALES REGLAMENTARIAS DE TRÁNSITO. (PARE, CEDA EL PASO, LUZ ROJA DEL SEMAFORO, ETC).",OTROS,BUS,PÚBLICO,2,0,1,1,2,0,0,0,0,0,0,0,0,6,CÉDULA,67,HOMBRE,LESIONADO,PASAJERO,NO,NO
2023,DMQ00231022023,0,0,DMQ,-0.310138,-78.568401,17,PICHINCHA,1701,QUITO,170150,QUITO,S46 Y OE9G,ZONA 9,URBANA,ND,ND,ND,ND,10/2/2023,17:00:00,DE 17H00 A 17H59,17,VIERNES,5,FEBRERO,2,NO,C06,"CONDUCE BAJO LA INFLUENCIA DE ALCOHOL, SUSTANCIAS ESTUPEFACIENTES O PSICOTRÓPICAS Y/O MEDICAMENTOS.",CHOQUE LATERAL,MOTOCICLETA,PARTICULAR,1,0,0,0,0,0,0,0,1,0,0,0,0,2,LICENCIA,26,HOMBRE,ILESO,CONDUCTOR,NO,NO
2023,DMQ00232022023,2,0,DMQ,-0.227083,-78.510405,17,PICHINCHA,1701,QUITO,170150,QUITO,VICENTE ROCAFUERTE Y E2D,ZONA 9,URBANA,ND,ND,ND,ND,10/2/2023,18:30:00,DE 18H00 A 18H59,18,VIERNES,5,FEBRERO,2,NO,C16,NO TRANSITAR POR LAS ACERAS O ZONAS DE SEGURIDAD DESTINADAS PARA EL EFECTO.,ATROPELLOS,MOTOCICLETA,PARTICULAR,0,0,0,0,0,0,0,0,1,0,0,0,0,1,CÉDULA,75,HOMBRE,LESIONADO,PEATÓN,NO,NO
2023,DMQ00233022023,0,0,DMQ,-0.209224,-78.518368,17,PICHINCHA,1701,QUITO,170150,QUITO,GUATEMALA Y FRAY JOSE YEPEZ,ZONA 9,URBANA,ND,ND,ND,ND,10/2/2023,19:20:00,DE 19H00 A 19H59,19,VIERNES,5,FEBRERO,2,NO,C25,NO CEDER EL DERECHO DE VÍA O PREFERENCIA DE PASO A VEHÍCULOS.,CHOQUE LATERAL,MOTOCICLETA,PARTICULAR,0,0,0,0,0,0,0,0,2,0,0,0,0,2,CÉDULA,31,HOMBRE,ILESO,PASAJERO,NO,NO
2023,DMQ00236022023,3,0,DMQ,-0.184672,-78.490828,17,PICHINCHA,1701,QUITO,170150,QUITO,10 DE AGOSTO Y JUAN BAYAS,ZONA 9,URBANA,ND,ND,ND,ND,10/2/2023,20:00:00,DE 20H00 A 20H59,20,VIERNES,5,FEBRERO,2,NO,C07,"PEATÓN TRANSITA BAJO INFLUENCIA DE ALCOHOL, SUSTANCIAS ESTUPEFACIENTES O PSICOTRÓPICAS Y/O MEDICAMENTOS.",ATROPELLOS,MOTOCICLETA,PARTICULAR,0,0,0,0,0,0,0,0,1,0,0,0,0,1,CÉDULA,23,HOMBRE,LESIONADO,PEATÓN,NO,NO
2023,DMQ00237022023,0,0,DMQ,-0.239654,-78.492949,17,PICHINCHA,1701,QUITO,170150,QUITO,SIMON BOLIVAR Y JOAQUIN GALARZA,ZONA 9,URBANA,ND,ND,ND,ND,10/2/2023,20:50:00,DE 20H00 A 20H59,20,VIERNES,5,FEBRERO,2,NO,C09,CONDUCIR VEHÍCULO SUPERANDO LOS LÍMITES MÁXIMOS DE VELOCIDAD.,ESTRELLAMIENTOS,CAMIONETA,PARTICULAR,0,0,0,0,1,0,0,0,0,0,0,0,0,1,NO IDENTIFICADO,-1,NO IDENTIFICADO,NO IDENTIFICADO,CONDUCTOR,NO,NO
2023,DMQ00238022023,2,0,DMQ,-0.161957,-78.483194,17,PICHINCHA,1701,QUITO,170150,QUITO,AMAZONAS Y RIO COCA,ZONA 9,URBANA,ND,ND,ND,ND,10/2/2023,20:55:00,DE 20H00 A 20H59,20,VIERNES,5,FEBRERO,2,NO,C06,"CONDUCE BAJO LA INFLUENCIA DE ALCOHOL, SUSTANCIAS ESTUPEFACIENTES O PSICOTRÓPICAS Y/O MEDICAMENTOS.",CHOQUE LATERAL,MOTOCICLETA,GOBIERNOS SECCIONALES,0,0,0,0,0,0,0,0,2,0,0,0,0,2,LICENCIA,31,HOMBRE,LESIONADO,CONDUCTOR,SI,NO
2023,DMQ00239022023,0,0,DMQ,-0.231088,-78.538742,17,PICHINCHA,1701,QUITO,170150,QUITO,CHAVEZ PUGRU Y ARENILLAS,ZONA 9,URBANA,ND,ND,ND,ND,10/2/2023,21:05:00,DE 21H00 A 21H59,21,VIERNES,5,FEBRERO,2,NO,C09,CONDUCIR VEHÍCULO SUPERANDO LOS LÍMITES MÁXIMOS DE VELOCIDAD.,ESTRELLAMIENTOS,CAMIONETA,PARTICULAR,0,0,0,0,1,0,0,0,0,0,0,0,0,1,NO IDENTIFICADO,-1,NO IDENTIFICADO,NO IDENTIFICADO,CONDUCTOR,NO,NO
2023,DMQ00240022023,1,0,DMQ,-0.096536,-78.480482,17,PICHINCHA,1701,QUITO,170150,QUITO,MARIANO PAREDES Y TADEO BENITEZ,ZONA 9,URBANA,ND,ND,ND,ND,10/2/2023,21:25:00,DE 21H00 A 21H59,21,VIERNES,5,FEBRERO,2,NO,C11,NO MANTENER LA DISTANCIA PRUDENCIAL CON RESPECTO AL VEHÍCULO QUE LE ANTECEDE.,CHOQUE POSTERIOR,AUTOMÓVIL,PARTICULAR,2,0,0,0,0,0,0,0,0,0,0,0,0,2,LICENCIA,32,HOMBRE,LESIONADO,CONDUCTOR,NO,NO
2023,DMQ00244022023,2,0,DMQ,-0.240917,-78.524936,17,PICHINCHA,1701,QUITO,170150,QUITO,GENERAL EPLICACHIMA Y JAMBELI,ZONA 9,URBANA,ND,ND,ND,ND,11/2/2023,2:30:00,DE 02H00 A 02H59,2,SÁBADO,6,FEBRERO,2,NO,C09,CONDUCIR VEHÍCULO SUPERANDO LOS LÍMITES MÁXIMOS DE VELOCIDAD.,PÉRDIDA DE CARRIL,MOTOCICLETA,PARTICULAR,0,0,0,0,0,0,0,0,1,0,0,0,0,1,CÉDULA,35,HOMBRE,LESIONADO,PASAJERO,NO,NO
2023,DMQ00247022023,1,0,DMQ,-0.317732,-78.471877,17,PICHINCHA,1701,QUITO,170156,CONOCOTO,CHILLO JIJON Y DENTRO DE LOS CONJUNTOS TERRANOVA,ZONA 9,RURAL,ND,ND,ND,ND,11/2/2023,5:30:00,DE 05H00 A 05H59,5,SÁBADO,6,FEBRERO,2,NO,C09,CONDUCIR VEHÍCULO SUPERANDO LOS LÍMITES MÁXIMOS DE VELOCIDAD.,PÉRDIDA DE CARRIL,NO IDENTIFICADO,PARTICULAR,0,0,0,0,0,0,0,0,0,1,0,0,0,1,LICENCIA,22,HOMBRE,LESIONADO,CONDUCTOR,NO,NO
2023,DMQ00248022023,0,1,DMQ,-0.303766,-78.544951,17,PICHINCHA,1701,QUITO,170150,QUITO,OTOYA ÑAN Y GUAYANAY ÑAN,ZONA 9,URBANA,ND,ND,ND,ND,11/2/2023,8:20:00,DE 08H00 A 08H59,8,SÁBADO,6,FEBRERO,2,NO,C06,"CONDUCE BAJO LA INFLUENCIA DE ALCOHOL, SUSTANCIAS ESTUPEFACIENTES O PSICOTRÓPICAS Y/O MEDICAMENTOS.",OTROS,CAMIONETA,PARTICULAR,2,0,0,0,1,0,0,0,0,0,0,0,0,3,CÉDULA,45,HOMBRE,FALLECIDO,PEATÓN,NO,NO
2023,DMQ00253022023,0,0,DMQ,-0.312201,-78.542491,17,PICHINCHA,1701,QUITO,170150,QUITO,LA COCHA Y E2B,ZONA 9,URBANA,ND,ND,ND,ND,11/2/2023,16:10:00,DE 16H00 A 16H59,16,SÁBADO,6,FEBRERO,2,NO,C09,CONDUCIR VEHÍCULO SUPERANDO LOS LÍMITES MÁXIMOS DE VELOCIDAD.,OTROS,AUTOMÓVIL,PARTICULAR,1,0,0,0,0,0,0,0,0,0,0,0,0,1,NO IDENTIFICADO,-1,NO IDENTIFICADO,NO IDENTIFICADO,CONDUCTOR,NO,NO
2023,CTE00167022023,0,0,CTE,-0.446083,-78.745889,17,PICHINCHA,1703,MEJIA,170355,MANUEL CORNEJO ASTORGA,RED VIAL ESTATAL E-20 KM 36+280 ALOAG SANTO DOMINGO,ZONA 2,RURAL,331,ALOAG (OBELISCO) - TANDAPI,E20,ARTERIAL,11/2/2023,17:15:00,DE 17H00 A 17H59,17,SÁBADO,6,FEBRERO,2,NO,C14,"CONDUCIR DESATENTO A LAS CONDICIONES DE TRÁNSITO (CELULAR, PANTALLAS DE VIDEO, COMIDA, MAQUILLAJE O CUALQUIER OTRO ELEMENTO DISTRACTOR).",PÉRDIDA DE CARRIL,CAMIONETA,PARTICULAR,1,0,0,0,1,0,0,0,0,0,0,0,0,2,LICENCIA,-1,HOMBRE,ILESO,CONDUCTOR,NO,NO
2023,DMQ00256022023,1,0,DMQ,-0.283181,-78.559627,17,PICHINCHA,1701,QUITO,170150,QUITO,RAMON CABRERA Y JOAQUIN RUALES,ZONA 9,URBANA,ND,ND,ND,ND,11/2/2023,18:20:00,DE 18H00 A 18H59,18,SÁBADO,6,FEBRERO,2,NO,C01,"CASO FORTUITO O FUERZA MAYOR (EXPLOSIÓN DE NEUMÁTICO NUEVO, DERRUMBE, INUNDACIÓN, CAÍDA DE PUENTE, ÁRBOL, PRESENCIA INTEMPESTIVA E IMPREVISTA DE SEMOVIENTES EN LA VÍA, ETC.).",CHOQUE LATERAL,NO IDENTIFICADO,PARTICULAR,0,0,0,0,0,0,0,0,0,2,0,0,0,2,CÉDULA,24,MUJER,LESIONADO,PASAJERO,NO,NO