ANIO,SINIESTROS,LESIONADOS,FALLECIDOS,ENTE_DE_CONTROL,LATITUD_Y,LONGITUD_X,DPA_1,PROVINCIA,DPA_2,CANTON,DPA_3,PARROQUIA,DIRECCION,ZONA_PLANIFICACION,ZONA,ID_DE_LA_VIA,NOMBRE_DE_LA_VIA,UBICACION_DE_LA_VIA,JERARQUIA_DE_LA_VIA,FECHA,HORA,PERIODO_1,PERIODO_2,DIA_1,DIA_2,MES_1,MES_2,FERIADO,CODIGO_CAUSA,CAUSA_PROBABLE,TIPO_DE_SINIESTRO,TIPO_DE_VEHICULO_1,SERVICIO_1,AUTOMOVIL,BICICLETA,BUS,CAMION,CAMIONETA,EMERGENCIAS,ESPECIAL,FURGONETA,MOTOCICLETA,NO_IDENTIFICADO,SCOOTER_ELECTRICO,TRICIMOTO,VEHICULO_DEPORTIVO_UTILITARIO,SUMA_DE_VEHICULOS,TIPO_ID_1,EDAD_1,SEXO_1,CONDICION_1,PARTICIPANTE_1,CASCO_1,CINTURON_1
2023,PNE00076022023,1,0,PNE,-0.301839,-78.457093,17,PICHINCHA,1705,RUMIÑAHUI,170550,SANGOLQUI,AV.  GRAL.  RUMINAHUI  -  ISLA  GENOVESA,ZONA 2,RURAL,ND,ND,ND,ND,11/2/2023,19:30:00,DE 19H00 A 19H59,19,SÁBADO,6,FEBRERO,2,NO,C14,"CONDUCIR DESATENTO A LAS CONDICIONES DE TRÁNSITO (CELULAR, PANTALLAS DE VIDEO, COMIDA, MAQUILLAJE O CUALQUIER OTRO ELEMENTO DISTRACTOR).",ARROLLAMIENTOS,AUTOMÓVIL,PARTICULAR,1,0,0,0,0,0,0,0,0,0,0,0,0,1,NO IDENTIFICADO,43,HOMBRE,LESIONADO,PEATÓN,NO,SI
2023,DMQ00258022023,1,0,DMQ,-0.310195,-78.552234,17,PICHINCHA,1701,QUITO,170150,QUITO,QUITUMBE ÑAN Y S46,ZONA 9,URBANA,ND,ND,ND,ND,11/2/2023,20:00:00,DE 20H00 A 20H59,20,SÁBADO,6,FEBRERO,2,NO,C06,"CONDUCE BAJO LA INFLUENCIA DE ALCOHOL, SUSTANCIAS ESTUPEFACIENTES O PSICOTRÓPICAS Y/O MEDICAMENTOS.",OTROS,MOTOCICLETA,PARTICULAR,1,0,0,0,0,0,0,0,1,0,0,0,0,2,LICENCIA,43,HOMBRE,LESIONADO,CONDUCTOR,NO,NO
2023,DMQ00259022023,0,1,DMQ,-0.250288,-78.503251,17,PICHINCHA,1701,QUITO,170150,QUITO,SIMON BOLIVAR Y PASAJE ISABEL SAMANIEGO,ZONA 9,URBANA,ND,ND,ND,ND,11/2/2023,21:40:00,DE 21H00 A 21H59,21,SÁBADO,6,FEBRERO,2,NO,C09,CONDUCIR VEHÍCULO SUPERANDO LOS LÍMITES MÁXIMOS DE VELOCIDAD.,CHOQUE LATERAL,MOTOCICLETA,PARTICULAR,0,0,0,0,0,0,0,0,1,1,0,0,0,2,NO IDENTIFICADO,36,HOMBRE,FALLECIDO,CONDUCTOR,NO,NO
2023,DMQ00260022023,0,1,DMQ,-0.216801,-78.518591,17,PICHINCHA,1701,QUITO,170150,QUITO,MARISCAL SUCRE Y 24 DE MAYO,ZONA 9,URBANA,ND,ND,ND,ND,11/2/2023,22:30:00,DE 22H00 A 22H59,22,SÁBADO,6,FEBRERO,2,NO,C09,CONDUCIR VEHÍCULO SUPERANDO LOS LÍMITES MÁXIMOS DE VELOCIDAD.,PÉRDIDA DE CARRIL,MOTOCICLETA,PARTICULAR,0,0,0,0,0,0,0,0,1,0,0,0,0,1,LICENCIA,37,HOMBRE,FALLECIDO,CONDUCTOR,NO,NO
2023,DMQ00261022023,0,0,DMQ,-0.072876,-78.422554,17,PICHINCHA,1701,QUITO,170155,CALDERON (CARAPUNGO),FRANCISCO ALBORNOZ Y AGUSTIN GUERRERO,ZONA 9,RURAL,ND,ND,ND,ND,11/2/2023,23:30:00,DE 23H00 A 23H59,23,SÁBADO,6,FEBRERO,2,NO,C03,"CONDUCIR EN ESTADO DE SOMNOLENCIA O MALAS CONDICIONES FÍSICAS (SUEÑO, CANSANCIO Y FATIGA).",ESTRELLAMIENTOS,AUTOMÓVIL,PARTICULAR,1,0,0,0,0,0,0,0,0,0,0,0,0,1,LICENCIA,32,MUJER,ILESO,CONDUCTOR,NO,NO
2023,DMQ00262022023,0,0,DMQ,-0.133443,-78.494057,17,PICHINCHA,1701,QUITO,170150,QUITO,PRENSA Y FERNANDEZ SALVADOR,ZONA 9,URBANA,ND,ND,ND,ND,12/2/2023,0:01:00,DE 00H00 A 00H59,0,DOMINGO,7,FEBRERO,2,NO,C25,NO CEDER EL DERECHO DE VÍA O PREFERENCIA DE PASO A VEHÍCULOS.,CHOQUE LATERAL,AUTOMÓVIL,COMERCIAL,2,0,0,0,0,0,0,0,0,0,0,0,0,2,LICENCIA,48,HOMBRE,ILESO,CONDUCTOR,NO,NO
2023,DMQ00263022023,1,0,DMQ,-0.214601,-78.516332,17,PICHINCHA,1701,QUITO,170150,QUITO,MEJIA Y JOSE LOPEZ,ZONA 9,URBANA,ND,ND,ND,ND,12/2/2023,0:05:00,DE 00H00 A 00H59,0,DOMINGO,7,FEBRERO,2,NO,C09,CONDUCIR VEHÍCULO SUPERANDO LOS LÍMITES MÁXIMOS DE VELOCIDAD.,VOLCAMIENTOS,MOTOCICLETA,PARTICULAR,0,0,0,0,0,0,0,0,1,0,0,0,0,1,CÉDULA,36,HOMBRE,LESIONADO,PASAJERO,NO,NO
2023,DMQ00265022023,2,0,DMQ,-0.106504,-78.476517,17,PICHINCHA,1701,QUITO,170150,QUITO,GALO PLAZA LASSO Y SEBASTIAN MORENO,ZONA 9,URBANA,ND,ND,ND,ND,12/2/2023,1:30:00,DE 01H00 A 01H59,1,DOMINGO,7,FEBRERO,2,NO,C06,"CONDUCE BAJO LA INFLUENCIA DE ALCOHOL, SUSTANCIAS ESTUPEFACIENTES O PSICOTRÓPICAS Y/O MEDICAMENTOS.",COLISIÓN,AUTOMÓVIL,PARTICULAR,3,0,0,0,0,0,0,0,0,0,0,0,0,3,CÉDULA,48,MUJER,LESIONADO,PASAJERO,NO,NO
2023,DMQ00266022023,0,1,DMQ,-0.221062,-78.422051,17,PICHINCHA,1701,QUITO,170184,TUMBACO,RUTA VIVA Y INTERVALLES,ZONA 9,RURAL,ND,ND,ND,ND,12/2/2023,2:00:00,DE 02H00 A 02H59,2,DOMINGO,7,FEBRERO,2,NO,C06,"CONDUCE BAJO LA INFLUENCIA DE ALCOHOL, SUSTANCIAS ESTUPEFACIENTES O PSICOTRÓPICAS Y/O MEDICAMENTOS.",CHOQUE FRONTAL,AUTOMÓVIL,PARTICULAR,2,0,0,0,0,0,0,0,0,0,0,0,0,2,LICENCIA,32,HOMBRE,FALLECIDO,CONDUCTOR,NO,NO
2023,PNE00078022023,0,1,PNE,-0.449411,-78.585734,17,PICHINCHA,1703,MEJIA,170351,ALOAG,AV.  AMAZOANAS  -  ANTONIO  BENITEZ,ZONA 2,URBANA,ND,ND,ND,ND,12/2/2023,3:45:00,DE 03H00 A 03H59,3,DOMINGO,7,FEBRERO,2,NO,C09,CONDUCIR VEHÍCULO SUPERANDO LOS LÍMITES MÁXIMOS DE VELOCIDAD.,CHOQUE POSTERIOR,NO IDENTIFICADO,PARTICULAR,0,0,0,0,0,0,0,0,0,1,0,0,0,1,CÉDULA,20,MUJER,FALLECIDO,PASAJERO,NO,SI
2023,PNE00079022023,1,1,PNE,-0.294224,-78.462731,17,PICHINCHA,1701,QUITO,170156,CONOCOTO,AV.  GNRL.  RUMINAHUI  -  GEOVANNI  FARINA,ZONA 9,RURAL,ND,ND,ND,ND,12/2/2023,6:00:00,DE 06H00 A 06H59,6,DOMINGO,7,FEBRERO,2,NO,C21,MALAS CONDICIONES DE LA VÍA Y/O CONFIGURACIÓN. (ILUMINACIÓN Y DISEÑO).,ESTRELLAMIENTOS,MOTOCICLETA,PARTICULAR,0,0,0,0,0,0,0,0,1,0,0,0,0,1,NO IDENTIFICADO,27,HOMBRE,FALLECIDO,CONDUCTOR,NO,SI
2023,DMQ00270022023,0,0,DMQ,-0.141041,-78.500822,17,PICHINCHA,1701,QUITO,170150,QUITO,MARISCAL SUCRE Y CESAR VILLACRES,ZONA 9,URBANA,ND,ND,ND,ND,12/2/2023,6:45:00,DE 06H00 A 06H59,6,DOMINGO,7,FEBRERO,2,NO,C09,CONDUCIR VEHÍCULO SUPERANDO LOS LÍMITES MÁXIMOS DE VELOCIDAD.,OTROS,AUTOMÓVIL,PARTICULAR,1,0,0,0,0,0,0,0,0,0,0,0,0,1,NO IDENTIFICADO,-1,NO IDENTIFICADO,NO IDENTIFICADO,CONDUCTOR,NO,NO
2023,DMQ00273022023,2,0,DMQ,-0.210613,-78.514185,17,PICHINCHA,1701,QUITO,170150,QUITO,GUATEMALA Y AUGUSTO MARTINEZ,ZONA 9,URBANA,ND,ND,ND,ND,12/2/2023,8:20:00,DE 08H00 A 08H59,8,DOMINGO,7,FEBRERO,2,NO,C09,CONDUCIR VEHÍCULO SUPERANDO LOS LÍMITES MÁXIMOS DE VELOCIDAD.,CHOQUE LATERAL,MOTOCICLETA,PARTICULAR,1,0,0,0,0,0,0,0,1,0,0,0,0,2,CÉDULA,16,HOMBRE,LESIONADO,PASAJERO,NO,NO
2023,DMQ00275022023,0,0,DMQ,-0.256269,-78.511862,17,PICHINCHA,1701,QUITO,170150,QUITO,NARIZ DEL DIABLO Y CHARLES LEE,ZONA 9,URBANA,ND,ND,ND,ND,12/2/2023,10:05:00,DE 10H00 A 10H59,10,DOMINGO,7,FEBRERO,2,NO,C06,"CONDUCE BAJO LA INFLUENCIA DE ALCOHOL, SUSTANCIAS ESTUPEFACIENTES O PSICOTRÓPICAS Y/O MEDICAMENTOS.",ESTRELLAMIENTOS,AUTOMÓVIL,PARTICULAR,2,0,0,0,0,0,0,0,0,0,0,0,0,2,LICENCIA,33,HOMBRE,ILESO,CONDUCTOR,NO,NO
2023,PNE00082022023,0,1,PNE,-0.050388,-78.285627,17,PICHINCHA,1701,QUITO,170163,GUAYLLABAMBA,E35    -  15  JUNIO,ZONA 9,RURAL,62,CUSUBAMBA - PIFO,E35,ARTERIAL,12/2/2023,11:00:00,DE 11H00 A 11H59,11,DOMINGO,7,FEBRERO,2,NO,C14,"CONDUCIR DESATENTO A LAS CONDICIONES DE TRÁNSITO (CELULAR, PANTALLAS DE VIDEO, COMIDA, MAQUILLAJE O CUALQUIER OTRO ELEMENTO DISTRACTOR).",CHOQUE POSTERIOR,MOTOCICLETA,PARTICULAR,0,0,0,0,0,0,0,0,1,0,0,0,0,1,LICENCIA,30,HOMBRE,FALLECIDO,CONDUCTOR,NO,SI
2023,DMQ00281022023,0,0,DMQ,-0.112796,-78.497707,17,PICHINCHA,1701,QUITO,170150,QUITO,GENERAL JOSE MARIA GUERRERO Y IGNACIO DE LOYOLA,ZONA 9,URBANA,ND,ND,ND,ND,12/2/2023,15:50:00,DE 15H00 A 15H59,15,DOMINGO,7,FEBRERO,2,NO,C09,CONDUCIR VEHÍCULO SUPERANDO LOS LÍMITES MÁXIMOS DE VELOCIDAD.,OTROS,AUTOMÓVIL,PARTICULAR,1,0,0,0,0,0,0,0,0,0,0,0,0,1,NO IDENTIFICADO,-1,NO IDENTIFICADO,NO IDENTIFICADO,CONDUCTOR,NO,NO
2023,DMQ00282022023,0,0,DMQ,-0.214844,-78.441412,17,PICHINCHA,1701,QUITO,170157,CUMBAYA,RUTA VIVA Y ALFONSO LAMIÑA,ZONA 9,RURAL,ND,ND,ND,ND,12/2/2023,16:05:00,DE 16H00 A 16H59,16,DOMINGO,7,FEBRERO,2,NO,C09,CONDUCIR VEHÍCULO SUPERANDO LOS LÍMITES MÁXIMOS DE VELOCIDAD.,ESTRELLAMIENTOS,CAMIONETA,PARTICULAR,0,0,0,0,1,0,0,0,0,0,0,0,0,1,NO IDENTIFICADO,-1,NO IDENTIFICADO,NO IDENTIFICADO,CONDUCTOR,NO,NO
2023,DMQ00284022023,1,0,DMQ,-0.146908,-78.446101,17,PICHINCHA,1701,QUITO,170186,ZAMBIZA,SIMON BOLIVAR Y PUENTE PEATONAL 11 DE FEBRERO,ZONA 9,RURAL,ND,ND,ND,ND,12/2/2023,17:10:00,DE 17H00 A 17H59,17,DOMINGO,7,FEBRERO,2,NO,C06,"CONDUCE BAJO LA INFLUENCIA DE ALCOHOL, SUSTANCIAS ESTUPEFACIENTES O PSICOTRÓPICAS Y/O MEDICAMENTOS.",CHOQUE POSTERIOR,BUS,PÚBLICO,1,0,1,0,0,0,0,0,0,0,0,0,0,2,CÉDULA,25,MUJER,LESIONADO,PASAJERO,NO,NO
2023,CTE00200022023,0,0,CTE,-0.441464,-78.732862,17,PICHINCHA,1703,MEJIA,170355,MANUEL CORNEJO ASTORGA,"RED. ESTATAL E-20 KM. 37+477, SENTIDO ALOAG	 HACIA TANDAPI Y VICEVERSA. LAT.:-0.452043° LONG.:-78.752660°",ZONA 2,RURAL,331,ALOAG (OBELISCO) - TANDAPI,E20,ARTERIAL,12/2/2023,18:03:00,DE 18H00 A 18H59,18,DOMINGO,7,FEBRERO,2,NO,C14,"CONDUCIR DESATENTO A LAS CONDICIONES DE TRÁNSITO (CELULAR, PANTALLAS DE VIDEO, COMIDA, MAQUILLAJE O CUALQUIER OTRO ELEMENTO DISTRACTOR).",PÉRDIDA DE CARRIL,CAMIONETA,PARTICULAR,0,0,0,0,2,0,0,0,0,0,0,0,0,2,LICENCIA,45,HOMBRE,ILESO,CONDUCTOR,NO,NO
2023,DMQ00285022023,0,0,DMQ,-0.158221,-78.489079,17,PICHINCHA,1701,QUITO,170150,QUITO,ELIA LIUT Y BRASIL,ZONA 9,URBANA,ND,ND,ND,ND,12/2/2023,18:20:00,DE 18H00 A 18H59,18,DOMINGO,7,FEBRERO,2,NO,C23,"NO RESPETAR LAS SEÑALES REGLAMENTARIAS DE TRÁNSITO. (PARE, CEDA EL PASO, LUZ ROJA DEL SEMAFORO, ETC).",OTROS,MOTOCICLETA,PARTICULAR,0,0,0,0,0,0,0,0,1,0,0,0,0,1,NO IDENTIFICADO,-1,NO IDENTIFICADO,NO IDENTIFICADO,CONDUCTOR,NO,NO
2023,PNE00084022023,0,0,PNE,-0.323071,-78.490291,17,PICHINCHA,1701,QUITO,170156,CONOCOTO,E28B    -  KM  2+720,ZONA 9,RURAL,ND,ND,ND,ND,12/2/2023,20:00:00,DE 20H00 A 20H59,20,DOMINGO,7,FEBRERO,2,NO,C06,"CONDUCE BAJO LA INFLUENCIA DE ALCOHOL, SUSTANCIAS ESTUPEFACIENTES O PSICOTRÓPICAS Y/O MEDICAMENTOS.",COLISIÓN,VEHÍCULO DEPORTIVO UTILITARIO,PARTICULAR,2,0,0,0,0,0,0,0,0,0,0,0,1,3,LICENCIA,41,HOMBRE,ILESO,CONDUCTOR,NO,SI
2023,DMQ00289022023,1,0,DMQ,-0.296094,-78.409309,17,PICHINCHA,1701,QUITO,170164,LA MERCED,CESAR ENRIQUE BALSECA Y LUIS RIVADENERIA,ZONA 9,RURAL,ND,ND,ND,ND,12/2/2023,21:00:00,DE 21H00 A 21H59,21,DOMINGO,7,FEBRERO,2,NO,C23,"NO RESPETAR LAS SEÑALES REGLAMENTARIAS DE TRÁNSITO. (PARE, CEDA EL PASO, LUZ ROJA DEL SEMAFORO, ETC).",CHOQUE LATERAL,CAMIÓN,CUENTA PROPIA,0,0,0,1,1,0,0,0,0,0,0,0,0,2,LICENCIA,28,HOMBRE,LESIONADO,CONDUCTOR,NO,NO
2023,DMQ00290022023,1,0,DMQ,-0.288743,-78.524358,17,PICHINCHA,1701,QUITO,170150,QUITO,MORAN VALVERDE Y SIMON BOLIVAR,ZONA 9,URBANA,ND,ND,ND,ND,12/2/2023,21:00:00,DE 21H00 A 21H59,21,DOMINGO,7,FEBRERO,2,NO,C23,"NO RESPETAR LAS SEÑALES REGLAMENTARIAS DE TRÁNSITO. (PARE, CEDA EL PASO, LUZ ROJA DEL SEMAFORO, ETC).",OTROS,NO IDENTIFICADO,PARTICULAR,0,0,0,0,0,0,0,0,0,2,0,0,0,2,LICENCIA,28,HOMBRE,LESIONADO,CONDUCTOR,NO,NO
2023,DMQ00295022023,0,0,DMQ,-0.264109,-78.521029,17,PICHINCHA,1701,QUITO,170150,QUITO,RAMON CAMPAÑA Y FRANCISCO ARCIA,ZONA 9,URBANA,ND,ND,ND,ND,13/02/2023,5:45:00,DE 05H00 A 05H59,5,LUNES,1,FEBRERO,2,NO,C09,CONDUCIR VEHÍCULO SUPERANDO LOS LÍMITES MÁXIMOS DE VELOCIDAD.,ESTRELLAMIENTOS,AUTOMÓVIL,PARTICULAR,1,0,0,0,0,0,0,0,0,0,0,0,0,1,NO IDENTIFICADO,-1,NO IDENTIFICADO,NO IDENTIFICADO,CONDUCTOR,NO,NO
2023,DMQ00296022023,0,0,DMQ,-0.295114,-78.548844,17,PICHINCHA,1701,QUITO,170150,QUITO,QUITUMBE ÑAN Y PACHAMAMA,ZONA 9,URBANA,ND,ND,ND,ND,13/02/2023,6:30:00,DE 06H00 A 06H59,6,LUNES,1,FEBRERO,2,NO,C11,NO MANTENER LA DISTANCIA PRUDENCIAL CON RESPECTO AL VEHÍCULO QUE LE ANTECEDE.,CHOQUE POSTERIOR,FURGONETA,COMERCIAL,1,0,0,0,0,0,0,1,0,0,0,0,0,2,LICENCIA,69,HOMBRE,ILESO,CONDUCTOR,NO,NO
2023,DMQ00297022023,0,0,DMQ,-0.283148,-78.470701,17,PICHINCHA,1701,QUITO,170156,CONOCOTO,LOLA QUINTANA Y AUTOPISTA GENERAL RUMIÑAHUI,ZONA 9,RURAL,ND,ND,ND,ND,13/02/2023,6:30:00,DE 06H00 A 06H59,6,LUNES,1,FEBRERO,2,NO,C09,CONDUCIR VEHÍCULO SUPERANDO LOS LÍMITES MÁXIMOS DE VELOCIDAD.,CHOQUE LATERAL,CAMIONETA,PARTICULAR,1,0,0,0,1,0,0,0,0,0,0,0,0,2,LICENCIA,50,HOMBRE,ILESO,CONDUCTOR,NO,NO
2023,DMQ00298022023,0,0,DMQ,-0.219635,-78.506749,17,PICHINCHA,1701,QUITO,170150,QUITO,PICHINCHA Y ESMERALDAS,ZONA 9,URBANA,ND,ND,ND,ND,13/02/2023,6:55:00,DE 06H00 A 06H59,6,LUNES,1,FEBRERO,2,NO,C11,NO MANTENER LA DISTANCIA PRUDENCIAL CON RESPECTO AL VEHÍCULO QUE LE ANTECEDE.,CHOQUE POSTERIOR,BUS,PÚBLICO,0,0,1,0,0,0,0,1,0,0,0,0,0,2,LICENCIA,60,HOMBRE,ILESO,CONDUCTOR,NO,NO
2023,DMQ00302022023,0,0,DMQ,-0.141287,-78.500916,17,PICHINCHA,1701,QUITO,170150,QUITO,MARISCAL SUCRE Y CESAR VILLACRES,ZONA 9,URBANA,ND,ND,ND,ND,13/02/2023,10:00:00,DE 10H00 A 10H59,10,LUNES,1,FEBRERO,2,NO,C11,NO MANTENER LA DISTANCIA PRUDENCIAL CON RESPECTO AL VEHÍCULO QUE LE ANTECEDE.,COLISIÓN,AUTOMÓVIL,PARTICULAR,3,0,0,0,0,0,0,0,0,0,0,0,0,3,LICENCIA,54,HOMBRE,ILESO,CONDUCTOR,NO,NO
2023,DMQ00303022023,0,1,DMQ,-0.226784,-78.521848,17,PICHINCHA,1701,QUITO,170150,QUITO,BAHIA DE CARAQUEZ Y RIO NEGRO,ZONA 9,URBANA,ND,ND,ND,ND,13/02/2023,10:30:00,DE 10H00 A 10H59,10,LUNES,1,FEBRERO,2,NO,C16,NO TRANSITAR POR LAS ACERAS O ZONAS DE SEGURIDAD DESTINADAS PARA EL EFECTO.,ARROLLAMIENTOS,BUS,PÚBLICO,0,0,1,0,0,0,0,0,0,0,0,0,0,1,CÉDULA,81,MUJER,FALLECIDO,PEATÓN,NO,NO
2023,DMQ00307022023,0,0,DMQ,-0.345344,-78.547705,17,PICHINCHA,1701,QUITO,170150,QUITO,S60 Y MALDONADO,ZONA 9,URBANA,ND,ND,ND,ND,13/02/2023,14:00:00,DE 14H00 A 14H59,14,LUNES,1,FEBRERO,2,NO,C06,"CONDUCE BAJO LA INFLUENCIA DE ALCOHOL, SUSTANCIAS ESTUPEFACIENTES O PSICOTRÓPICAS Y/O MEDICAMENTOS.",CHOQUE LATERAL,AUTOMÓVIL,PARTICULAR,2,0,0,0,0,0,0,0,0,0,0,0,0,2,LICENCIA,37,HOMBRE,ILESO,CONDUCTOR,NO,NO
2023,PNE00087022023,3,0,PNE,-0.435001,-78.548763,17,PICHINCHA,1703,MEJIA,170350,MACHACHI,VIA  AL  MURCO    -  PANAMERICANA  SUR,ZONA 2,URBANA,ND,ND,ND,ND,13/02/2023,14:45:00,DE 14H00 A 14H59,14,LUNES,1,FEBRERO,2,NO,C14,"CONDUCIR DESATENTO A LAS CONDICIONES DE TRÁNSITO (CELULAR, PANTALLAS DE VIDEO, COMIDA, MAQUILLAJE O CUALQUIER OTRO ELEMENTO DISTRACTOR).",CHOQUE FRONTAL,VEHÍCULO DEPORTIVO UTILITARIO,PARTICULAR,1,0,0,0,0,0,0,0,0,0,0,0,1,2,LICENCIA,38,HOMBRE,LESIONADO,CONDUCTOR,NO,SI
2023,PNE00088022023,0,0,PNE,-0.056251,-78.454866,17,PICHINCHA,1701,QUITO,170177,POMASQUI,AV.  MANUEL  CORDOVA  GALARZA  -  ANTONIO  JOSE  DE  SUCRE,ZONA 9,URBANA,52,QUITO - POMASQUI - REDONDEL MITAD DEL MUNDO,E28,COLECTORA,13/02/2023,17:00:00,DE 17H00 A 17H59,17,LUNES,1,FEBRERO,2,NO,C06,"CONDUCE BAJO LA INFLUENCIA DE ALCOHOL, SUSTANCIAS ESTUPEFACIENTES O PSICOTRÓPICAS Y/O MEDICAMENTOS.",CHOQUE LATERAL,CAMIONETA,PARTICULAR,0,0,0,0,1,0,0,0,0,0,0,0,1,2,LICENCIA,32,HOMBRE,ILESO,CONDUCTOR,NO,SI
2023,DMQ00308022023,1,0,DMQ,-0.008528,-78.446611,17,PICHINCHA,1701,QUITO,170180,SAN ANTONIO (QUITO),EQUINOCCIAL Y DANIEL CEVALLOS,ZONA 9,RURAL,ND,ND,ND,ND,13/02/2023,17:30:00,DE 17H00 A 17H59,17,LUNES,1,FEBRERO,2,NO,C26,NO CEDER EL DERECHO DE VÍA O PREFERENCIA DE PASO AL PEATÓN.,ATROPELLOS,NO IDENTIFICADO,PARTICULAR,0,0,0,0,0,0,0,0,0,1,0,0,0,1,CÉDULA,38,HOMBRE,LESIONADO,PEATÓN,NO,NO
2023,DMQ00309022023,0,1,DMQ,-0.129272,-78.448503,17,PICHINCHA,1701,QUITO,170165,LLANO CHICO,SIMON BOLIVAR Y DE LOS NOGALES,ZONA 9,RURAL,ND,ND,ND,ND,13/02/2023,17:45:00,DE 17H00 A 17H59,17,LUNES,1,FEBRERO,2,NO,C26,NO CEDER EL DERECHO DE VÍA O PREFERENCIA DE PASO AL PEATÓN.,ATROPELLOS,NO IDENTIFICADO,PARTICULAR,0,0,0,0,0,0,0,0,0,1,0,0,0,1,CÉDULA,86,MUJER,FALLECIDO,PEATÓN,NO,NO
2023,DMQ00310022023,0,0,DMQ,-0.262051,-78.504834,17,PICHINCHA,1701,QUITO,170150,QUITO,SIMON BOLIVAR Y LA SOFIA,ZONA 9,URBANA,ND,ND,ND,ND,13/02/2023,18:40:00,DE 18H00 A 18H59,18,LUNES,1,FEBRERO,2,NO,C11,NO MANTENER LA DISTANCIA PRUDENCIAL CON RESPECTO AL VEHÍCULO QUE LE ANTECEDE.,COLISIÓN,CAMIÓN,CUENTA PROPIA,2,0,0,1,1,0,0,1,0,0,0,0,0,5,LICENCIA,43,HOMBRE,ILESO,CONDUCTOR,NO,NO
2023,DMQ00314022023,0,0,DMQ,-0.292722,-78.488123,17,PICHINCHA,1701,QUITO,170156,CONOCOTO,MIGUEL RIOFRIO Y OE4B,ZONA 9,RURAL,ND,ND,ND,ND,14/02/2023,1:15:00,DE 01H00 A 01H59,1,MARTES,2,FEBRERO,2,NO,C03,"CONDUCIR EN ESTADO DE SOMNOLENCIA O MALAS CONDICIONES FÍSICAS (SUEÑO, CANSANCIO Y FATIGA).",ESTRELLAMIENTOS,AUTOMÓVIL,COMERCIAL,1,0,0,0,0,0,0,0,0,0,0,0,0,1,NO IDENTIFICADO,-1,NO IDENTIFICADO,NO IDENTIFICADO,CONDUCTOR,NO,NO
2023,PNE00092022023,0,1,PNE,-0.002387,-78.175098,17,PICHINCHA,1702,CAYAMBE,170252,CANGAHUA,INGRESO  A  CUNIBURO  -  PANAMERICANA  NORTE  E35,ZONA 2,RURAL,ND,ND,ND,ND,14/02/2023,6:00:00,DE 06H00 A 06H59,6,MARTES,2,FEBRERO,2,NO,C18,CONDUCIR EN SENTIDO CONTRARIO A LA VÍA NORMAL DE CIRCULACIÓN.,CHOQUE FRONTAL,BUS,PÚBLICO,0,0,1,0,0,0,0,0,1,0,0,0,0,2,LICENCIA,31,HOMBRE,FALLECIDO,CONDUCTOR,NO,SI
2023,DMQ00316022023,1,0,DMQ,-0.144421,-78.483474,17,PICHINCHA,1701,QUITO,170150,QUITO,GALO PLAZA LASSO Y JOSE RAFAEL BUSTAMANTE,ZONA 9,URBANA,ND,ND,ND,ND,14/02/2023,6:15:00,DE 06H00 A 06H59,6,MARTES,2,FEBRERO,2,NO,C27,PEATÓN QUE CRUZA LA CALZADA SIN RESPETAR LA SEÑALIZACIÓN EXISTENTE (SEMÁFOROS O SEÑALES MANUALES).,ATROPELLOS,BUS,COMERCIAL,0,0,1,0,0,0,0,0,0,0,0,0,0,1,CÉDULA,17,HOMBRE,LESIONADO,PEATÓN,NO,NO
2023,CTE00226022023,0,2,CTE,-0.349972,-78.856417,17,PICHINCHA,1703,MEJIA,170355,MANUEL CORNEJO ASTORGA,RED ESTATAL E-20 - KM 58+460 A LA ALTURA DE LA ESPERIE,ZONA 2,RURAL,332,TANDAPI - LIMITE PROVINCIAL ENTRE PICHINCHA Y SANTO DOMINGO,E20,ARTERIAL,14/02/2023,7:45:00,DE 07H00 A 07H59,7,MARTES,2,FEBRERO,2,NO,C14,"CONDUCIR DESATENTO A LAS CONDICIONES DE TRÁNSITO (CELULAR, PANTALLAS DE VIDEO, COMIDA, MAQUILLAJE O CUALQUIER OTRO ELEMENTO DISTRACTOR).",PÉRDIDA DE CARRIL,AUTOMÓVIL,PARTICULAR,1,0,0,0,0,0,0,0,0,0,0,0,0,1,CÉDULA,-1,HOMBRE,FALLECIDO,PEATÓN,NO,NO
2023,DMQ00320022023,0,0,DMQ,-0.258586,-78.544613,17,PICHINCHA,1701,QUITO,170150,QUITO,MARISCAL SUCRE Y HERNAN GMOINER,ZONA 9,URBANA,ND,ND,ND,ND,14/02/2023,10:30:00,DE 10H00 A 10H59,10,MARTES,2,FEBRERO,2,NO,C11,NO MANTENER LA DISTANCIA PRUDENCIAL CON RESPECTO AL VEHÍCULO QUE LE ANTECEDE.,CHOQUE POSTERIOR,AUTOMÓVIL,PARTICULAR,2,0,0,0,0,0,0,0,0,0,0,0,0,2,LICENCIA,38,HOMBRE,ILESO,CONDUCTOR,NO,NO
2023,DMQ00322022023,2,0,DMQ,-0.247956,-78.526057,17,PICHINCHA,1701,QUITO,170150,QUITO,ALONSO DE ANGULO Y LAURO GUERRERO,ZONA 9,URBANA,ND,ND,ND,ND,14/02/2023,14:00:00,DE 14H00 A 14H59,14,MARTES,2,FEBRERO,2,NO,C16,NO TRANSITAR POR LAS ACERAS O ZONAS DE SEGURIDAD DESTINADAS PARA EL EFECTO.,ATROPELLOS,AUTOMÓVIL,PARTICULAR,1,0,0,0,0,0,0,0,0,0,0,0,0,1,CÉDULA,15,HOMBRE,LESIONADO,PEATÓN,NO,NO