ANIO,SINIESTROS,LESIONADOS,FALLECIDOS,ENTE_DE_CONTROL,LATITUD_Y,LONGITUD_X,DPA_1,PROVINCIA,DPA_2,CANTON,DPA_3,PARROQUIA,DIRECCION,ZONA_PLANIFICACION,ZONA,ID_DE_LA_VIA,NOMBRE_DE_LA_VIA,UBICACION_DE_LA_VIA,JERARQUIA_DE_LA_VIA,FECHA,HORA,PERIODO_1,PERIODO_2,DIA_1,DIA_2,MES_1,MES_2,FERIADO,CODIGO_CAUSA,CAUSA_PROBABLE,TIPO_DE_SINIESTRO,TIPO_DE_VEHICULO_1,SERVICIO_1,AUTOMOVIL,BICICLETA,BUS,CAMION,CAMIONETA,EMERGENCIAS,ESPECIAL,FURGONETA,MOTOCICLETA,NO_IDENTIFICADO,SCOOTER_ELECTRICO,TRICIMOTO,VEHICULO_DEPORTIVO_UTILITARIO,SUMA_DE_VEHICULOS,TIPO_ID_1,EDAD_1,SEXO_1,CONDICION_1,PARTICIPANTE_1,CASCO_1,CINTURON_1
2023,DMQ00325022023,1,0,DMQ,-0.213153,-78.504064,17,PICHINCHA,1701,QUITO,170150,QUITO,JUAN LARREA Y ARENAS,ZONA 9,URBANA,ND,ND,ND,ND,14/02/2023,16:15:00,DE 16H00 A 16H59,16,MARTES,2,FEBRERO,2,NO,C06,"CONDUCE BAJO LA INFLUENCIA DE ALCOHOL, SUSTANCIAS ESTUPEFACIENTES O PSICOTRÓPICAS Y/O MEDICAMENTOS.",ATROPELLOS,AUTOMÓVIL,COMERCIAL,1,0,0,0,0,0,0,0,0,0,0,0,0,1,CÉDULA,73,HOMBRE,LESIONADO,PEATÓN,NO,NO
2023,DMQ00331022023,1,0,DMQ,-0.250026,-78.508357,17,PICHINCHA,1701,QUITO,170150,QUITO,MIGUEL ALONSO Y JOSE QUERI,ZONA 9,URBANA,ND,ND,ND,ND,14/02/2023,18:40:00,DE 18H00 A 18H59,18,MARTES,2,FEBRERO,2,NO,C27,PEATÓN QUE CRUZA LA CALZADA SIN RESPETAR LA SEÑALIZACIÓN EXISTENTE (SEMÁFOROS O SEÑALES MANUALES).,ATROPELLOS,CAMIONETA,PARTICULAR,1,0,0,0,1,0,0,0,0,0,0,0,0,2,CÉDULA,28,HOMBRE,LESIONADO,PEATÓN,NO,NO
2023,DMQ00332022023,0,1,DMQ,-0.125707,-78.500383,17,PICHINCHA,1701,QUITO,170150,QUITO,BARTOLOME RUIZ Y HUACHI,ZONA 9,URBANA,ND,ND,ND,ND,14/02/2023,19:52:00,DE 19H00 A 19H59,19,MARTES,2,FEBRERO,2,NO,C25,NO CEDER EL DERECHO DE VÍA O PREFERENCIA DE PASO A VEHÍCULOS.,CHOQUE LATERAL,MOTOCICLETA,PARTICULAR,1,0,0,0,0,0,0,0,1,0,0,0,0,2,LICENCIA,43,HOMBRE,FALLECIDO,CONDUCTOR,NO,NO
2023,DMQ00334022023,1,0,DMQ,-0.092291,-78.433827,17,PICHINCHA,1701,QUITO,170155,CALDERON (CARAPUNGO),GIOVANNI CALLES Y ALAVA,ZONA 9,RURAL,ND,ND,ND,ND,14/02/2023,20:30:00,DE 20H00 A 20H59,20,MARTES,2,FEBRERO,2,NO,C27,PEATÓN QUE CRUZA LA CALZADA SIN RESPETAR LA SEÑALIZACIÓN EXISTENTE (SEMÁFOROS O SEÑALES MANUALES).,ATROPELLOS,FURGONETA,COMERCIAL,0,0,0,0,0,0,0,1,0,0,0,0,0,1,CÉDULA,76,HOMBRE,LESIONADO,PEATÓN,NO,NO
2023,DMQ00335022023,0,0,DMQ,-0.190487,-78.495759,17,PICHINCHA,1701,QUITO,170150,QUITO,CUERO Y CAICEDO Y ANTONIO DE ULLOA,ZONA 9,URBANA,ND,ND,ND,ND,14/02/2023,22:00:00,DE 22H00 A 22H59,22,MARTES,2,FEBRERO,2,NO,C06,"CONDUCE BAJO LA INFLUENCIA DE ALCOHOL, SUSTANCIAS ESTUPEFACIENTES O PSICOTRÓPICAS Y/O MEDICAMENTOS.",CHOQUE LATERAL,BUS,PÚBLICO,1,0,1,0,0,0,0,0,0,0,0,0,0,2,LICENCIA,38,HOMBRE,ILESO,CONDUCTOR,NO,NO
2023,DMQ00340022023,0,0,DMQ,-0.210361,-78.373645,17,PICHINCHA,1701,QUITO,170184,TUMBACO,JUAN LARREA Y SAN FRANCISCO DE LA TOLA GRANDE,ZONA 9,RURAL,ND,ND,ND,ND,15/02/2023,3:55:00,DE 03H00 A 03H59,3,MIÉRCOLES,3,FEBRERO,2,NO,C09,CONDUCIR VEHÍCULO SUPERANDO LOS LÍMITES MÁXIMOS DE VELOCIDAD.,ESTRELLAMIENTOS,CAMIÓN,CUENTA PROPIA,0,0,0,1,0,0,0,0,0,0,0,0,0,1,LICENCIA,29,MUJER,ILESO,CONDUCTOR,NO,NO
2023,DMQ00341022023,0,0,DMQ,-0.125631,-78.471673,17,PICHINCHA,1701,QUITO,170150,QUITO,ELOY ALFARO Y MARIANO SUASTE,ZONA 9,URBANA,ND,ND,ND,ND,15/02/2023,5:20:00,DE 05H00 A 05H59,5,MIÉRCOLES,3,FEBRERO,2,NO,C09,CONDUCIR VEHÍCULO SUPERANDO LOS LÍMITES MÁXIMOS DE VELOCIDAD.,ESTRELLAMIENTOS,AUTOMÓVIL,PARTICULAR,1,0,0,0,0,0,0,0,0,0,0,0,0,1,LICENCIA,43,HOMBRE,ILESO,CONDUCTOR,NO,NO
2023,DMQ00346022023,3,0,DMQ,-0.182283,-78.478046,17,PICHINCHA,1701,QUITO,170150,QUITO,PORTUGAL Y CATALINA ALDAZ,ZONA 9,URBANA,ND,ND,ND,ND,15/02/2023,11:00:00,DE 11H00 A 11H59,11,MIÉRCOLES,3,FEBRERO,2,NO,C16,NO TRANSITAR POR LAS ACERAS O ZONAS DE SEGURIDAD DESTINADAS PARA EL EFECTO.,ATROPELLOS,AUTOMÓVIL,PARTICULAR,1,0,0,0,0,0,0,0,0,0,0,0,0,1,LICENCIA,41,MUJER,LESIONADO,CONDUCTOR,NO,NO
2023,DMQ00348022023,1,0,DMQ,-0.251927,-78.531571,17,PICHINCHA,1701,QUITO,170150,QUITO,ROSA YEIRA Y PIO DURE,ZONA 9,URBANA,ND,ND,ND,ND,15/02/2023,13:13:00,DE 13H00 A 13H59,13,MIÉRCOLES,3,FEBRERO,2,NO,C26,NO CEDER EL DERECHO DE VÍA O PREFERENCIA DE PASO AL PEATÓN.,ATROPELLOS,NO IDENTIFICADO,PARTICULAR,0,0,0,0,0,0,0,0,0,1,0,0,0,1,CÉDULA,16,MUJER,LESIONADO,PEATÓN,NO,NO
2023,DMQ00351022023,1,0,DMQ,-0.236004,-78.472902,17,PICHINCHA,1701,QUITO,170150,QUITO,SIMON BOLIVAR Y 500 METROS AL NORTE DEL INGRESO A LA UNIVERSIDAD INTERNACIONAL,ZONA 9,RURAL,ND,ND,ND,ND,15/02/2023,14:10:00,DE 14H00 A 14H59,14,MIÉRCOLES,3,FEBRERO,2,NO,C09,CONDUCIR VEHÍCULO SUPERANDO LOS LÍMITES MÁXIMOS DE VELOCIDAD.,PÉRDIDA DE CARRIL,AUTOMÓVIL,PARTICULAR,1,0,0,0,0,0,0,0,0,0,0,0,0,1,CÉDULA,56,MUJER,LESIONADO,PASAJERO,NO,NO
2023,DMQ00352022023,1,0,DMQ,-0.277208,-78.556861,17,PICHINCHA,1701,QUITO,170150,QUITO,AMBROCIO ACOSTA Y ANTONIO CONFORTE,ZONA 9,URBANA,ND,ND,ND,ND,15/02/2023,14:30:00,DE 14H00 A 14H59,14,MIÉRCOLES,3,FEBRERO,2,NO,C23,"NO RESPETAR LAS SEÑALES REGLAMENTARIAS DE TRÁNSITO. (PARE, CEDA EL PASO, LUZ ROJA DEL SEMAFORO, ETC).",CHOQUE LATERAL,BICICLETA,PARTICULAR,1,1,0,0,0,0,0,0,0,0,0,0,0,2,LICENCIA,39,HOMBRE,LESIONADO,CONDUCTOR,SI,NO
2023,DMQ00354022023,1,0,DMQ,-0.194521,-78.500031,17,PICHINCHA,1701,QUITO,170150,QUITO,JUAN DE SOSAYA Y RUIZ DE CASTILLA,ZONA 9,URBANA,ND,ND,ND,ND,15/02/2023,18:30:00,DE 18H00 A 18H59,18,MIÉRCOLES,3,FEBRERO,2,NO,C25,NO CEDER EL DERECHO DE VÍA O PREFERENCIA DE PASO A VEHÍCULOS.,CHOQUE LATERAL,FURGONETA,COMERCIAL,1,0,0,0,0,0,0,1,0,0,0,0,0,2,NO IDENTIFICADO,6,HOMBRE,LESIONADO,PASAJERO,NO,NO
2023,DMQ00355022023,1,0,DMQ,-0.253521,-78.504268,17,PICHINCHA,1701,QUITO,170150,QUITO,S8F Y SIMON BOLIVAR,ZONA 9,URBANA,ND,ND,ND,ND,15/02/2023,18:36:00,DE 18H00 A 18H59,18,MIÉRCOLES,3,FEBRERO,2,NO,C26,NO CEDER EL DERECHO DE VÍA O PREFERENCIA DE PASO AL PEATÓN.,ARROLLAMIENTOS,NO IDENTIFICADO,PARTICULAR,0,0,0,0,0,0,0,0,0,1,0,0,0,1,CÉDULA,45,HOMBRE,LESIONADO,PEATÓN,NO,NO
2023,DMQ00357022023,1,0,DMQ,-0.214546,-78.516641,17,PICHINCHA,1701,QUITO,170150,QUITO,MARISCAL SUCRE Y MEJIA,ZONA 9,URBANA,ND,ND,ND,ND,15/02/2023,19:40:00,DE 19H00 A 19H59,19,MIÉRCOLES,3,FEBRERO,2,NO,C09,CONDUCIR VEHÍCULO SUPERANDO LOS LÍMITES MÁXIMOS DE VELOCIDAD.,OTROS,BUS,COMERCIAL,0,0,2,0,0,0,0,0,1,0,0,0,0,3,LICENCIA,32,HOMBRE,LESIONADO,CONDUCTOR,NO,NO
2023,DMQ00359022023,0,0,DMQ,-0.232726,-78.503846,17,PICHINCHA,1701,QUITO,170150,QUITO,VELASCO IBARRA Y PICHINCHA,ZONA 9,URBANA,ND,ND,ND,ND,16/02/2023,5:50:00,DE 05H00 A 05H59,5,JUEVES,4,FEBRERO,2,NO,C23,"NO RESPETAR LAS SEÑALES REGLAMENTARIAS DE TRÁNSITO. (PARE, CEDA EL PASO, LUZ ROJA DEL SEMAFORO, ETC).",OTROS,AUTOMÓVIL,PARTICULAR,1,0,0,0,0,0,0,0,0,0,0,0,0,1,NO IDENTIFICADO,-1,NO IDENTIFICADO,NO IDENTIFICADO,CONDUCTOR,NO,NO
2023,DMQ00360022023,0,0,DMQ,-0.218665,-78.434241,17,PICHINCHA,1701,QUITO,170157,CUMBAYA,GIOVANNI BOCCACCIO Y DE LAS MAGNOLIAS,ZONA 9,RURAL,ND,ND,ND,ND,16/02/2023,9:00:00,DE 09H00 A 09H59,9,JUEVES,4,FEBRERO,2,NO,C09,CONDUCIR VEHÍCULO SUPERANDO LOS LÍMITES MÁXIMOS DE VELOCIDAD.,CHOQUE LATERAL,AUTOMÓVIL,PARTICULAR,2,0,0,0,0,0,0,0,0,0,0,0,0,2,LICENCIA,29,MUJER,ILESO,CONDUCTOR,NO,NO
2023,DMQ00361022023,1,0,DMQ,-0.208192,-78.499952,17,PICHINCHA,1701,QUITO,170150,QUITO,10 DE AGOSTO Y SANTIAGO,ZONA 9,URBANA,ND,ND,ND,ND,16/02/2023,9:30:00,DE 09H00 A 09H59,9,JUEVES,4,FEBRERO,2,NO,C16,NO TRANSITAR POR LAS ACERAS O ZONAS DE SEGURIDAD DESTINADAS PARA EL EFECTO.,ATROPELLOS,MOTOCICLETA,PARTICULAR,0,0,0,0,0,0,0,0,1,0,0,0,0,1,CÉDULA,65,HOMBRE,LESIONADO,PEATÓN,NO,NO
2023,DMQ00365022023,0,0,DMQ,-0.194603,-78.509574,17,PICHINCHA,1701,QUITO,170150,QUITO,LA GASCA Y FRANCISCO JAVIER LIZARAZU,ZONA 9,URBANA,ND,ND,ND,ND,16/02/2023,12:45:00,DE 12H00 A 12H59,12,JUEVES,4,FEBRERO,2,NO,C09,CONDUCIR VEHÍCULO SUPERANDO LOS LÍMITES MÁXIMOS DE VELOCIDAD.,ESTRELLAMIENTOS,AUTOMÓVIL,PARTICULAR,1,0,0,0,0,0,0,0,0,0,0,0,0,1,NO IDENTIFICADO,-1,NO IDENTIFICADO,NO IDENTIFICADO,CONDUCTOR,NO,NO
2023,DMQ00368022023,0,0,DMQ,-0.138078,-78.479937,17,PICHINCHA,1701,QUITO,170150,QUITO,JULIO TEODORO SALEM Y DE LOS PINOS,ZONA 9,URBANA,ND,ND,ND,ND,16/02/2023,13:30:00,DE 13H00 A 13H59,13,JUEVES,4,FEBRERO,2,NO,C11,NO MANTENER LA DISTANCIA PRUDENCIAL CON RESPECTO AL VEHÍCULO QUE LE ANTECEDE.,CHOQUE POSTERIOR,AUTOMÓVIL,PARTICULAR,2,0,0,0,0,0,0,0,0,0,0,0,0,2,LICENCIA,36,HOMBRE,ILESO,CONDUCTOR,NO,NO
2023,DMQ00370022023,2,0,DMQ,-0.250782,-78.503385,17,PICHINCHA,1701,QUITO,170150,QUITO,SIMON BOLIVAR Y S8A,ZONA 9,URBANA,ND,ND,ND,ND,16/02/2023,14:25:00,DE 14H00 A 14H59,14,JUEVES,4,FEBRERO,2,NO,C09,CONDUCIR VEHÍCULO SUPERANDO LOS LÍMITES MÁXIMOS DE VELOCIDAD.,ESTRELLAMIENTOS,AUTOMÓVIL,PARTICULAR,1,0,0,0,0,0,0,0,0,0,0,0,0,1,CÉDULA,18,MUJER,LESIONADO,PASAJERO,NO,NO
2023,DMQ00371022023,0,0,DMQ,-0.206549,-78.494422,17,PICHINCHA,1701,QUITO,170150,QUITO,REINA VICTORIA Y FRANCISCO ROBLES,ZONA 9,URBANA,ND,ND,ND,ND,16/02/2023,15:15:00,DE 15H00 A 15H59,15,JUEVES,4,FEBRERO,2,NO,C25,NO CEDER EL DERECHO DE VÍA O PREFERENCIA DE PASO A VEHÍCULOS.,CHOQUE LATERAL,CAMIONETA,CUENTA PROPIA,1,0,0,0,1,0,0,0,0,0,0,0,0,2,LICENCIA,48,HOMBRE,ILESO,CONDUCTOR,NO,NO
2023,DMQ00372022023,1,0,DMQ,-0.242722,-78.521712,17,PICHINCHA,1701,QUITO,170150,QUITO,PEDRO DE ALFARO Y DIEGO DE SANDOVAL,ZONA 9,URBANA,ND,ND,ND,ND,16/02/2023,15:20:00,DE 15H00 A 15H59,15,JUEVES,4,FEBRERO,2,NO,C23,"NO RESPETAR LAS SEÑALES REGLAMENTARIAS DE TRÁNSITO. (PARE, CEDA EL PASO, LUZ ROJA DEL SEMAFORO, ETC).",CHOQUE LATERAL,MOTOCICLETA,PARTICULAR,1,0,0,0,0,0,0,0,1,0,0,0,0,2,LICENCIA,27,HOMBRE,LESIONADO,CONDUCTOR,NO,NO
2023,CTE00260022023,0,0,CTE,-0.441333,-78.712251,17,PICHINCHA,1703,MEJIA,170351,ALOAG,RED ESTATAL E-20 - KM 29+ 640 SENTIDO ALOAG - SANTO DOMINGO,ZONA 2,RURAL,331,ALOAG (OBELISCO) - TANDAPI,E20,ARTERIAL,16/02/2023,15:30:00,DE 15H00 A 15H59,15,JUEVES,4,FEBRERO,2,NO,C14,"CONDUCIR DESATENTO A LAS CONDICIONES DE TRÁNSITO (CELULAR, PANTALLAS DE VIDEO, COMIDA, MAQUILLAJE O CUALQUIER OTRO ELEMENTO DISTRACTOR).",PÉRDIDA DE CARRIL,CAMIONETA,PARTICULAR,1,0,0,0,1,0,0,0,0,0,0,0,0,2,LICENCIA,36,HOMBRE,ILESO,CONDUCTOR,NO,NO
2023,DMQ00373022023,0,0,DMQ,-0.313015,-78.547945,17,PICHINCHA,1701,QUITO,170150,QUITO,"MALDONADO Y S46F, FRENTE AL LOCAL DE VIVERES FULL CARNES AMELIA",ZONA 9,URBANA,ND,ND,ND,ND,16/02/2023,15:58:00,DE 15H00 A 15H59,15,JUEVES,4,FEBRERO,2,NO,C25,NO CEDER EL DERECHO DE VÍA O PREFERENCIA DE PASO A VEHÍCULOS.,CHOQUE LATERAL,BUS,PÚBLICO,1,0,1,0,0,0,0,0,0,0,0,0,0,2,LICENCIA,54,HOMBRE,ILESO,CONDUCTOR,NO,NO
2023,DMQ00375022023,1,0,DMQ,-0.215786,-78.489163,17,PICHINCHA,1701,QUITO,170150,QUITO,MANUEL CAJIAS Y VELASCO IBARRA,ZONA 9,URBANA,ND,ND,ND,ND,16/02/2023,16:26:00,DE 16H00 A 16H59,16,JUEVES,4,FEBRERO,2,NO,C14,"CONDUCIR DESATENTO A LAS CONDICIONES DE TRÁNSITO (CELULAR, PANTALLAS DE VIDEO, COMIDA, MAQUILLAJE O CUALQUIER OTRO ELEMENTO DISTRACTOR).",OTROS,BUS,PÚBLICO,1,1,1,0,0,0,0,0,0,0,0,0,0,3,LICENCIA,23,MUJER,LESIONADO,CONDUCTOR,NO,NO
2023,DMQ00379022023,0,0,DMQ,-0.289506,-78.557425,17,PICHINCHA,1701,QUITO,170150,QUITO,ANTONIO JOSE DE SUCRE Y CARLOS BONILLA,ZONA 9,URBANA,ND,ND,ND,ND,16/02/2023,18:00:00,DE 18H00 A 18H59,18,JUEVES,4,FEBRERO,2,NO,C25,NO CEDER EL DERECHO DE VÍA O PREFERENCIA DE PASO A VEHÍCULOS.,CHOQUE LATERAL,AUTOMÓVIL,ESTADO,2,0,0,0,0,0,0,0,0,0,0,0,0,2,LICENCIA,30,HOMBRE,ILESO,CONDUCTOR,NO,NO
2023,DMQ00382022023,2,0,DMQ,-0.335976,-78.480528,17,PICHINCHA,1701,QUITO,170152,AMAGUAÑA,HUANCAVILCA Y DUCHICELA,ZONA 9,RURAL,ND,ND,ND,ND,16/02/2023,20:15:00,DE 20H00 A 20H59,20,JUEVES,4,FEBRERO,2,NO,C11,NO MANTENER LA DISTANCIA PRUDENCIAL CON RESPECTO AL VEHÍCULO QUE LE ANTECEDE.,CHOQUE POSTERIOR,MOTOCICLETA,PARTICULAR,0,0,0,0,0,0,0,0,1,1,0,0,0,2,LICENCIA,22,HOMBRE,LESIONADO,CONDUCTOR,NO,NO
2023,DMQ00384022023,0,0,DMQ,-0.337186,-78.485177,17,PICHINCHA,1701,QUITO,170152,AMAGUAÑA,SANTA ISABEL Y PICHINCHA,ZONA 9,RURAL,ND,ND,ND,ND,16/02/2023,21:30:00,DE 21H00 A 21H59,21,JUEVES,4,FEBRERO,2,NO,C06,"CONDUCE BAJO LA INFLUENCIA DE ALCOHOL, SUSTANCIAS ESTUPEFACIENTES O PSICOTRÓPICAS Y/O MEDICAMENTOS.",CHOQUE FRONTAL,AUTOMÓVIL,PARTICULAR,2,0,0,0,0,0,0,0,0,0,0,0,0,2,LICENCIA,22,HOMBRE,ILESO,CONDUCTOR,NO,NO
2023,DMQ00385022023,1,0,DMQ,-0.129111,-78.498136,17,PICHINCHA,1701,QUITO,170150,QUITO,VACA DE CASTRO Y MACHALA,ZONA 9,URBANA,ND,ND,ND,ND,16/02/2023,21:40:00,DE 21H00 A 21H59,21,JUEVES,4,FEBRERO,2,NO,C23,"NO RESPETAR LAS SEÑALES REGLAMENTARIAS DE TRÁNSITO. (PARE, CEDA EL PASO, LUZ ROJA DEL SEMAFORO, ETC).",CHOQUE LATERAL,MOTOCICLETA,PARTICULAR,1,0,0,0,0,0,0,0,1,0,0,0,0,2,LICENCIA,22,HOMBRE,LESIONADO,CONDUCTOR,NO,NO
2023,DMQ00387022023,0,0,DMQ,-0.193723,-78.459379,17,PICHINCHA,1701,QUITO,170150,QUITO,SIMON BOLIVAR Y PERLA QUITEÑA,ZONA 9,URBANA,ND,ND,ND,ND,16/02/2023,23:40:00,DE 23H00 A 23H59,23,JUEVES,4,FEBRERO,2,NO,C09,CONDUCIR VEHÍCULO SUPERANDO LOS LÍMITES MÁXIMOS DE VELOCIDAD.,ESTRELLAMIENTOS,CAMIONETA,PARTICULAR,0,0,0,0,1,0,0,0,0,0,0,0,0,1,LICENCIA,58,HOMBRE,ILESO,CONDUCTOR,NO,NO
2023,DMQ00388022023,0,0,DMQ,-0.286691,-78.556123,17,PICHINCHA,1701,QUITO,170150,QUITO,MARISCAL SUCRE Y DIEGO VASQUEZ DE CEPEDA,ZONA 9,URBANA,ND,ND,ND,ND,17/02/2023,1:30:00,DE 01H00 A 01H59,1,VIERNES,5,FEBRERO,2,NO,C03,"CONDUCIR EN ESTADO DE SOMNOLENCIA O MALAS CONDICIONES FÍSICAS (SUEÑO, CANSANCIO Y FATIGA).",ESTRELLAMIENTOS,AUTOMÓVIL,PARTICULAR,1,0,0,0,0,0,0,0,0,0,0,0,0,1,NO IDENTIFICADO,-1,NO IDENTIFICADO,NO IDENTIFICADO,CONDUCTOR,NO,NO
2023,DMQ00389022023,3,0,DMQ,-0.283083,-78.494158,17,PICHINCHA,1701,QUITO,170156,CONOCOTO,PRINCESA TOA Y PACHACUTEC,ZONA 9,RURAL,ND,ND,ND,ND,17/02/2023,5:45:00,DE 05H00 A 05H59,5,VIERNES,5,FEBRERO,2,NO,C19,REALIZAR CAMBIO BRUSCO O INDEBIDO DE CARRIL.,CHOQUE FRONTAL,AUTOMÓVIL,PARTICULAR,2,0,0,0,0,0,0,0,0,0,0,0,0,2,CÉDULA,31,HOMBRE,LESIONADO,PASAJERO,NO,NO
2023,DMQ00391022023,0,0,DMQ,-0.358156,-78.534392,17,PICHINCHA,1701,QUITO,170150,QUITO,SIMON BOLIVAR Y SANTA ROSA,ZONA 9,URBANA,ND,ND,ND,ND,17/02/2023,7:20:00,DE 07H00 A 07H59,7,VIERNES,5,FEBRERO,2,NO,C02,"PRESENCIA DE AGENTES EXTERNOS EN LA VÍA (AGUA, ACEITE, PIEDRA, LASTRE, ESCOMBROS, MADEROS, ETC.).",ESTRELLAMIENTOS,MOTOCICLETA,PARTICULAR,0,0,0,0,2,0,0,0,1,0,0,0,0,3,CÉDULA,38,HOMBRE,ILESO,PEATÓN,NO,NO
2023,DMQ00392022023,1,0,DMQ,-0.206865,-78.512324,17,PICHINCHA,1701,QUITO,170150,QUITO,MARISCAL SUCRE Y UNIVERSITARIA,ZONA 9,URBANA,ND,ND,ND,ND,17/02/2023,7:40:00,DE 07H00 A 07H59,7,VIERNES,5,FEBRERO,2,NO,C25,NO CEDER EL DERECHO DE VÍA O PREFERENCIA DE PASO A VEHÍCULOS.,CHOQUE LATERAL,MOTOCICLETA,PARTICULAR,1,0,0,0,0,0,0,0,1,0,0,0,0,2,LICENCIA,27,HOMBRE,LESIONADO,CONDUCTOR,NO,NO
2023,DMQ00393022023,1,0,DMQ,-0.221134,-78.520661,17,PICHINCHA,1701,QUITO,170150,QUITO,MARISCAL SUCRE Y LOJA,ZONA 9,URBANA,ND,ND,ND,ND,17/02/2023,7:49:00,DE 07H00 A 07H59,7,VIERNES,5,FEBRERO,2,NO,C27,PEATÓN QUE CRUZA LA CALZADA SIN RESPETAR LA SEÑALIZACIÓN EXISTENTE (SEMÁFOROS O SEÑALES MANUALES).,ATROPELLOS,AUTOMÓVIL,PARTICULAR,1,0,0,0,0,0,0,0,0,0,0,0,0,1,CÉDULA,23,HOMBRE,LESIONADO,PEATÓN,NO,NO
2023,DMQ00394022023,1,0,DMQ,-0.288631,-78.540151,17,PICHINCHA,1701,QUITO,170150,QUITO,MORAN VALVERDE Y LLIRA ÑAN,ZONA 9,URBANA,ND,ND,ND,ND,17/02/2023,9:00:00,DE 09H00 A 09H59,9,VIERNES,5,FEBRERO,2,NO,C09,CONDUCIR VEHÍCULO SUPERANDO LOS LÍMITES MÁXIMOS DE VELOCIDAD.,PÉRDIDA DE CARRIL,MOTOCICLETA,PARTICULAR,0,0,0,0,0,0,0,0,1,0,0,0,0,1,LICENCIA,25,HOMBRE,LESIONADO,CONDUCTOR,NO,NO
2023,DMQ00395022023,0,0,DMQ,-0.301037,-78.521372,17,PICHINCHA,1701,QUITO,170150,QUITO,SIMON BOLIVAR Y S37,ZONA 9,URBANA,ND,ND,ND,ND,17/02/2023,9:50:00,DE 09H00 A 09H59,9,VIERNES,5,FEBRERO,2,NO,C23,"NO RESPETAR LAS SEÑALES REGLAMENTARIAS DE TRÁNSITO. (PARE, CEDA EL PASO, LUZ ROJA DEL SEMAFORO, ETC).",CHOQUE LATERAL,BUS,ESTADO,1,0,1,0,0,0,0,0,0,0,0,0,0,2,LICENCIA,23,HOMBRE,ILESO,CONDUCTOR,NO,NO
2023,DMQ00398022023,1,0,DMQ,-0.240834,-78.531704,17,PICHINCHA,1701,QUITO,170150,QUITO,MARISCAL SUCRE Y VIRACOCHA,ZONA 9,URBANA,ND,ND,ND,ND,17/02/2023,11:25:00,DE 11H00 A 11H59,11,VIERNES,5,FEBRERO,2,NO,C16,NO TRANSITAR POR LAS ACERAS O ZONAS DE SEGURIDAD DESTINADAS PARA EL EFECTO.,ATROPELLOS,BUS,PÚBLICO,0,0,1,0,0,0,0,0,0,0,0,0,0,1,CÉDULA,82,MUJER,LESIONADO,PEATÓN,NO,NO
2023,DMQ00399022023,0,0,DMQ,-0.206478,-78.494372,17,PICHINCHA,1701,QUITO,170150,QUITO,REINA VICTORIA Y FRANCISCO ROBLES,ZONA 9,URBANA,ND,ND,ND,ND,17/02/2023,11:55:00,DE 11H00 A 11H59,11,VIERNES,5,FEBRERO,2,NO,C23,"NO RESPETAR LAS SEÑALES REGLAMENTARIAS DE TRÁNSITO. (PARE, CEDA EL PASO, LUZ ROJA DEL SEMAFORO, ETC).",ESTRELLAMIENTOS,AUTOMÓVIL,PARTICULAR,4,0,0,0,0,0,0,0,0,0,0,0,0,4,LICENCIA,25,HOMBRE,ILESO,CONDUCTOR,NO,NO
2023,DMQ00400022023,1,0,DMQ,-0.320558,-78.553928,17,PICHINCHA,1701,QUITO,170150,QUITO,QUITUMBE ÑAN Y ARTURO TIPANGUANO,ZONA 9,URBANA,ND,ND,ND,ND,17/02/2023,12:20:00,DE 12H00 A 12H59,12,VIERNES,5,FEBRERO,2,SI,C25,NO CEDER EL DERECHO DE VÍA O PREFERENCIA DE PASO A VEHÍCULOS.,CHOQUE LATERAL,MOTOCICLETA,PARTICULAR,0,0,0,0,0,0,0,1,1,0,0,0,0,2,LICENCIA,29,HOMBRE,LESIONADO,CONDUCTOR,NO,NO
2023,DMQ00402022023,0,0,DMQ,-0.190458,-78.495826,17,PICHINCHA,1701,QUITO,170150,QUITO,CUERO Y CAICEDO Y ANTONIO DE ULLOA,ZONA 9,URBANA,ND,ND,ND,ND,17/02/2023,14:45:00,DE 14H00 A 14H59,14,VIERNES,5,FEBRERO,2,SI,C11,NO MANTENER LA DISTANCIA PRUDENCIAL CON RESPECTO AL VEHÍCULO QUE LE ANTECEDE.,COLISIÓN,AUTOMÓVIL,COMERCIAL,3,0,0,0,0,0,0,0,0,0,0,0,0,3,LICENCIA,50,HOMBRE,ILESO,CONDUCTOR,NO,NO
2023,DMQ00403022023,0,0,DMQ,-0.109008,-78.493196,17,PICHINCHA,1701,QUITO,170150,QUITO,PRENSA Y EZEQUIEL MARQUEZ,ZONA 9,URBANA,ND,ND,ND,ND,17/02/2023,15:00:00,DE 15H00 A 15H59,15,VIERNES,5,FEBRERO,2,SI,C23,"NO RESPETAR LAS SEÑALES REGLAMENTARIAS DE TRÁNSITO. (PARE, CEDA EL PASO, LUZ ROJA DEL SEMAFORO, ETC).",CHOQUE LATERAL,MOTOCICLETA,PARTICULAR,1,0,0,0,0,0,0,0,1,0,0,0,0,2,LICENCIA,57,HOMBRE,ILESO,CONDUCTOR,NO,NO