ANIO,SINIESTROS,LESIONADOS,FALLECIDOS,ENTE_DE_CONTROL,LATITUD_Y,LONGITUD_X,DPA_1,PROVINCIA,DPA_2,CANTON,DPA_3,PARROQUIA,DIRECCION,ZONA_PLANIFICACION,ZONA,ID_DE_LA_VIA,NOMBRE_DE_LA_VIA,UBICACION_DE_LA_VIA,JERARQUIA_DE_LA_VIA,FECHA,HORA,PERIODO_1,PERIODO_2,DIA_1,DIA_2,MES_1,MES_2,FERIADO,CODIGO_CAUSA,CAUSA_PROBABLE,TIPO_DE_SINIESTRO,TIPO_DE_VEHICULO_1,SERVICIO_1,AUTOMOVIL,BICICLETA,BUS,CAMION,CAMIONETA,EMERGENCIAS,ESPECIAL,FURGONETA,MOTOCICLETA,NO_IDENTIFICADO,SCOOTER_ELECTRICO,TRICIMOTO,VEHICULO_DEPORTIVO_UTILITARIO,SUMA_DE_VEHICULOS,TIPO_ID_1,EDAD_1,SEXO_1,CONDICION_1,PARTICIPANTE_1,CASCO_1,CINTURON_1
2023,DMQ00407022023,1,0,DMQ,-0.196105,-78.442464,17,PICHINCHA,1701,QUITO,170157,CUMBAYA,OSWALDO GUAYASAMIN Y PAMPITE,ZONA 9,RURAL,60,QUITO - TUMBACO - PIFO,E28C,COLECTORA,17/02/2023,18:15:00,DE 18H00 A 18H59,18,VIERNES,5,FEBRERO,2,SI,C19,REALIZAR CAMBIO BRUSCO O INDEBIDO DE CARRIL.,CHOQUE LATERAL,MOTOCICLETA,PARTICULAR,0,0,0,0,0,0,0,0,1,1,0,0,0,2,PASAPORTE,26,HOMBRE,LESIONADO,CONDUCTOR,NO,NO
2023,PNE00105022023,0,0,PNE,-0.066996,-78.467116,17,PICHINCHA,1701,QUITO,170177,POMASQUI,GRANILANDIA  -  AV.MANUEL  CORDOVA  GALARZA  y  MANUEL  JORDAN,ZONA 9,RURAL,52,QUITO - POMASQUI - REDONDEL MITAD DEL MUNDO,E28,COLECTORA,17/02/2023,19:30:00,DE 19H00 A 19H59,19,VIERNES,5,FEBRERO,2,SI,C23,"NO RESPETAR LAS SEÑALES REGLAMENTARIAS DE TRÁNSITO. (PARE, CEDA EL PASO, LUZ ROJA DEL SEMAFORO, ETC).",CHOQUE LATERAL,MOTOCICLETA,PARTICULAR,1,0,0,0,0,0,0,0,1,0,0,0,0,2,LICENCIA,54,HOMBRE,ILESO,CONDUCTOR,NO,SI
2023,DMQ00412022023,0,0,DMQ,-0.229377,-78.500771,17,PICHINCHA,1701,QUITO,170150,QUITO,VELASCO IBARRA Y REMIGIO CRESPO TORAL,ZONA 9,URBANA,ND,ND,ND,ND,17/02/2023,19:50:00,DE 19H00 A 19H59,19,VIERNES,5,FEBRERO,2,SI,C09,CONDUCIR VEHÍCULO SUPERANDO LOS LÍMITES MÁXIMOS DE VELOCIDAD.,ESTRELLAMIENTOS,AUTOMÓVIL,PARTICULAR,1,0,0,0,0,0,0,0,0,0,0,0,0,1,NO IDENTIFICADO,-1,NO IDENTIFICADO,NO IDENTIFICADO,CONDUCTOR,NO,NO
2023,DMQ00416022023,1,0,DMQ,-0.329224,-78.550448,17,PICHINCHA,1701,QUITO,170150,QUITO,MALDONADO Y NICOLAS SINGLES,ZONA 9,URBANA,ND,ND,ND,ND,17/02/2023,22:00:00,DE 22H00 A 22H59,22,VIERNES,5,FEBRERO,2,SI,C26,NO CEDER EL DERECHO DE VÍA O PREFERENCIA DE PASO AL PEATÓN.,ATROPELLOS,NO IDENTIFICADO,PARTICULAR,0,0,0,0,0,0,0,0,0,1,0,0,0,1,CÉDULA,44,HOMBRE,LESIONADO,PEATÓN,NO,NO
2023,DMQ00420022023,0,0,DMQ,-0.215414,-78.456751,17,PICHINCHA,1701,QUITO,170157,CUMBAYA,RUTA VIVA KILOMETRO 2 Y GUARANDA,ZONA 9,RURAL,ND,ND,ND,ND,17/02/2023,23:00:00,DE 23H00 A 23H59,23,VIERNES,5,FEBRERO,2,SI,C09,CONDUCIR VEHÍCULO SUPERANDO LOS LÍMITES MÁXIMOS DE VELOCIDAD.,ESTRELLAMIENTOS,CAMIÓN,CUENTA PROPIA,0,0,0,1,0,0,0,0,0,0,0,0,0,1,LICENCIA,36,HOMBRE,ILESO,CONDUCTOR,NO,NO
2023,DMQ00422022023,0,0,DMQ,-0.152232,-78.489749,17,PICHINCHA,1701,QUITO,170150,QUITO,PRENSA Y GONZALO SALAZAR,ZONA 9,URBANA,ND,ND,ND,ND,18/02/2023,0:20:00,DE 00H00 A 00H59,0,SÁBADO,6,FEBRERO,2,SI,C06,"CONDUCE BAJO LA INFLUENCIA DE ALCOHOL, SUSTANCIAS ESTUPEFACIENTES O PSICOTRÓPICAS Y/O MEDICAMENTOS.",CHOQUE POSTERIOR,AUTOMÓVIL,PARTICULAR,2,0,0,0,0,0,0,0,0,0,0,0,0,2,LICENCIA,29,HOMBRE,ILESO,CONDUCTOR,NO,NO
2023,DMQ00424022023,0,0,DMQ,-0.322546,-78.520436,17,PICHINCHA,1701,QUITO,170150,QUITO,SIMON BOLIVAR Y EL TROJE,ZONA 9,URBANA,ND,ND,ND,ND,18/02/2023,1:15:00,DE 01H00 A 01H59,1,SÁBADO,6,FEBRERO,2,SI,C11,NO MANTENER LA DISTANCIA PRUDENCIAL CON RESPECTO AL VEHÍCULO QUE LE ANTECEDE.,OTROS,AUTOMÓVIL,PARTICULAR,3,0,0,0,0,0,0,0,0,0,0,0,0,3,LICENCIA,44,HOMBRE,ILESO,CONDUCTOR,NO,NO
2023,DMQ00425022023,0,0,DMQ,-0.170227,-78.479903,17,PICHINCHA,1701,QUITO,170150,QUITO,GASPAR DE VILLARROEL Y SHYRIS,ZONA 9,URBANA,ND,ND,ND,ND,18/02/2023,1:30:00,DE 01H00 A 01H59,1,SÁBADO,6,FEBRERO,2,SI,C23,"NO RESPETAR LAS SEÑALES REGLAMENTARIAS DE TRÁNSITO. (PARE, CEDA EL PASO, LUZ ROJA DEL SEMAFORO, ETC).",CHOQUE LATERAL,AUTOMÓVIL,PARTICULAR,2,0,0,0,0,0,0,0,0,0,0,0,0,2,LICENCIA,53,HOMBRE,ILESO,CONDUCTOR,NO,NO
2023,CTE00293022023,0,0,CTE,-0.460001,-78.597222,17,PICHINCHA,1703,MEJIA,170351,ALOAG,RED VIAL ESTATAL E-20 KM 4+300 SENTIDO STO. DOMINGO-ALOAG,ZONA 2,RURAL,331,ALOAG (OBELISCO) - TANDAPI,E20,ARTERIAL,18/02/2023,3:50:00,DE 03H00 A 03H59,3,SÁBADO,6,FEBRERO,2,SI,C14,"CONDUCIR DESATENTO A LAS CONDICIONES DE TRÁNSITO (CELULAR, PANTALLAS DE VIDEO, COMIDA, MAQUILLAJE O CUALQUIER OTRO ELEMENTO DISTRACTOR).",PÉRDIDA DE CARRIL,CAMIÓN,PARTICULAR,0,0,0,1,0,0,0,0,0,0,0,0,1,2,LICENCIA,49,HOMBRE,ILESO,CONDUCTOR,NO,NO
2023,DMQ00427022023,0,1,DMQ,-0.141701,-78.474171,17,PICHINCHA,1701,QUITO,170150,QUITO,6 DE DICIEMBRE Y ISAAC BARRERA,ZONA 9,URBANA,ND,ND,ND,ND,18/02/2023,4:00:00,DE 04H00 A 04H59,4,SÁBADO,6,FEBRERO,2,SI,C03,"CONDUCIR EN ESTADO DE SOMNOLENCIA O MALAS CONDICIONES FÍSICAS (SUEÑO, CANSANCIO Y FATIGA).",PÉRDIDA DE CARRIL,MOTOCICLETA,PARTICULAR,0,0,0,0,0,0,0,0,1,0,0,0,0,1,LICENCIA,41,HOMBRE,FALLECIDO,CONDUCTOR,NO,NO
2023,DMQ00429022023,1,0,DMQ,-0.162866,-78.478266,17,PICHINCHA,1701,QUITO,170150,QUITO,SHYRIS Y RIO COCA,ZONA 9,URBANA,ND,ND,ND,ND,18/02/2023,7:20:00,DE 07H00 A 07H59,7,SÁBADO,6,FEBRERO,2,SI,C10,"CONDICIONES AMBIENTALES Y/O ATMOSFÉRICAS (NIEBLA, NEBLINA, GRANIZO, LLUVIA).",CHOQUE LATERAL,CAMIONETA,GOBIERNOS SECCIONALES,1,0,0,0,1,0,0,0,0,0,0,0,0,2,LICENCIA,53,MUJER,LESIONADO,CONDUCTOR,NO,NO
2023,DMQ00432022023,0,0,DMQ,-0.202657,-78.492477,17,PICHINCHA,1701,QUITO,170150,QUITO,JUAN LEON MERA Y WILSON,ZONA 9,URBANA,ND,ND,ND,ND,18/02/2023,8:20:00,DE 08H00 A 08H59,8,SÁBADO,6,FEBRERO,2,SI,C23,"NO RESPETAR LAS SEÑALES REGLAMENTARIAS DE TRÁNSITO. (PARE, CEDA EL PASO, LUZ ROJA DEL SEMAFORO, ETC).",CHOQUE LATERAL,CAMIONETA,PARTICULAR,1,0,0,0,1,0,0,0,0,0,0,0,0,2,LICENCIA,35,HOMBRE,ILESO,CONDUCTOR,NO,NO
2023,DMQ00435022023,1,0,DMQ,-0.323661,-78.556542,17,PICHINCHA,1701,QUITO,170150,QUITO,PEDRO CONCHA Y MARISCAL SUCRE,ZONA 9,URBANA,ND,ND,ND,ND,18/02/2023,12:00:00,DE 12H00 A 12H59,12,SÁBADO,6,FEBRERO,2,SI,C23,"NO RESPETAR LAS SEÑALES REGLAMENTARIAS DE TRÁNSITO. (PARE, CEDA EL PASO, LUZ ROJA DEL SEMAFORO, ETC).",OTROS,NO IDENTIFICADO,PARTICULAR,0,0,0,0,0,0,0,0,0,1,0,0,0,1,CÉDULA,47,HOMBRE,LESIONADO,PEATÓN,NO,NO
2023,PNE00120022023,0,0,PNE,-0.064684,-78.288298,17,PICHINCHA,1702,CAYAMBE,170251,ASCAZUBI,E35  NORTE    -  SAN  JUAN  ASCAZUBI,ZONA 2,RURAL,62,CUSUBAMBA - PIFO,E35,ARTERIAL,18/02/2023,12:45:00,DE 12H00 A 12H59,12,SÁBADO,6,FEBRERO,2,SI,C19,REALIZAR CAMBIO BRUSCO O INDEBIDO DE CARRIL.,CHOQUE LATERAL,CAMIÓN,PÚBLICO,0,0,0,1,1,0,0,0,0,0,0,0,0,2,LICENCIA,31,HOMBRE,ILESO,CONDUCTOR,NO,SI
2023,DMQ00442022023,0,0,DMQ,-0.208948,-78.500366,17,PICHINCHA,1701,QUITO,170150,QUITO,BOGOTA Y 10 DE AGOSTO,ZONA 9,URBANA,ND,ND,ND,ND,18/02/2023,16:40:00,DE 16H00 A 16H59,16,SÁBADO,6,FEBRERO,2,SI,C06,"CONDUCE BAJO LA INFLUENCIA DE ALCOHOL, SUSTANCIAS ESTUPEFACIENTES O PSICOTRÓPICAS Y/O MEDICAMENTOS.",ESTRELLAMIENTOS,MOTOCICLETA,PARTICULAR,2,0,0,0,0,0,0,0,1,0,0,0,0,3,LICENCIA,28,HOMBRE,ILESO,CONDUCTOR,NO,NO
2023,PNE00121022023,2,0,PNE,-0.429487,-78.552303,17,PICHINCHA,1703,MEJIA,170356,TAMBILLO (MEJIA),PANAMERICANA  SUR  E35    -,ZONA 2,RURAL,66,TAMBILLO - ESTACION DE PESAJE,E35 - E20,ARTERIAL,18/02/2023,16:45:00,DE 16H00 A 16H59,16,SÁBADO,6,FEBRERO,2,SI,C14,"CONDUCIR DESATENTO A LAS CONDICIONES DE TRÁNSITO (CELULAR, PANTALLAS DE VIDEO, COMIDA, MAQUILLAJE O CUALQUIER OTRO ELEMENTO DISTRACTOR).",CHOQUE POSTERIOR,VEHÍCULO DEPORTIVO UTILITARIO,PARTICULAR,2,0,0,0,0,0,0,0,0,0,0,0,1,3,CÉDULA,56,HOMBRE,LESIONADO,PASAJERO,NO,SI
2023,DMQ00444022023,2,0,DMQ,-0.115995,-78.436704,17,PICHINCHA,1701,QUITO,170155,CALDERON (CARAPUNGO),CARAPUNGO Y GARCIA MORENO,ZONA 9,RURAL,ND,ND,ND,ND,18/02/2023,16:50:00,DE 16H00 A 16H59,16,SÁBADO,6,FEBRERO,2,SI,C09,CONDUCIR VEHÍCULO SUPERANDO LOS LÍMITES MÁXIMOS DE VELOCIDAD.,CHOQUE LATERAL,MOTOCICLETA,PARTICULAR,1,0,0,0,0,0,0,0,1,0,0,0,0,2,LICENCIA,40,HOMBRE,LESIONADO,CONDUCTOR,NO,NO
2023,DMQ00450022023,1,0,DMQ,-0.317936,-78.545551,17,PICHINCHA,1701,QUITO,170150,QUITO,ISLAS MALVINAS Y E2,ZONA 9,URBANA,ND,ND,ND,ND,18/02/2023,19:20:00,DE 19H00 A 19H59,19,SÁBADO,6,FEBRERO,2,SI,C12,NO GUARDAR LA DISTANCIA LATERAL MÍNIMA DE SEGURIDAD ENTRE VEHÍCULOS.,ROZAMIENTOS,MOTOCICLETA,PARTICULAR,1,0,0,0,0,0,0,0,1,0,0,0,0,2,LICENCIA,30,HOMBRE,LESIONADO,CONDUCTOR,NO,NO
2023,DMQ00454022023,0,0,DMQ,-0.340771,-78.569161,17,PICHINCHA,1701,QUITO,170150,QUITO,S57I Y OE8G,ZONA 9,URBANA,ND,ND,ND,ND,18/02/2023,21:53:00,DE 21H00 A 21H59,21,SÁBADO,6,FEBRERO,2,SI,C26,NO CEDER EL DERECHO DE VÍA O PREFERENCIA DE PASO AL PEATÓN.,ATROPELLOS,AUTOMÓVIL,PARTICULAR,2,0,0,0,0,0,0,0,0,0,0,0,0,2,LICENCIA,37,HOMBRE,ILESO,CONDUCTOR,NO,NO
2023,DMQ00457022023,2,0,DMQ,-0.287503,-78.578643,17,PICHINCHA,1701,QUITO,170150,QUITO,CARLOS FREILE Y BUENAVENTURA,ZONA 9,URBANA,ND,ND,ND,ND,18/02/2023,22:15:00,DE 22H00 A 22H59,22,SÁBADO,6,FEBRERO,2,SI,C26,NO CEDER EL DERECHO DE VÍA O PREFERENCIA DE PASO AL PEATÓN.,ATROPELLOS,MOTOCICLETA,PARTICULAR,0,0,0,0,0,0,0,0,1,0,0,0,0,1,CÉDULA,24,HOMBRE,LESIONADO,PEATÓN,NO,NO
2023,DMQ00463022023,2,0,DMQ,-0.202749,-78.373271,17,PICHINCHA,1701,QUITO,170184,TUMBACO,OSWALDO GUAYASAMIN Y 200 METROS AL NORTE DEL PUNTE DEL CHICHE,ZONA 9,RURAL,60,QUITO - TUMBACO - PIFO,E28C,COLECTORA,18/02/2023,23:20:00,DE 23H00 A 23H59,23,SÁBADO,6,FEBRERO,2,SI,C06,"CONDUCE BAJO LA INFLUENCIA DE ALCOHOL, SUSTANCIAS ESTUPEFACIENTES O PSICOTRÓPICAS Y/O MEDICAMENTOS.",CHOQUE FRONTAL,MOTOCICLETA,PARTICULAR,0,0,0,0,1,0,0,0,1,0,0,0,0,2,LICENCIA,28,HOMBRE,LESIONADO,CONDUCTOR,NO,NO
2023,PNE00129022023,2,0,PNE,-0.346106,-78.443704,17,PICHINCHA,1705,RUMIÑAHUI,170550,SANGOLQUI,E35-SUR  -  INES  GANGOTENA,ZONA 2,RURAL,65,REDONDEL DEL COLIBRI - TAMBILLO,E35 - E20,ARTERIAL,18/02/2023,23:40:00,DE 23H00 A 23H59,23,SÁBADO,6,FEBRERO,2,SI,C14,"CONDUCIR DESATENTO A LAS CONDICIONES DE TRÁNSITO (CELULAR, PANTALLAS DE VIDEO, COMIDA, MAQUILLAJE O CUALQUIER OTRO ELEMENTO DISTRACTOR).",CHOQUE LATERAL,AUTOMÓVIL,PARTICULAR,1,0,0,0,0,0,0,0,0,0,0,0,0,1,CÉDULA,25,HOMBRE,LESIONADO,PASAJERO,NO,SI
2023,PNE00130022023,2,0,PNE,-0.334869,-78.465532,17,PICHINCHA,1705,RUMIÑAHUI,170550,SANGOLQUI,EL  INCA    -  SAN  MIGUEL  1,ZONA 2,URBANA,ND,ND,ND,ND,19/02/2023,0:30:00,DE 00H00 A 00H59,0,DOMINGO,7,FEBRERO,2,SI,C14,"CONDUCIR DESATENTO A LAS CONDICIONES DE TRÁNSITO (CELULAR, PANTALLAS DE VIDEO, COMIDA, MAQUILLAJE O CUALQUIER OTRO ELEMENTO DISTRACTOR).",CHOQUE LATERAL,MOTOCICLETA,PARTICULAR,1,0,0,0,0,0,0,0,1,0,0,0,0,2,LICENCIA,47,HOMBRE,LESIONADO,CONDUCTOR,NO,SI
2023,DMQ00464022023,1,0,DMQ,-0.316781,-78.557955,17,PICHINCHA,1701,QUITO,170150,QUITO,MARISCAL SUCRE Y JULIO ANDRADE,ZONA 9,URBANA,ND,ND,ND,ND,19/02/2023,0:30:00,DE 00H00 A 00H59,0,DOMINGO,7,FEBRERO,2,SI,C01,"CASO FORTUITO O FUERZA MAYOR (EXPLOSIÓN DE NEUMÁTICO NUEVO, DERRUMBE, INUNDACIÓN, CAÍDA DE PUENTE, ÁRBOL, PRESENCIA INTEMPESTIVA E IMPREVISTA DE SEMOVIENTES EN LA VÍA, ETC.).",OTROS,MOTOCICLETA,PARTICULAR,0,0,0,0,0,0,0,0,1,0,0,0,0,1,CÉDULA,17,MUJER,LESIONADO,PASAJERO,NO,NO
2023,DMQ00467022023,0,0,DMQ,-0.148341,-78.475406,17,PICHINCHA,1701,QUITO,170150,QUITO,6 DE DICIEMBRE Y DE LAS HORTENSIAS,ZONA 9,URBANA,ND,ND,ND,ND,19/02/2023,2:40:00,DE 02H00 A 02H59,2,DOMINGO,7,FEBRERO,2,SI,C03,"CONDUCIR EN ESTADO DE SOMNOLENCIA O MALAS CONDICIONES FÍSICAS (SUEÑO, CANSANCIO Y FATIGA).",ESTRELLAMIENTOS,AUTOMÓVIL,PARTICULAR,1,0,0,0,0,0,0,0,0,0,0,0,0,1,NO IDENTIFICADO,-1,NO IDENTIFICADO,NO IDENTIFICADO,CONDUCTOR,NO,NO
2023,CTE00324022023,0,0,CTE,-0.443657,-78.689351,17,PICHINCHA,1703,MEJIA,170351,ALOAG,RED VIAL ESTATAL E-20 KM 25 SENTIDO SANTO DOMINGO-ALOAG,ZONA 2,RURAL,ND,ND,ND,ND,19/02/2023,4:48:00,DE 04H00 A 04H59,4,DOMINGO,7,FEBRERO,2,SI,C14,"CONDUCIR DESATENTO A LAS CONDICIONES DE TRÁNSITO (CELULAR, PANTALLAS DE VIDEO, COMIDA, MAQUILLAJE O CUALQUIER OTRO ELEMENTO DISTRACTOR).",PÉRDIDA DE CARRIL,AUTOMÓVIL,PARTICULAR,2,0,0,0,0,0,0,0,0,0,0,0,0,2,LICENCIA,-1,HOMBRE,ILESO,CONDUCTOR,NO,NO
2023,PNE00135022023,0,0,PNE,-0.068176,-78.372702,17,PICHINCHA,1701,QUITO,170163,GUAYLLABAMBA,E28B  NORTE    -  PUENTE  DE  GUAYLLABAMBA,ZONA 9,RURAL,335,INTERCAMBIADOR COLLAS 3 - PUENTE GUAYLLABAMBA,E28B,COLECTORA,19/02/2023,5:30:00,DE 05H00 A 05H59,5,DOMINGO,7,FEBRERO,2,SI,C14,"CONDUCIR DESATENTO A LAS CONDICIONES DE TRÁNSITO (CELULAR, PANTALLAS DE VIDEO, COMIDA, MAQUILLAJE O CUALQUIER OTRO ELEMENTO DISTRACTOR).",PÉRDIDA DE PISTA,VEHÍCULO DEPORTIVO UTILITARIO,PARTICULAR,0,0,0,0,0,0,0,0,0,0,0,0,1,1,LICENCIA,27,HOMBRE,ILESO,CONDUCTOR,NO,SI
2023,DMQ00470022023,0,2,DMQ,-0.232621,-78.503724,17,PICHINCHA,1701,QUITO,170150,QUITO,VELASCO IBARRA Y PICHINCHA,ZONA 9,URBANA,ND,ND,ND,ND,19/02/2023,5:40:00,DE 05H00 A 05H59,5,DOMINGO,7,FEBRERO,2,SI,C09,CONDUCIR VEHÍCULO SUPERANDO LOS LÍMITES MÁXIMOS DE VELOCIDAD.,ESTRELLAMIENTOS,MOTOCICLETA,PARTICULAR,0,0,0,0,0,0,0,0,1,0,0,0,0,1,LICENCIA,30,HOMBRE,FALLECIDO,CONDUCTOR,NO,NO
2023,DMQ00471022023,0,0,DMQ,-0.220541,-78.467251,17,PICHINCHA,1701,QUITO,170150,QUITO,SIMON BOLIVAR Y 200 METROS AL SUR DE LA IMPORTADORA CUÑAS,ZONA 9,URBANA,ND,ND,ND,ND,19/02/2023,5:45:00,DE 05H00 A 05H59,5,DOMINGO,7,FEBRERO,2,SI,C09,CONDUCIR VEHÍCULO SUPERANDO LOS LÍMITES MÁXIMOS DE VELOCIDAD.,ESTRELLAMIENTOS,AUTOMÓVIL,PARTICULAR,1,0,0,0,0,0,0,0,0,0,0,0,0,1,NO IDENTIFICADO,-1,NO IDENTIFICADO,NO IDENTIFICADO,CONDUCTOR,NO,NO
2023,DMQ00474022023,0,1,DMQ,-0.214188,-78.498683,17,PICHINCHA,1701,QUITO,170150,QUITO,GRAN COLOMBIA Y YAGUACHI,ZONA 9,URBANA,ND,ND,ND,ND,19/02/2023,9:30:00,DE 09H00 A 09H59,9,DOMINGO,7,FEBRERO,2,SI,C01,"CASO FORTUITO O FUERZA MAYOR (EXPLOSIÓN DE NEUMÁTICO NUEVO, DERRUMBE, INUNDACIÓN, CAÍDA DE PUENTE, ÁRBOL, PRESENCIA INTEMPESTIVA E IMPREVISTA DE SEMOVIENTES EN LA VÍA, ETC.).",OTROS,NO IDENTIFICADO,PARTICULAR,0,0,0,0,0,0,0,0,0,1,0,0,0,1,NO IDENTIFICADO,24,HOMBRE,FALLECIDO,PEATÓN,NO,NO
2023,PNE00140022023,2,0,PNE,0.021795,-78.617105,17,PICHINCHA,1701,QUITO,170171,NONO,km  36  +700  -  via  calacali  la  independencia,ZONA 9,RURAL,54,CALACALI - SAN TADEO,E28,COLECTORA,19/02/2023,13:45:00,DE 13H00 A 13H59,13,DOMINGO,7,FEBRERO,2,SI,C23,"NO RESPETAR LAS SEÑALES REGLAMENTARIAS DE TRÁNSITO. (PARE, CEDA EL PASO, LUZ ROJA DEL SEMAFORO, ETC).",CHOQUE LATERAL,AUTOMÓVIL,PARTICULAR,1,0,0,0,0,0,0,0,0,0,0,0,0,1,CÉDULA,1,HOMBRE,LESIONADO,PASAJERO,NO,SI
2023,PNE00142022023,1,0,PNE,-0.357053,-78.436979,17,PICHINCHA,1705,RUMIÑAHUI,170550,SANGOLQUI,AV.  URBINA  JADO    -  ALFREDO  ALBORNOZ,ZONA 2,URBANA,ND,ND,ND,ND,19/02/2023,18:30:00,DE 18H00 A 18H59,18,DOMINGO,7,FEBRERO,2,SI,C26,NO CEDER EL DERECHO DE VÍA O PREFERENCIA DE PASO AL PEATÓN.,ARROLLAMIENTOS,NO IDENTIFICADO,PARTICULAR,0,0,0,0,0,0,0,0,0,1,0,0,0,1,NO IDENTIFICADO,23,MUJER,LESIONADO,PEATÓN,NO,SI
2023,DMQ00480022023,0,0,DMQ,-0.230444,-78.482463,17,PICHINCHA,1701,QUITO,170150,QUITO,ALFONSO MORA Y S2E,ZONA 9,URBANA,ND,ND,ND,ND,19/02/2023,18:30:00,DE 18H00 A 18H59,18,DOMINGO,7,FEBRERO,2,SI,C09,CONDUCIR VEHÍCULO SUPERANDO LOS LÍMITES MÁXIMOS DE VELOCIDAD.,ESTRELLAMIENTOS,AUTOMÓVIL,PARTICULAR,2,0,0,0,0,0,0,0,0,0,0,0,0,2,LICENCIA,72,HOMBRE,ILESO,CONDUCTOR,NO,NO
2023,DMQ00482022023,0,0,DMQ,-0.080965,-78.444618,17,PICHINCHA,1701,QUITO,170155,CALDERON (CARAPUNGO),DE LAS VIÑAS Y DE LAS NUECES,ZONA 9,RURAL,ND,ND,ND,ND,19/02/2023,20:00:00,DE 20H00 A 20H59,20,DOMINGO,7,FEBRERO,2,SI,C06,"CONDUCE BAJO LA INFLUENCIA DE ALCOHOL, SUSTANCIAS ESTUPEFACIENTES O PSICOTRÓPICAS Y/O MEDICAMENTOS.",CHOQUE LATERAL,AUTOMÓVIL,PARTICULAR,2,0,0,0,0,0,0,0,0,0,0,0,0,2,LICENCIA,54,HOMBRE,ILESO,CONDUCTOR,NO,NO
2023,DMQ00486022023,2,0,DMQ,-0.255245,-78.522884,17,PICHINCHA,1701,QUITO,170150,QUITO,MORASPUNGO Y TEODORO GOMEZ DE LA TORRE,ZONA 9,URBANA,ND,ND,ND,ND,19/02/2023,20:40:00,DE 20H00 A 20H59,20,DOMINGO,7,FEBRERO,2,SI,C19,REALIZAR CAMBIO BRUSCO O INDEBIDO DE CARRIL.,CHOQUE FRONTAL,MOTOCICLETA,PARTICULAR,0,0,0,0,0,0,0,0,1,1,0,0,0,2,LICENCIA,29,HOMBRE,LESIONADO,CONDUCTOR,NO,NO
2023,DMQ00490022023,0,0,DMQ,-0.261769,-78.495669,17,PICHINCHA,1701,QUITO,170156,CONOCOTO,CAMILO PONCE ENRIQUEZ Y FERNANDEZ DE HEREDIA,ZONA 9,RURAL,ND,ND,ND,ND,19/02/2023,23:00:00,DE 23H00 A 23H59,23,DOMINGO,7,FEBRERO,2,SI,C09,CONDUCIR VEHÍCULO SUPERANDO LOS LÍMITES MÁXIMOS DE VELOCIDAD.,ESTRELLAMIENTOS,AUTOMÓVIL,PARTICULAR,1,0,0,0,0,0,0,0,0,0,0,0,0,1,NO IDENTIFICADO,-1,NO IDENTIFICADO,NO IDENTIFICADO,CONDUCTOR,NO,NO
2023,PNE00158022023,3,0,PNE,-0.503324,-78.572952,17,PICHINCHA,1703,MEJIA,170350,MACHACHI,PANAMERICANA  SUR  Y  CALLE  D    -,ZONA 2,RURAL,68,ALOAG (OBELISCO) - PUENTE JAMBELI,E35,ARTERIAL,20/02/2023,6:15:00,DE 06H00 A 06H59,6,LUNES,1,FEBRERO,2,SI,C14,"CONDUCIR DESATENTO A LAS CONDICIONES DE TRÁNSITO (CELULAR, PANTALLAS DE VIDEO, COMIDA, MAQUILLAJE O CUALQUIER OTRO ELEMENTO DISTRACTOR).",ESTRELLAMIENTOS,CAMIÓN,PARTICULAR,0,0,0,1,0,0,0,0,0,0,0,0,0,1,NO IDENTIFICADO,8,HOMBRE,LESIONADO,PASAJERO,NO,SI
2023,DMQ00501022023,1,0,DMQ,-0.190435,-78.481689,17,PICHINCHA,1701,QUITO,170150,QUITO,6 DE DICIEMBRE Y SHYRIS,ZONA 9,URBANA,ND,ND,ND,ND,20/02/2023,7:30:00,DE 07H00 A 07H59,7,LUNES,1,FEBRERO,2,SI,C26,NO CEDER EL DERECHO DE VÍA O PREFERENCIA DE PASO AL PEATÓN.,ATROPELLOS,AUTOMÓVIL,PARTICULAR,1,0,0,0,0,0,0,0,0,0,0,0,0,1,CÉDULA,56,HOMBRE,LESIONADO,PEATÓN,NO,NO
2023,DMQ00502022023,1,1,DMQ,-0.283008,-78.494165,17,PICHINCHA,1701,QUITO,170156,CONOCOTO,PRINCESA TOA Y PACHACUTEC,ZONA 9,RURAL,ND,ND,ND,ND,20/02/2023,7:30:00,DE 07H00 A 07H59,7,LUNES,1,FEBRERO,2,SI,C07,"PEATÓN TRANSITA BAJO INFLUENCIA DE ALCOHOL, SUSTANCIAS ESTUPEFACIENTES O PSICOTRÓPICAS Y/O MEDICAMENTOS.",ATROPELLOS,MOTOCICLETA,PARTICULAR,0,0,0,0,0,0,0,0,1,0,0,0,0,1,NO IDENTIFICADO,47,HOMBRE,FALLECIDO,PEATÓN,NO,NO
2023,DMQ00503022023,1,0,DMQ,-0.229908,-78.523095,17,PICHINCHA,1701,QUITO,170150,QUITO,MARISCAL SUCRE Y TUMBALA,ZONA 9,URBANA,ND,ND,ND,ND,20/02/2023,7:45:00,DE 07H00 A 07H59,7,LUNES,1,FEBRERO,2,SI,C09,CONDUCIR VEHÍCULO SUPERANDO LOS LÍMITES MÁXIMOS DE VELOCIDAD.,PÉRDIDA DE CARRIL,MOTOCICLETA,PARTICULAR,0,0,0,0,0,0,0,0,1,0,0,0,0,1,LICENCIA,29,HOMBRE,LESIONADO,CONDUCTOR,NO,NO