ANIO,SINIESTROS,LESIONADOS,FALLECIDOS,ENTE_DE_CONTROL,LATITUD_Y,LONGITUD_X,DPA_1,PROVINCIA,DPA_2,CANTON,DPA_3,PARROQUIA,DIRECCION,ZONA_PLANIFICACION,ZONA,ID_DE_LA_VIA,NOMBRE_DE_LA_VIA,UBICACION_DE_LA_VIA,JERARQUIA_DE_LA_VIA,FECHA,HORA,PERIODO_1,PERIODO_2,DIA_1,DIA_2,MES_1,MES_2,FERIADO,CODIGO_CAUSA,CAUSA_PROBABLE,TIPO_DE_SINIESTRO,TIPO_DE_VEHICULO_1,SERVICIO_1,AUTOMOVIL,BICICLETA,BUS,CAMION,CAMIONETA,EMERGENCIAS,ESPECIAL,FURGONETA,MOTOCICLETA,NO_IDENTIFICADO,SCOOTER_ELECTRICO,TRICIMOTO,VEHICULO_DEPORTIVO_UTILITARIO,SUMA_DE_VEHICULOS,TIPO_ID_1,EDAD_1,SEXO_1,CONDICION_1,PARTICIPANTE_1,CASCO_1,CINTURON_1
2023,DMQ00504022023,0,0,DMQ,-0.211691,-78.429051,17,PICHINCHA,1701,QUITO,170157,CUMBAYA,MIGUEL ANGEL Y SIENA,ZONA 9,RURAL,ND,ND,ND,ND,20/02/2023,9:30:00,DE 09H00 A 09H59,9,LUNES,1,FEBRERO,2,SI,C23,"NO RESPETAR LAS SEÑALES REGLAMENTARIAS DE TRÁNSITO. (PARE, CEDA EL PASO, LUZ ROJA DEL SEMAFORO, ETC).",CHOQUE FRONTAL,CAMIONETA,PARTICULAR,1,0,0,0,1,0,0,0,0,0,0,0,0,2,LICENCIA,26,HOMBRE,ILESO,CONDUCTOR,NO,NO
2023,DMQ00508022023,1,0,DMQ,-0.250417,-78.537592,17,PICHINCHA,1701,QUITO,170150,QUITO,MARISCAL SUCRE Y EL CANELO,ZONA 9,URBANA,ND,ND,ND,ND,20/02/2023,12:23:00,DE 12H00 A 12H59,12,LUNES,1,FEBRERO,2,SI,C26,NO CEDER EL DERECHO DE VÍA O PREFERENCIA DE PASO AL PEATÓN.,ATROPELLOS,AUTOMÓVIL,PARTICULAR,1,0,0,0,0,0,0,0,0,0,0,0,0,1,CÉDULA,39,MUJER,LESIONADO,PEATÓN,NO,NO
2023,PNE00161022023,1,0,PNE,-0.341293,-78.447441,17,PICHINCHA,1705,RUMIÑAHUI,170550,SANGOLQUI,AV.  SHIRYS  -  TELLO,ZONA 2,URBANA,ND,ND,ND,ND,20/02/2023,12:30:00,DE 12H00 A 12H59,12,LUNES,1,FEBRERO,2,SI,C14,"CONDUCIR DESATENTO A LAS CONDICIONES DE TRÁNSITO (CELULAR, PANTALLAS DE VIDEO, COMIDA, MAQUILLAJE O CUALQUIER OTRO ELEMENTO DISTRACTOR).",CHOQUE FRONTAL,MOTOCICLETA,PARTICULAR,0,0,0,0,0,0,0,0,1,0,0,0,1,2,NO IDENTIFICADO,39,HOMBRE,LESIONADO,CONDUCTOR,NO,SI
2023,DMQ00509022023,0,0,DMQ,-0.280361,-78.556691,17,PICHINCHA,1701,QUITO,170150,QUITO,CARLOS FREILE Y FRANCISCO CHIRIBOGA,ZONA 9,URBANA,ND,ND,ND,ND,20/02/2023,12:45:00,DE 12H00 A 12H59,12,LUNES,1,FEBRERO,2,SI,C09,CONDUCIR VEHÍCULO SUPERANDO LOS LÍMITES MÁXIMOS DE VELOCIDAD.,CHOQUE LATERAL,AUTOMÓVIL,PARTICULAR,2,0,0,0,0,0,0,0,0,0,0,0,0,2,LICENCIA,39,HOMBRE,ILESO,CONDUCTOR,NO,NO
2023,PNE00163022023,0,0,PNE,0.051428,-78.680437,17,PICHINCHA,1701,QUITO,170169,NANEGALITO,KM  38+  800    VIA  CALACALI  LA  INDEPENDENCIA    -,ZONA 9,RURAL,54,CALACALI - SAN TADEO,E28,COLECTORA,20/02/2023,14:45:00,DE 14H00 A 14H59,14,LUNES,1,FEBRERO,2,SI,C02,"PRESENCIA DE AGENTES EXTERNOS EN LA VÍA (AGUA, ACEITE, PIEDRA, LASTRE, ESCOMBROS, MADEROS, ETC.).",CHOQUE FRONTAL,FURGONETA,PARTICULAR,0,0,0,0,0,0,0,1,0,0,0,0,0,1,LICENCIA,53,HOMBRE,ILESO,CONDUCTOR,NO,SI
2023,DMQ00513022023,1,0,DMQ,-0.213419,-78.509948,17,PICHINCHA,1701,QUITO,170150,QUITO,CARCHI Y SAN JUAN,ZONA 9,URBANA,ND,ND,ND,ND,20/02/2023,17:40:00,DE 17H00 A 17H59,17,LUNES,1,FEBRERO,2,SI,C09,CONDUCIR VEHÍCULO SUPERANDO LOS LÍMITES MÁXIMOS DE VELOCIDAD.,OTROS,MOTOCICLETA,GOBIERNOS SECCIONALES,0,0,0,0,0,0,0,0,1,1,0,0,0,2,LICENCIA,28,HOMBRE,LESIONADO,CONDUCTOR,NO,NO
2023,DMQ00517022023,1,0,DMQ,-0.157747,-78.477165,17,PICHINCHA,1701,QUITO,170150,QUITO,6 DE DICIEMBRE Y PIO VALDIVIESO,ZONA 9,URBANA,ND,ND,ND,ND,20/02/2023,19:24:00,DE 19H00 A 19H59,19,LUNES,1,FEBRERO,2,SI,C11,NO MANTENER LA DISTANCIA PRUDENCIAL CON RESPECTO AL VEHÍCULO QUE LE ANTECEDE.,CHOQUE POSTERIOR,MOTOCICLETA,PARTICULAR,1,0,0,0,0,0,0,0,1,0,0,0,0,2,LICENCIA,23,HOMBRE,LESIONADO,CONDUCTOR,NO,NO
2023,PNE00166022023,0,1,PNE,-0.130672,-78.310142,17,PICHINCHA,1701,QUITO,170159,CHECA (CHILPA),E35  NORTE    -  KM  229+950M,ZONA 9,RURAL,62,CUSUBAMBA - PIFO,E35,ARTERIAL,20/02/2023,22:30:00,DE 22H00 A 22H59,22,LUNES,1,FEBRERO,2,SI,C10,"CONDICIONES AMBIENTALES Y/O ATMOSFÉRICAS (NIEBLA, NEBLINA, GRANIZO, LLUVIA).",CHOQUE FRONTAL,CAMIÓN,PARTICULAR,0,0,0,1,1,0,0,0,0,0,0,0,0,2,LICENCIA,28,HOMBRE,FALLECIDO,CONDUCTOR,NO,SI
2023,DMQ00524022023,0,0,DMQ,-0.197032,-78.466866,17,PICHINCHA,1701,QUITO,170150,QUITO,SIMON BOLIVAR Y DE LOS CONQUISTADORES,ZONA 9,URBANA,ND,ND,ND,ND,21/02/2023,7:05:00,DE 07H00 A 07H59,7,MARTES,2,FEBRERO,2,SI,C09,CONDUCIR VEHÍCULO SUPERANDO LOS LÍMITES MÁXIMOS DE VELOCIDAD.,ESTRELLAMIENTOS,AUTOMÓVIL,PARTICULAR,1,0,0,0,0,0,0,0,0,0,0,0,0,1,NO IDENTIFICADO,-1,NO IDENTIFICADO,NO IDENTIFICADO,CONDUCTOR,NO,NO
2023,DMQ00528022023,0,0,DMQ,-0.308631,-78.559901,17,PICHINCHA,1701,QUITO,170150,QUITO,MARTIN ICAZA Y LA ECUATORIANA,ZONA 9,URBANA,ND,ND,ND,ND,21/02/2023,11:45:00,DE 11H00 A 11H59,11,MARTES,2,FEBRERO,2,SI,C09,CONDUCIR VEHÍCULO SUPERANDO LOS LÍMITES MÁXIMOS DE VELOCIDAD.,ATROPELLOS,MOTOCICLETA,PARTICULAR,0,0,0,0,0,0,0,0,1,0,0,0,0,1,CÉDULA,91,HOMBRE,ILESO,PEATÓN,NO,NO
2023,CTE00382022023,2,0,CTE,-0.414515,-78.800534,17,PICHINCHA,1703,MEJIA,170355,MANUEL CORNEJO ASTORGA,RED VIAL ESTATAL E-20 KM 19+850 SENTIDO STO.DOMINGO-ALOAG,ZONA 2,RURAL,332,TANDAPI - LIMITE PROVINCIAL ENTRE PICHINCHA Y SANTO DOMINGO,E20,ARTERIAL,21/02/2023,14:30:00,DE 14H00 A 14H59,14,MARTES,2,FEBRERO,2,SI,C14,"CONDUCIR DESATENTO A LAS CONDICIONES DE TRÁNSITO (CELULAR, PANTALLAS DE VIDEO, COMIDA, MAQUILLAJE O CUALQUIER OTRO ELEMENTO DISTRACTOR).",ESTRELLAMIENTOS,CAMIÓN,PÚBLICO,0,0,0,1,1,0,0,0,0,0,0,0,0,2,LICENCIA,33,HOMBRE,LESIONADO,CONDUCTOR,NO,NO
2023,PNE00173022023,0,1,PNE,-0.499621,-78.547631,17,PICHINCHA,1703,MEJIA,170350,MACHACHI,Fernandez  Salvador  -  VIA  A  LA  TESALIA,ZONA 2,URBANA,ND,ND,ND,ND,21/02/2023,21:30:00,DE 21H00 A 21H59,21,MARTES,2,FEBRERO,2,SI,C21,MALAS CONDICIONES DE LA VÍA Y/O CONFIGURACIÓN. (ILUMINACIÓN Y DISEÑO).,ARROLLAMIENTOS,NO IDENTIFICADO,PARTICULAR,0,0,0,0,0,0,0,0,0,1,0,0,0,1,CÉDULA,45,HOMBRE,FALLECIDO,PEATÓN,NO,SI
2023,PNE00175022023,0,0,PNE,-0.093132,-78.403687,17,PICHINCHA,1701,QUITO,170155,CALDERON (CARAPUNGO),E28  NORTE    -  KM5+100,ZONA 9,RURAL,334,PEAJE - INTERCAMBIADOR COLLAS 3,E28B,COLECTORA,22/02/2023,2:30:00,DE 02H00 A 02H59,2,MIÉRCOLES,3,FEBRERO,2,NO,C14,"CONDUCIR DESATENTO A LAS CONDICIONES DE TRÁNSITO (CELULAR, PANTALLAS DE VIDEO, COMIDA, MAQUILLAJE O CUALQUIER OTRO ELEMENTO DISTRACTOR).",PÉRDIDA DE CARRIL,AUTOMÓVIL,PARTICULAR,1,0,0,0,0,0,0,0,0,0,0,0,0,1,LICENCIA,30,MUJER,ILESO,CONDUCTOR,NO,SI
2023,DMQ00540022023,0,0,DMQ,-0.215279,-78.457048,17,PICHINCHA,1701,QUITO,170157,CUMBAYA,RUTA VIVA Y GUARANDA,ZONA 9,RURAL,ND,ND,ND,ND,22/02/2023,4:50:00,DE 04H00 A 04H59,4,MIÉRCOLES,3,FEBRERO,2,NO,C10,"CONDICIONES AMBIENTALES Y/O ATMOSFÉRICAS (NIEBLA, NEBLINA, GRANIZO, LLUVIA).",ESTRELLAMIENTOS,CAMIÓN,CUENTA PROPIA,0,0,0,1,0,0,0,0,0,0,0,0,0,1,LICENCIA,42,HOMBRE,ILESO,CONDUCTOR,NO,NO
2023,DMQ00541022023,0,0,DMQ,-0.116774,-78.473212,17,PICHINCHA,1701,QUITO,170150,QUITO,ELOY ALFARO Y DE LOS EUCALIPTOS,ZONA 9,URBANA,ND,ND,ND,ND,22/02/2023,5:00:00,DE 05H00 A 05H59,5,MIÉRCOLES,3,FEBRERO,2,NO,C09,CONDUCIR VEHÍCULO SUPERANDO LOS LÍMITES MÁXIMOS DE VELOCIDAD.,ESTRELLAMIENTOS,AUTOMÓVIL,PARTICULAR,1,0,0,0,0,0,0,0,0,0,0,0,0,1,LICENCIA,33,HOMBRE,ILESO,CONDUCTOR,NO,NO
2023,DMQ00542022023,0,0,DMQ,-0.190859,-78.457715,17,PICHINCHA,1701,QUITO,170150,QUITO,INTEROCEANICA Y SIMON BOLIVAR,ZONA 9,URBANA,60,QUITO - TUMBACO - PIFO,E28C,COLECTORA,22/02/2023,5:55:00,DE 05H00 A 05H59,5,MIÉRCOLES,3,FEBRERO,2,NO,C10,"CONDICIONES AMBIENTALES Y/O ATMOSFÉRICAS (NIEBLA, NEBLINA, GRANIZO, LLUVIA).",CHOQUE LATERAL,CAMIONETA,PARTICULAR,1,0,0,0,1,0,0,0,0,0,0,0,0,2,LICENCIA,41,HOMBRE,ILESO,CONDUCTOR,NO,NO
2023,DMQ00544022023,1,0,DMQ,-0.168826,-78.469614,17,PICHINCHA,1701,QUITO,170150,QUITO,ELOY ALFARO Y JOSE QUERI,ZONA 9,URBANA,ND,ND,ND,ND,22/02/2023,7:58:00,DE 07H00 A 07H59,7,MIÉRCOLES,3,FEBRERO,2,NO,C25,NO CEDER EL DERECHO DE VÍA O PREFERENCIA DE PASO A VEHÍCULOS.,ATROPELLOS,MOTOCICLETA,PARTICULAR,0,0,0,0,0,0,0,0,1,0,0,0,0,1,CÉDULA,62,MUJER,LESIONADO,PEATÓN,NO,NO
2023,DMQ00545022023,1,0,DMQ,-0.199135,-78.511092,17,PICHINCHA,1701,QUITO,170150,QUITO,ENRIQUE RITHER Y N22,ZONA 9,URBANA,ND,ND,ND,ND,22/02/2023,9:25:00,DE 09H00 A 09H59,9,MIÉRCOLES,3,FEBRERO,2,NO,C12,NO GUARDAR LA DISTANCIA LATERAL MÍNIMA DE SEGURIDAD ENTRE VEHÍCULOS.,ROZAMIENTOS,MOTOCICLETA,PARTICULAR,1,0,0,0,0,0,0,0,1,0,0,0,0,2,LICENCIA,28,HOMBRE,LESIONADO,CONDUCTOR,NO,NO
2023,DMQ00547022023,2,0,DMQ,-0.190897,-78.458363,17,PICHINCHA,1701,QUITO,170150,QUITO,INTEROCEANICA Y DIAGONAL A PLANTA DE ASFALTO,ZONA 9,URBANA,60,QUITO - TUMBACO - PIFO,E28C,COLECTORA,22/02/2023,10:30:00,DE 10H00 A 10H59,10,MIÉRCOLES,3,FEBRERO,2,NO,C10,"CONDICIONES AMBIENTALES Y/O ATMOSFÉRICAS (NIEBLA, NEBLINA, GRANIZO, LLUVIA).",CHOQUE LATERAL,AUTOMÓVIL,PARTICULAR,2,0,0,0,0,0,0,0,0,0,0,0,0,2,LICENCIA,47,HOMBRE,LESIONADO,CONDUCTOR,NO,NO
2023,DMQ00550022023,1,0,DMQ,-0.268585,-78.532286,17,PICHINCHA,1701,QUITO,170150,QUITO,TENIENTE HUGO ORTIZ Y BALZAR,ZONA 9,URBANA,ND,ND,ND,ND,22/02/2023,13:30:00,DE 13H00 A 13H59,13,MIÉRCOLES,3,FEBRERO,2,NO,C10,"CONDICIONES AMBIENTALES Y/O ATMOSFÉRICAS (NIEBLA, NEBLINA, GRANIZO, LLUVIA).",OTROS,MOTOCICLETA,PARTICULAR,1,0,0,0,0,0,0,0,1,0,0,0,0,2,LICENCIA,32,HOMBRE,LESIONADO,CONDUCTOR,NO,NO
2023,DMQ00558022023,0,0,DMQ,-0.245999,-78.501089,17,PICHINCHA,1701,QUITO,170150,QUITO,SIMON BOLIVAR Y JUAN BAUTISTA AGUIRRE,ZONA 9,URBANA,ND,ND,ND,ND,23/02/2023,2:58:00,DE 02H00 A 02H59,2,JUEVES,4,FEBRERO,2,NO,C09,CONDUCIR VEHÍCULO SUPERANDO LOS LÍMITES MÁXIMOS DE VELOCIDAD.,PÉRDIDA DE CARRIL,AUTOMÓVIL,PARTICULAR,1,0,0,0,0,0,0,0,0,0,0,0,0,1,LICENCIA,51,HOMBRE,ILESO,CONDUCTOR,NO,NO
2023,DMQ00560022023,0,1,DMQ,-0.285765,-78.468813,17,PICHINCHA,1701,QUITO,170156,CONOCOTO,JUAN SERAFIN CARRERA Y AUTOPISTA GENERAL RUMIÑAHUI,ZONA 9,RURAL,ND,ND,ND,ND,23/02/2023,8:30:00,DE 08H00 A 08H59,8,JUEVES,4,FEBRERO,2,NO,C09,CONDUCIR VEHÍCULO SUPERANDO LOS LÍMITES MÁXIMOS DE VELOCIDAD.,PÉRDIDA DE CARRIL,BUS,PÚBLICO,0,0,1,0,0,0,0,0,1,0,0,0,0,2,LICENCIA,25,HOMBRE,FALLECIDO,CONDUCTOR,NO,NO
2023,DMQ00561022023,0,0,DMQ,-0.154351,-78.473224,17,PICHINCHA,1701,QUITO,170150,QUITO,EL INCA Y DE LAS TORONJAS,ZONA 9,URBANA,ND,ND,ND,ND,23/02/2023,11:07:00,DE 11H00 A 11H59,11,JUEVES,4,FEBRERO,2,NO,C25,NO CEDER EL DERECHO DE VÍA O PREFERENCIA DE PASO A VEHÍCULOS.,CHOQUE LATERAL,MOTOCICLETA,PARTICULAR,1,0,0,0,0,0,0,0,1,0,0,0,0,2,LICENCIA,41,HOMBRE,ILESO,CONDUCTOR,NO,NO
2023,DMQ00562022023,0,0,DMQ,-0.195909,-78.494897,17,PICHINCHA,1701,QUITO,170150,QUITO,10 DE AGOSTO Y ORELLANA,ZONA 9,URBANA,ND,ND,ND,ND,23/02/2023,13:15:00,DE 13H00 A 13H59,13,JUEVES,4,FEBRERO,2,NO,C23,"NO RESPETAR LAS SEÑALES REGLAMENTARIAS DE TRÁNSITO. (PARE, CEDA EL PASO, LUZ ROJA DEL SEMAFORO, ETC).",CHOQUE LATERAL,AUTOMÓVIL,PARTICULAR,2,0,0,0,0,0,0,0,0,0,0,0,0,2,LICENCIA,56,MUJER,ILESO,CONDUCTOR,NO,NO
2023,DMQ00563022023,0,0,DMQ,-0.168093,-78.487017,17,PICHINCHA,1701,QUITO,170150,QUITO,10 DE AGOSTO Y AMERICA,ZONA 9,URBANA,ND,ND,ND,ND,23/02/2023,13:45:00,DE 13H00 A 13H59,13,JUEVES,4,FEBRERO,2,NO,C09,CONDUCIR VEHÍCULO SUPERANDO LOS LÍMITES MÁXIMOS DE VELOCIDAD.,OTROS,MOTOCICLETA,PARTICULAR,0,0,0,0,0,0,0,0,1,0,0,0,0,1,NO IDENTIFICADO,-1,NO IDENTIFICADO,NO IDENTIFICADO,CONDUCTOR,NO,NO
2023,DMQ00564022023,0,1,DMQ,-0.314492,-78.558322,17,PICHINCHA,1701,QUITO,170150,QUITO,MARISCAL SUCRE Y S47D,ZONA 9,URBANA,ND,ND,ND,ND,23/02/2023,13:50:00,DE 13H00 A 13H59,13,JUEVES,4,FEBRERO,2,NO,C09,CONDUCIR VEHÍCULO SUPERANDO LOS LÍMITES MÁXIMOS DE VELOCIDAD.,OTROS,CAMIÓN,CUENTA PROPIA,0,0,0,1,0,0,0,0,1,1,0,0,0,3,LICENCIA,49,HOMBRE,FALLECIDO,CONDUCTOR,NO,NO
2023,PNE00188022023,0,1,PNE,0.025442,-78.152868,17,PICHINCHA,1702,CAYAMBE,170250,CAYAMBE,PANAMERICANA  NORTE  E35    -  S/C,ZONA 2,RURAL,61,CAJAS - CAYAMBE - OTON - SANTA ROSA DE CUSUBAMBA,E35,ARTERIAL,24/02/2023,1:00:00,DE 01H00 A 01H59,1,VIERNES,5,FEBRERO,2,NO,C19,REALIZAR CAMBIO BRUSCO O INDEBIDO DE CARRIL.,CHOQUE LATERAL,VEHÍCULO DEPORTIVO UTILITARIO,PARTICULAR,0,0,0,0,0,0,0,0,0,0,0,0,1,1,LICENCIA,30,HOMBRE,FALLECIDO,CONDUCTOR,NO,SI
2023,PNE00189022023,0,0,PNE,-0.351854,-78.464171,17,PICHINCHA,1705,RUMIÑAHUI,170550,SANGOLQUI,E35  SUR  -  CALLE  PROSPERINA,ZONA 2,RURAL,65,REDONDEL DEL COLIBRI - TAMBILLO,E35 - E20,ARTERIAL,24/02/2023,4:30:00,DE 04H00 A 04H59,4,VIERNES,5,FEBRERO,2,NO,C09,CONDUCIR VEHÍCULO SUPERANDO LOS LÍMITES MÁXIMOS DE VELOCIDAD.,COLISIÓN,BUS,PÚBLICO,1,0,1,1,0,0,0,0,0,0,0,0,0,3,LICENCIA,32,HOMBRE,ILESO,CONDUCTOR,NO,SI
2023,DMQ00573022023,1,0,DMQ,-0.365095,-78.375638,17,PICHINCHA,1701,QUITO,170176,PINTAG,GENERAL PINTAG Y HACIENDA LA CLEMENCIA,ZONA 9,RURAL,ND,ND,ND,ND,24/02/2023,8:20:00,DE 08H00 A 08H59,8,VIERNES,5,FEBRERO,2,NO,C09,CONDUCIR VEHÍCULO SUPERANDO LOS LÍMITES MÁXIMOS DE VELOCIDAD.,ATROPELLOS,MOTOCICLETA,PARTICULAR,0,0,0,0,0,0,0,0,1,0,0,0,0,1,CÉDULA,52,HOMBRE,LESIONADO,PEATÓN,NO,NO
2023,DMQ00575022023,2,0,DMQ,-0.230086,-78.506722,17,PICHINCHA,1701,QUITO,170150,QUITO,PICHINCHA Y PIEDRA,ZONA 9,URBANA,ND,ND,ND,ND,24/02/2023,13:10:00,DE 13H00 A 13H59,13,VIERNES,5,FEBRERO,2,NO,C26,NO CEDER EL DERECHO DE VÍA O PREFERENCIA DE PASO AL PEATÓN.,ATROPELLOS,BUS,PÚBLICO,0,0,1,0,0,0,0,0,0,0,0,0,0,1,CÉDULA,19,HOMBRE,LESIONADO,PEATÓN,NO,NO
2023,DMQ00576022023,0,0,DMQ,-0.218072,-78.496158,17,PICHINCHA,1701,QUITO,170150,QUITO,ITCHIMBIA Y YAGUACHI,ZONA 9,URBANA,ND,ND,ND,ND,24/02/2023,14:20:00,DE 14H00 A 14H59,14,VIERNES,5,FEBRERO,2,NO,C23,"NO RESPETAR LAS SEÑALES REGLAMENTARIAS DE TRÁNSITO. (PARE, CEDA EL PASO, LUZ ROJA DEL SEMAFORO, ETC).",CHOQUE LATERAL,CAMIÓN,ESTADO,1,0,0,1,0,0,0,0,0,0,0,0,0,2,LICENCIA,42,HOMBRE,ILESO,CONDUCTOR,NO,NO
2023,DMQ00577022023,1,0,DMQ,-0.282105,-78.553938,17,PICHINCHA,1701,QUITO,170150,QUITO,MARISCAL SUCRE Y FRANCISCO CHIRIBOGA,ZONA 9,URBANA,ND,ND,ND,ND,24/02/2023,14:50:00,DE 14H00 A 14H59,14,VIERNES,5,FEBRERO,2,NO,C01,"CASO FORTUITO O FUERZA MAYOR (EXPLOSIÓN DE NEUMÁTICO NUEVO, DERRUMBE, INUNDACIÓN, CAÍDA DE PUENTE, ÁRBOL, PRESENCIA INTEMPESTIVA E IMPREVISTA DE SEMOVIENTES EN LA VÍA, ETC.).",ATROPELLOS,BUS,PÚBLICO,0,0,1,0,0,0,0,0,0,0,0,0,0,1,CÉDULA,66,MUJER,LESIONADO,PEATÓN,NO,NO
2023,DMQ00583022023,0,1,DMQ,-0.214812,-78.490261,17,PICHINCHA,1701,QUITO,170150,QUITO,VELASCO IBARRA Y MANUEL CAJIAS,ZONA 9,URBANA,ND,ND,ND,ND,24/02/2023,21:25:00,DE 21H00 A 21H59,21,VIERNES,5,FEBRERO,2,NO,C19,REALIZAR CAMBIO BRUSCO O INDEBIDO DE CARRIL.,CHOQUE LATERAL,MOTOCICLETA,PARTICULAR,1,0,0,0,0,0,0,0,1,0,0,0,0,2,LICENCIA,37,HOMBRE,FALLECIDO,CONDUCTOR,NO,NO
2023,DMQ00584022023,3,0,DMQ,-0.292224,-78.481691,17,PICHINCHA,1701,QUITO,170156,CONOCOTO,CAMILO PONCE ENRIQUEZ Y JAIME ROLDOS AGUILERA,ZONA 9,RURAL,ND,ND,ND,ND,24/02/2023,21:45:00,DE 21H00 A 21H59,21,VIERNES,5,FEBRERO,2,NO,C12,NO GUARDAR LA DISTANCIA LATERAL MÍNIMA DE SEGURIDAD ENTRE VEHÍCULOS.,CHOQUE LATERAL,MOTOCICLETA,PARTICULAR,0,0,0,0,0,0,0,0,1,1,0,0,0,2,CÉDULA,35,HOMBRE,LESIONADO,PASAJERO,NO,NO
2023,DMQ00585022023,1,0,DMQ,-0.219886,-78.510257,17,PICHINCHA,1701,QUITO,170150,QUITO,GUAYAQUIL Y MEJIA,ZONA 9,URBANA,ND,ND,ND,ND,24/02/2023,22:40:00,DE 22H00 A 22H59,22,VIERNES,5,FEBRERO,2,NO,C09,CONDUCIR VEHÍCULO SUPERANDO LOS LÍMITES MÁXIMOS DE VELOCIDAD.,PÉRDIDA DE CARRIL,MOTOCICLETA,PARTICULAR,0,0,0,0,0,0,0,0,1,0,0,0,0,1,CÉDULA,26,MUJER,LESIONADO,PASAJERO,NO,NO
2023,DMQ00586022023,1,0,DMQ,-0.064447,-78.468325,17,PICHINCHA,1701,QUITO,170177,POMASQUI,CUBA Y PARAISO,ZONA 9,RURAL,ND,ND,ND,ND,24/02/2023,23:20:00,DE 23H00 A 23H59,23,VIERNES,5,FEBRERO,2,NO,C06,"CONDUCE BAJO LA INFLUENCIA DE ALCOHOL, SUSTANCIAS ESTUPEFACIENTES O PSICOTRÓPICAS Y/O MEDICAMENTOS.",CHOQUE LATERAL,CAMIONETA,PARTICULAR,1,0,0,0,1,0,0,0,0,0,0,0,0,2,LICENCIA,24,HOMBRE,LESIONADO,CONDUCTOR,NO,NO
2023,DMQ00587022023,0,0,DMQ,-0.202832,-78.438181,17,PICHINCHA,1701,QUITO,170157,CUMBAYA,OSWALDO GUAYASAMIN Y ELOY ALFARO,ZONA 9,RURAL,60,QUITO - TUMBACO - PIFO,E28C,COLECTORA,24/02/2023,23:40:00,DE 23H00 A 23H59,23,VIERNES,5,FEBRERO,2,NO,C09,CONDUCIR VEHÍCULO SUPERANDO LOS LÍMITES MÁXIMOS DE VELOCIDAD.,ESTRELLAMIENTOS,AUTOMÓVIL,PARTICULAR,1,0,0,0,0,0,0,0,0,0,0,0,0,1,NO IDENTIFICADO,-1,NO IDENTIFICADO,NO IDENTIFICADO,CONDUCTOR,NO,NO
2023,DMQ00588022023,0,0,DMQ,-0.276343,-78.530468,17,PICHINCHA,1701,QUITO,170150,QUITO,MALDONADO Y GUANAZAN,ZONA 9,URBANA,ND,ND,ND,ND,24/02/2023,23:45:00,DE 23H00 A 23H59,23,VIERNES,5,FEBRERO,2,NO,C09,CONDUCIR VEHÍCULO SUPERANDO LOS LÍMITES MÁXIMOS DE VELOCIDAD.,ESTRELLAMIENTOS,AUTOMÓVIL,PARTICULAR,1,0,0,0,0,0,0,0,0,0,0,0,0,1,NO IDENTIFICADO,-1,NO IDENTIFICADO,NO IDENTIFICADO,CONDUCTOR,NO,NO
2023,DMQ00589022023,1,0,DMQ,-0.354803,-78.549151,17,PICHINCHA,1701,QUITO,170150,QUITO,MALDONADO Y PATRICIO ROMERO BARBERIS,ZONA 9,URBANA,56,TAMBILLO - CUTUGLAGUA,E28A,COLECTORA,25/02/2023,1:40:00,DE 01H00 A 01H59,1,SÁBADO,6,FEBRERO,2,NO,C09,CONDUCIR VEHÍCULO SUPERANDO LOS LÍMITES MÁXIMOS DE VELOCIDAD.,VOLCAMIENTOS,MOTOCICLETA,PARTICULAR,0,0,0,0,0,0,0,0,1,0,0,0,0,1,LICENCIA,25,HOMBRE,LESIONADO,CONDUCTOR,NO,NO
2023,DMQ00592022023,0,0,DMQ,-0.192511,-78.454821,17,PICHINCHA,1701,QUITO,170170,NAYON,SIMON BOLIVAR Y INTEROCEANICA,ZONA 9,URBANA,ND,ND,ND,ND,25/02/2023,5:30:00,DE 05H00 A 05H59,5,SÁBADO,6,FEBRERO,2,NO,C09,CONDUCIR VEHÍCULO SUPERANDO LOS LÍMITES MÁXIMOS DE VELOCIDAD.,ESTRELLAMIENTOS,AUTOMÓVIL,PARTICULAR,1,0,0,0,0,0,0,0,0,0,0,0,0,1,NO IDENTIFICADO,-1,NO IDENTIFICADO,NO IDENTIFICADO,CONDUCTOR,NO,NO
2023,DMQ00593022023,2,0,DMQ,-0.213919,-78.360221,17,PICHINCHA,1701,QUITO,170179,PUEMBO,OSWALDO GUAYASAMIN Y INTEROCEANICA,ZONA 9,RURAL,60,QUITO - TUMBACO - PIFO,E28C,COLECTORA,25/02/2023,6:35:00,DE 06H00 A 06H59,6,SÁBADO,6,FEBRERO,2,NO,C23,"NO RESPETAR LAS SEÑALES REGLAMENTARIAS DE TRÁNSITO. (PARE, CEDA EL PASO, LUZ ROJA DEL SEMAFORO, ETC).",CHOQUE LATERAL,MOTOCICLETA,PARTICULAR,0,0,0,0,0,0,0,0,2,0,0,0,0,2,LICENCIA,26,HOMBRE,LESIONADO,CONDUCTOR,NO,NO