ANIO,SINIESTROS,LESIONADOS,FALLECIDOS,ENTE_DE_CONTROL,LATITUD_Y,LONGITUD_X,DPA_1,PROVINCIA,DPA_2,CANTON,DPA_3,PARROQUIA,DIRECCION,ZONA_PLANIFICACION,ZONA,ID_DE_LA_VIA,NOMBRE_DE_LA_VIA,UBICACION_DE_LA_VIA,JERARQUIA_DE_LA_VIA,FECHA,HORA,PERIODO_1,PERIODO_2,DIA_1,DIA_2,MES_1,MES_2,FERIADO,CODIGO_CAUSA,CAUSA_PROBABLE,TIPO_DE_SINIESTRO,TIPO_DE_VEHICULO_1,SERVICIO_1,AUTOMOVIL,BICICLETA,BUS,CAMION,CAMIONETA,EMERGENCIAS,ESPECIAL,FURGONETA,MOTOCICLETA,NO_IDENTIFICADO,SCOOTER_ELECTRICO,TRICIMOTO,VEHICULO_DEPORTIVO_UTILITARIO,SUMA_DE_VEHICULOS,TIPO_ID_1,EDAD_1,SEXO_1,CONDICION_1,PARTICIPANTE_1,CASCO_1,CINTURON_1
2023,DMQ00596022023,0,0,DMQ,-0.221482,-78.495261,17,PICHINCHA,1701,QUITO,170150,QUITO,VELASCO IBARRA Y FRENTE A LA GASOLINERA TERPEL,ZONA 9,URBANA,ND,ND,ND,ND,25/02/2023,8:55:00,DE 08H00 A 08H59,8,SÁBADO,6,FEBRERO,2,NO,C09,CONDUCIR VEHÍCULO SUPERANDO LOS LÍMITES MÁXIMOS DE VELOCIDAD.,ESTRELLAMIENTOS,AUTOMÓVIL,PARTICULAR,1,0,0,0,0,0,0,0,0,0,0,0,0,1,NO IDENTIFICADO,-1,NO IDENTIFICADO,NO IDENTIFICADO,CONDUCTOR,NO,NO
2023,DMQ00597022023,0,0,DMQ,-0.231725,-78.490566,17,PICHINCHA,1701,QUITO,170150,QUITO,SIMON BOLIVAR Y MONJAS ALTO,ZONA 9,URBANA,ND,ND,ND,ND,25/02/2023,9:30:00,DE 09H00 A 09H59,9,SÁBADO,6,FEBRERO,2,NO,C09,CONDUCIR VEHÍCULO SUPERANDO LOS LÍMITES MÁXIMOS DE VELOCIDAD.,PÉRDIDA DE CARRIL,CAMIONETA,PARTICULAR,0,0,0,0,1,0,0,0,0,0,0,0,0,1,LICENCIA,66,HOMBRE,ILESO,CONDUCTOR,NO,NO
2023,DMQ00600022023,0,0,DMQ,-0.126451,-78.494012,17,PICHINCHA,1701,QUITO,170150,QUITO,PRENSA Y ANGEL LUDEÑA,ZONA 9,URBANA,ND,ND,ND,ND,25/02/2023,12:25:00,DE 12H00 A 12H59,12,SÁBADO,6,FEBRERO,2,NO,C23,"NO RESPETAR LAS SEÑALES REGLAMENTARIAS DE TRÁNSITO. (PARE, CEDA EL PASO, LUZ ROJA DEL SEMAFORO, ETC).",COLISIÓN,AUTOMÓVIL,PARTICULAR,3,0,0,0,0,0,0,0,0,0,0,0,0,3,LICENCIA,37,HOMBRE,ILESO,CONDUCTOR,NO,NO
2023,DMQ00601022023,0,0,DMQ,-0.265498,-78.547226,17,PICHINCHA,1701,QUITO,170150,QUITO,HUIGRA Y CHUMUNDE,ZONA 9,URBANA,ND,ND,ND,ND,25/02/2023,13:00:00,DE 13H00 A 13H59,13,SÁBADO,6,FEBRERO,2,NO,C12,NO GUARDAR LA DISTANCIA LATERAL MÍNIMA DE SEGURIDAD ENTRE VEHÍCULOS.,CHOQUE LATERAL,AUTOMÓVIL,PARTICULAR,2,0,0,0,0,0,0,0,0,0,0,0,0,2,LICENCIA,30,HOMBRE,ILESO,CONDUCTOR,NO,NO
2023,DMQ00602022023,0,0,DMQ,-0.343593,-78.561911,17,PICHINCHA,1701,QUITO,170150,QUITO,S59 Y TRANSVERSAL 11,ZONA 9,URBANA,ND,ND,ND,ND,25/02/2023,13:30:00,DE 13H00 A 13H59,13,SÁBADO,6,FEBRERO,2,NO,C25,NO CEDER EL DERECHO DE VÍA O PREFERENCIA DE PASO A VEHÍCULOS.,CHOQUE LATERAL,CAMIÓN,CUENTA PROPIA,0,0,0,1,1,0,0,0,0,0,0,0,0,2,LICENCIA,22,HOMBRE,ILESO,CONDUCTOR,NO,NO
2023,DMQ00603022023,0,0,DMQ,-0.171492,-78.485464,17,PICHINCHA,1701,QUITO,170150,QUITO,JORGE DROM Y ALFONSO PEREIRA,ZONA 9,URBANA,ND,ND,ND,ND,25/02/2023,13:40:00,DE 13H00 A 13H59,13,SÁBADO,6,FEBRERO,2,NO,C23,"NO RESPETAR LAS SEÑALES REGLAMENTARIAS DE TRÁNSITO. (PARE, CEDA EL PASO, LUZ ROJA DEL SEMAFORO, ETC).",CHOQUE LATERAL,FURGONETA,PARTICULAR,1,0,0,0,0,0,0,1,0,0,0,0,0,2,LICENCIA,44,MUJER,ILESO,CONDUCTOR,NO,NO
2023,DMQ00604022023,0,0,DMQ,-0.210818,-78.482421,17,PICHINCHA,1701,QUITO,170150,QUITO,CORUÑA Y MADRID,ZONA 9,URBANA,ND,ND,ND,ND,25/02/2023,14:00:00,DE 14H00 A 14H59,14,SÁBADO,6,FEBRERO,2,NO,C11,NO MANTENER LA DISTANCIA PRUDENCIAL CON RESPECTO AL VEHÍCULO QUE LE ANTECEDE.,CHOQUE POSTERIOR,BUS,PÚBLICO,1,0,1,0,0,0,0,0,0,0,0,0,0,2,LICENCIA,30,HOMBRE,ILESO,CONDUCTOR,NO,NO
2023,DMQ00605022023,7,0,DMQ,-0.199482,-78.459479,17,PICHINCHA,1701,QUITO,170150,QUITO,SIMON BOLIVAR Y DE LOS CONQUISTADORES,ZONA 9,URBANA,ND,ND,ND,ND,25/02/2023,15:00:00,DE 15H00 A 15H59,15,SÁBADO,6,FEBRERO,2,NO,C09,CONDUCIR VEHÍCULO SUPERANDO LOS LÍMITES MÁXIMOS DE VELOCIDAD.,OTROS,CAMIÓN,CUENTA PROPIA,4,0,0,1,0,0,0,1,0,0,0,0,0,6,LICENCIA,28,HOMBRE,LESIONADO,CONDUCTOR,NO,NO
2023,PNE00199022023,0,0,PNE,-0.100277,-78.419212,17,PICHINCHA,1701,QUITO,170155,CALDERON (CARAPUNGO),E28  KM  0+40  -,ZONA 9,RURAL,333,CALDERON - PEAJE,E28B,COLECTORA,25/02/2023,18:30:00,DE 18H00 A 18H59,18,SÁBADO,6,FEBRERO,2,NO,C14,"CONDUCIR DESATENTO A LAS CONDICIONES DE TRÁNSITO (CELULAR, PANTALLAS DE VIDEO, COMIDA, MAQUILLAJE O CUALQUIER OTRO ELEMENTO DISTRACTOR).",PÉRDIDA DE CARRIL,CAMIÓN,PÚBLICO,0,0,0,1,0,0,0,0,0,0,0,0,0,1,NO IDENTIFICADO,-1,HOMBRE,NO IDENTIFICADO,CONDUCTOR,NO,SI
2023,PNE00201022023,0,1,PNE,0.044851,-78.231328,17,PICHINCHA,1704,PEDRO MONCAYO,170450,TABACUNDO,VIA  E28B  TRAMO  JUAN  MONTALVO  -  S/C,ZONA 2,RURAL,337,GUAYLLABAMBA (REDONDEL NORTE) - PUENTE PISQUE - TABACUNDO - CAYAMBE,E28B,COLECTORA,25/02/2023,19:30:00,DE 19H00 A 19H59,19,SÁBADO,6,FEBRERO,2,NO,C18,CONDUCIR EN SENTIDO CONTRARIO A LA VÍA NORMAL DE CIRCULACIÓN.,CHOQUE FRONTAL,BUS,PÚBLICO,1,0,1,0,0,0,0,0,0,0,0,0,1,3,LICENCIA,51,HOMBRE,FALLECIDO,CONDUCTOR,NO,SI
2023,PNE00203022023,0,1,PNE,-0.263961,-78.288295,17,PICHINCHA,1701,QUITO,170175,PIFO,E35  -,ZONA 9,RURAL,50,"VIA A SANGOLQUI (PIFO - ""Y"" DE PALUGO) - LA VIRGEN DE PAPALLACTA (LIMITE NAPO)",E20,ARTERIAL,25/02/2023,19:55:00,DE 19H00 A 19H59,19,SÁBADO,6,FEBRERO,2,NO,C09,CONDUCIR VEHÍCULO SUPERANDO LOS LÍMITES MÁXIMOS DE VELOCIDAD.,PÉRDIDA DE PISTA,CAMIÓN,PÚBLICO,0,0,0,1,0,0,0,0,0,0,0,0,0,1,LICENCIA,38,HOMBRE,FALLECIDO,CONDUCTOR,NO,SI
2023,DMQ00610022023,0,0,DMQ,-0.088941,-78.456087,17,PICHINCHA,1701,QUITO,170150,QUITO,SIMON BOLIVAR Y JAVIER ESPINOZA,ZONA 9,URBANA,ND,ND,ND,ND,25/02/2023,21:45:00,DE 21H00 A 21H59,21,SÁBADO,6,FEBRERO,2,NO,C06,"CONDUCE BAJO LA INFLUENCIA DE ALCOHOL, SUSTANCIAS ESTUPEFACIENTES O PSICOTRÓPICAS Y/O MEDICAMENTOS.",CHOQUE FRONTAL,AUTOMÓVIL,COMERCIAL,2,0,0,0,0,0,0,0,0,0,0,0,0,2,LICENCIA,58,HOMBRE,ILESO,CONDUCTOR,NO,NO
2023,DMQ00612022023,0,0,DMQ,-0.274455,-78.510637,17,PICHINCHA,1701,QUITO,170150,QUITO,SIMON BOLIVAR Y GUASUNTOS,ZONA 9,URBANA,ND,ND,ND,ND,25/02/2023,23:10:00,DE 23H00 A 23H59,23,SÁBADO,6,FEBRERO,2,NO,C09,CONDUCIR VEHÍCULO SUPERANDO LOS LÍMITES MÁXIMOS DE VELOCIDAD.,ESTRELLAMIENTOS,AUTOMÓVIL,PARTICULAR,1,0,0,0,0,0,0,0,0,0,0,0,0,1,NO IDENTIFICADO,-1,NO IDENTIFICADO,NO IDENTIFICADO,CONDUCTOR,NO,NO
2023,DMQ00613022023,0,0,DMQ,-0.254827,-78.503815,17,PICHINCHA,1701,QUITO,170150,QUITO,SIMON BOLIVAR Y POMPEYA,ZONA 9,URBANA,ND,ND,ND,ND,26/02/2023,0:00:00,DE 00H00 A 00H59,0,DOMINGO,7,FEBRERO,2,NO,C09,CONDUCIR VEHÍCULO SUPERANDO LOS LÍMITES MÁXIMOS DE VELOCIDAD.,ESTRELLAMIENTOS,AUTOMÓVIL,PARTICULAR,1,0,0,0,0,0,0,0,0,0,0,0,0,1,NO IDENTIFICADO,-1,NO IDENTIFICADO,NO IDENTIFICADO,CONDUCTOR,NO,NO
2023,DMQ00616022023,0,0,DMQ,-0.060141,-78.411635,17,PICHINCHA,1701,QUITO,170155,CALDERON (CARAPUNGO),ATAHUALPA Y PANAMERICANA NORTE,ZONA 9,RURAL,ND,ND,ND,ND,26/02/2023,1:30:00,DE 01H00 A 01H59,1,DOMINGO,7,FEBRERO,2,NO,C09,CONDUCIR VEHÍCULO SUPERANDO LOS LÍMITES MÁXIMOS DE VELOCIDAD.,OTROS,AUTOMÓVIL,PARTICULAR,1,0,0,0,0,0,0,0,0,0,0,0,0,1,NO IDENTIFICADO,-1,NO IDENTIFICADO,NO IDENTIFICADO,CONDUCTOR,NO,NO
2023,PNE00208022023,0,0,PNE,-0.043131,-78.287043,17,PICHINCHA,1702,CAYAMBE,170255,SANTA ROSA DE CUZUBAMBA,E28  B  KM  6+800  -,ZONA 2,RURAL,70,SANTA ROSA DE CUSUBAMBA - GUAYLLABAMBA,E283,COLECTORA,26/02/2023,2:30:00,DE 02H00 A 02H59,2,DOMINGO,7,FEBRERO,2,NO,C14,"CONDUCIR DESATENTO A LAS CONDICIONES DE TRÁNSITO (CELULAR, PANTALLAS DE VIDEO, COMIDA, MAQUILLAJE O CUALQUIER OTRO ELEMENTO DISTRACTOR).",ESTRELLAMIENTOS,CAMIONETA,PARTICULAR,0,0,0,0,1,0,0,0,0,0,0,0,0,1,NO IDENTIFICADO,-1,HOMBRE,NO IDENTIFICADO,CONDUCTOR,NO,SI
2023,DMQ00618022023,0,0,DMQ,-0.300119,-78.558794,17,PICHINCHA,1701,QUITO,170150,QUITO,MARISCAL SUCRE Y GUAYANAY ÑAN,ZONA 9,URBANA,ND,ND,ND,ND,26/02/2023,3:20:00,DE 03H00 A 03H59,3,DOMINGO,7,FEBRERO,2,NO,C06,"CONDUCE BAJO LA INFLUENCIA DE ALCOHOL, SUSTANCIAS ESTUPEFACIENTES O PSICOTRÓPICAS Y/O MEDICAMENTOS.",ESTRELLAMIENTOS,CAMIONETA,PARTICULAR,2,0,0,0,1,0,0,0,0,0,0,0,0,3,LICENCIA,27,HOMBRE,ILESO,CONDUCTOR,NO,NO
2023,DMQ00619022023,0,1,DMQ,-0.354066,-78.529694,17,PICHINCHA,1701,QUITO,170150,QUITO,CALLE B Y PASAJE 2,ZONA 9,URBANA,ND,ND,ND,ND,26/02/2023,4:15:00,DE 04H00 A 04H59,4,DOMINGO,7,FEBRERO,2,NO,C09,CONDUCIR VEHÍCULO SUPERANDO LOS LÍMITES MÁXIMOS DE VELOCIDAD.,PÉRDIDA DE CARRIL,NO IDENTIFICADO,PARTICULAR,0,0,0,0,0,0,0,0,0,1,0,0,0,1,LICENCIA,27,HOMBRE,FALLECIDO,CONDUCTOR,NO,NO
2023,DMQ00621022023,0,0,DMQ,-0.136532,-78.473539,17,PICHINCHA,1701,QUITO,170150,QUITO,6 DE DICIEMBRE Y DE LOS PINOS,ZONA 9,URBANA,ND,ND,ND,ND,26/02/2023,5:05:00,DE 05H00 A 05H59,5,DOMINGO,7,FEBRERO,2,NO,C09,CONDUCIR VEHÍCULO SUPERANDO LOS LÍMITES MÁXIMOS DE VELOCIDAD.,ESTRELLAMIENTOS,AUTOMÓVIL,PARTICULAR,1,0,0,0,0,0,0,0,0,0,0,0,0,1,NO IDENTIFICADO,-1,NO IDENTIFICADO,NO IDENTIFICADO,CONDUCTOR,NO,NO
2023,DMQ00622022023,0,0,DMQ,-0.248941,-78.520611,17,PICHINCHA,1701,QUITO,170150,QUITO,MALDONADO Y GIL MARTIN,ZONA 9,URBANA,ND,ND,ND,ND,26/02/2023,6:15:00,DE 06H00 A 06H59,6,DOMINGO,7,FEBRERO,2,NO,C06,"CONDUCE BAJO LA INFLUENCIA DE ALCOHOL, SUSTANCIAS ESTUPEFACIENTES O PSICOTRÓPICAS Y/O MEDICAMENTOS.",CHOQUE FRONTAL,BUS,PÚBLICO,1,0,1,0,0,0,0,0,0,0,0,0,0,2,LICENCIA,59,HOMBRE,ILESO,CONDUCTOR,NO,NO
2023,PNE00210022023,2,0,PNE,-0.321337,-78.450043,17,PICHINCHA,1705,RUMIÑAHUI,170550,SANGOLQUI,AV.  GENERAL  ENRIQUEZ  -  JIPIJAPA,ZONA 2,URBANA,ND,ND,ND,ND,26/02/2023,9:30:00,DE 09H00 A 09H59,9,DOMINGO,7,FEBRERO,2,NO,C14,"CONDUCIR DESATENTO A LAS CONDICIONES DE TRÁNSITO (CELULAR, PANTALLAS DE VIDEO, COMIDA, MAQUILLAJE O CUALQUIER OTRO ELEMENTO DISTRACTOR).",CHOQUE LATERAL,MOTOCICLETA,PARTICULAR,0,0,0,0,0,0,0,0,1,0,0,0,1,2,LICENCIA,25,HOMBRE,LESIONADO,CONDUCTOR,NO,SI
2023,DMQ00625022023,0,0,DMQ,-0.089019,-78.467352,17,PICHINCHA,1701,QUITO,170150,QUITO,PEDRO VELASCO Y ISIDRO AYORA,ZONA 9,URBANA,ND,ND,ND,ND,26/02/2023,10:00:00,DE 10H00 A 10H59,10,DOMINGO,7,FEBRERO,2,NO,C23,"NO RESPETAR LAS SEÑALES REGLAMENTARIAS DE TRÁNSITO. (PARE, CEDA EL PASO, LUZ ROJA DEL SEMAFORO, ETC).",CHOQUE LATERAL,AUTOMÓVIL,COMERCIAL,2,0,0,0,0,0,0,0,0,0,0,0,0,2,LICENCIA,53,MUJER,ILESO,CONDUCTOR,NO,NO
2023,DMQ00626022023,1,1,DMQ,-0.245346,-78.533981,17,PICHINCHA,1701,QUITO,170150,QUITO,MARISCAL SUCRE Y LUIS ITURRALDE,ZONA 9,URBANA,ND,ND,ND,ND,26/02/2023,10:45:00,DE 10H00 A 10H59,10,DOMINGO,7,FEBRERO,2,NO,C23,"NO RESPETAR LAS SEÑALES REGLAMENTARIAS DE TRÁNSITO. (PARE, CEDA EL PASO, LUZ ROJA DEL SEMAFORO, ETC).",CHOQUE LATERAL,BUS,PÚBLICO,1,0,1,0,0,0,0,0,0,0,0,0,0,2,CÉDULA,58,MUJER,FALLECIDO,PASAJERO,NO,NO
2023,DMQ00627022023,2,0,DMQ,-0.114141,-78.512825,17,PICHINCHA,1701,QUITO,170150,QUITO,VIA NONO Y N70H,ZONA 9,URBANA,ND,ND,ND,ND,26/02/2023,11:30:00,DE 11H00 A 11H59,11,DOMINGO,7,FEBRERO,2,NO,C09,CONDUCIR VEHÍCULO SUPERANDO LOS LÍMITES MÁXIMOS DE VELOCIDAD.,CHOQUE FRONTAL,MOTOCICLETA,PARTICULAR,1,0,0,0,0,0,0,0,1,0,0,0,0,2,CÉDULA,75,HOMBRE,LESIONADO,PASAJERO,NO,NO
2023,DMQ00628022023,1,0,DMQ,-0.222341,-78.401474,17,PICHINCHA,1701,QUITO,170184,TUMBACO,RUTA VIVA Y KILOMETRO 8,ZONA 9,RURAL,ND,ND,ND,ND,26/02/2023,11:30:00,DE 11H00 A 11H59,11,DOMINGO,7,FEBRERO,2,NO,C26,NO CEDER EL DERECHO DE VÍA O PREFERENCIA DE PASO AL PEATÓN.,ATROPELLOS,NO IDENTIFICADO,PARTICULAR,0,0,0,0,0,0,0,0,0,1,0,0,0,1,NO IDENTIFICADO,22,HOMBRE,LESIONADO,PEATÓN,NO,NO
2023,DMQ00634022023,1,0,DMQ,-0.115069,-78.488076,17,PICHINCHA,1701,QUITO,170150,QUITO,AGUA CLARA Y LOS ARROYOS,ZONA 9,URBANA,ND,ND,ND,ND,26/02/2023,19:20:00,DE 19H00 A 19H59,19,DOMINGO,7,FEBRERO,2,NO,C05,"FALLA MECÁNICA EN LOS SISTEMAS Y/O NEÚMATICOS (SISTEMA DE FRENOS, DIRECCIÓN, ELÉCTRÓNICO O MECÁNICO).",PÉRDIDA DE CARRIL,MOTOCICLETA,PARTICULAR,0,0,0,0,0,0,0,0,1,0,0,0,0,1,LICENCIA,25,HOMBRE,LESIONADO,CONDUCTOR,NO,NO
2023,DMQ00636022023,4,0,DMQ,-0.139666,-78.445926,17,PICHINCHA,1701,QUITO,170165,LLANO CHICO,SIMON BOLIVAR Y A 1 KM DEL REDONDEL DE GUALO,ZONA 9,RURAL,ND,ND,ND,ND,26/02/2023,20:30:00,DE 20H00 A 20H59,20,DOMINGO,7,FEBRERO,2,NO,C09,CONDUCIR VEHÍCULO SUPERANDO LOS LÍMITES MÁXIMOS DE VELOCIDAD.,ESTRELLAMIENTOS,AUTOMÓVIL,COMERCIAL,1,0,0,0,0,0,0,0,0,0,0,0,0,1,CÉDULA,21,HOMBRE,LESIONADO,PASAJERO,NO,NO
2023,DMQ00637022023,0,0,DMQ,-0.141625,-78.496396,17,PICHINCHA,1701,QUITO,170150,QUITO,MACHALA Y JOSE HERBOSO,ZONA 9,URBANA,ND,ND,ND,ND,26/02/2023,20:30:00,DE 20H00 A 20H59,20,DOMINGO,7,FEBRERO,2,NO,C06,"CONDUCE BAJO LA INFLUENCIA DE ALCOHOL, SUSTANCIAS ESTUPEFACIENTES O PSICOTRÓPICAS Y/O MEDICAMENTOS.",ESTRELLAMIENTOS,MOTOCICLETA,PARTICULAR,1,0,0,0,0,0,0,0,2,0,0,0,0,3,LICENCIA,24,HOMBRE,ILESO,CONDUCTOR,NO,NO
2023,DMQ00638022023,1,1,DMQ,-0.001034,-78.521671,17,PICHINCHA,1701,QUITO,170154,CALACALI,GUAYAQUIL Y MANABI,ZONA 9,RURAL,ND,ND,ND,ND,26/02/2023,21:25:00,DE 21H00 A 21H59,21,DOMINGO,7,FEBRERO,2,NO,C09,CONDUCIR VEHÍCULO SUPERANDO LOS LÍMITES MÁXIMOS DE VELOCIDAD.,PÉRDIDA DE CARRIL,AUTOMÓVIL,PARTICULAR,1,0,0,0,0,0,0,0,0,0,0,0,0,1,CÉDULA,28,HOMBRE,FALLECIDO,PASAJERO,NO,NO
2023,DMQ00643022023,0,0,DMQ,-0.278321,-78.523036,17,PICHINCHA,1701,QUITO,170150,QUITO,CARACOL Y CALUMA,ZONA 9,URBANA,ND,ND,ND,ND,27/02/2023,6:30:00,DE 06H00 A 06H59,6,LUNES,1,FEBRERO,2,NO,C05,"FALLA MECÁNICA EN LOS SISTEMAS Y/O NEÚMATICOS (SISTEMA DE FRENOS, DIRECCIÓN, ELÉCTRÓNICO O MECÁNICO).",ESTRELLAMIENTOS,AUTOMÓVIL,PARTICULAR,1,0,0,0,0,0,0,0,0,0,0,0,0,1,NO IDENTIFICADO,-1,NO IDENTIFICADO,NO IDENTIFICADO,CONDUCTOR,NO,NO
2023,DMQ00644022023,1,0,DMQ,-0.343089,-78.567597,17,PICHINCHA,1701,QUITO,170150,QUITO,OE8C Y S61,ZONA 9,URBANA,ND,ND,ND,ND,27/02/2023,7:00:00,DE 07H00 A 07H59,7,LUNES,1,FEBRERO,2,NO,C16,NO TRANSITAR POR LAS ACERAS O ZONAS DE SEGURIDAD DESTINADAS PARA EL EFECTO.,ATROPELLOS,MOTOCICLETA,PARTICULAR,0,0,0,0,0,0,0,0,1,0,0,0,0,1,CÉDULA,32,MUJER,LESIONADO,PEATÓN,NO,NO
2023,DMQ00645022023,1,0,DMQ,-0.291971,-78.546175,17,PICHINCHA,1701,QUITO,170150,QUITO,QUITUMBE ÑAN Y AMARU ÑAN,ZONA 9,URBANA,ND,ND,ND,ND,27/02/2023,9:00:00,DE 09H00 A 09H59,9,LUNES,1,FEBRERO,2,NO,C16,NO TRANSITAR POR LAS ACERAS O ZONAS DE SEGURIDAD DESTINADAS PARA EL EFECTO.,ATROPELLOS,MOTOCICLETA,PARTICULAR,0,0,0,0,0,0,0,0,1,0,0,0,0,1,CÉDULA,70,MUJER,LESIONADO,PEATÓN,NO,NO
2023,DMQ00646022023,0,0,DMQ,-0.314808,-78.536142,17,PICHINCHA,1701,QUITO,170150,QUITO,E4D Y CASA ESQUINERA DE TRES PISOS EN CONSTRUCCION,ZONA 9,URBANA,ND,ND,ND,ND,27/02/2023,9:50:00,DE 09H00 A 09H59,9,LUNES,1,FEBRERO,2,NO,C09,CONDUCIR VEHÍCULO SUPERANDO LOS LÍMITES MÁXIMOS DE VELOCIDAD.,CHOQUE LATERAL,AUTOMÓVIL,PARTICULAR,2,0,0,0,0,0,0,0,0,0,0,0,0,2,LICENCIA,44,MUJER,ILESO,CONDUCTOR,NO,NO
2023,DMQ00647022023,1,0,DMQ,-0.221641,-78.351789,17,PICHINCHA,1701,QUITO,170175,PIFO,OSWALDO GUAYASAMIN Y E35,ZONA 9,RURAL,60,QUITO - TUMBACO - PIFO,E28C,COLECTORA,27/02/2023,11:00:00,DE 11H00 A 11H59,11,LUNES,1,FEBRERO,2,NO,C09,CONDUCIR VEHÍCULO SUPERANDO LOS LÍMITES MÁXIMOS DE VELOCIDAD.,CHOQUE POSTERIOR,CAMIÓN,CUENTA PROPIA,1,0,0,1,0,0,0,0,0,0,0,0,0,2,CÉDULA,17,MUJER,LESIONADO,PASAJERO,NO,NO
2023,DMQ00648022023,1,0,DMQ,-0.122256,-78.495576,17,PICHINCHA,1701,QUITO,170150,QUITO,PEDRO FREILE Y RIGOBERTO HEREDIA,ZONA 9,URBANA,ND,ND,ND,ND,27/02/2023,13:45:00,DE 13H00 A 13H59,13,LUNES,1,FEBRERO,2,NO,C23,"NO RESPETAR LAS SEÑALES REGLAMENTARIAS DE TRÁNSITO. (PARE, CEDA EL PASO, LUZ ROJA DEL SEMAFORO, ETC).",CHOQUE LATERAL,MOTOCICLETA,PARTICULAR,1,0,0,0,0,0,0,0,1,0,0,0,0,2,LICENCIA,58,HOMBRE,LESIONADO,CONDUCTOR,NO,NO
2023,PNE00213022023,0,0,PNE,-0.252456,-78.482646,17,PICHINCHA,1701,QUITO,170150,QUITO,AUTOPISTA  GENERAL  RUMINAHUI  -,ZONA 9,RURAL,ND,ND,ND,ND,27/02/2023,19:50:00,DE 19H00 A 19H59,19,LUNES,1,FEBRERO,2,NO,C09,CONDUCIR VEHÍCULO SUPERANDO LOS LÍMITES MÁXIMOS DE VELOCIDAD.,CHOQUE POSTERIOR,VEHÍCULO DEPORTIVO UTILITARIO,PARTICULAR,0,0,0,0,0,0,0,0,0,0,0,0,2,2,LICENCIA,28,HOMBRE,ILESO,CONDUCTOR,NO,SI
2023,DMQ00652022023,1,0,DMQ,-0.184218,-78.504139,17,PICHINCHA,1701,QUITO,170150,QUITO,ARTETA Y CALISTO Y MARIANA DE JESUS,ZONA 9,URBANA,ND,ND,ND,ND,27/02/2023,20:30:00,DE 20H00 A 20H59,20,LUNES,1,FEBRERO,2,NO,C09,CONDUCIR VEHÍCULO SUPERANDO LOS LÍMITES MÁXIMOS DE VELOCIDAD.,PÉRDIDA DE CARRIL,MOTOCICLETA,PARTICULAR,0,0,0,0,0,0,0,0,1,0,0,0,0,1,CÉDULA,23,HOMBRE,LESIONADO,PASAJERO,NO,NO
2023,PNE00214022023,0,1,PNE,-0.276162,-78.488469,17,PICHINCHA,1701,QUITO,170156,CONOCOTO,AUTOPISTA  GENERAL  RUMINAHUI  -,ZONA 9,RURAL,ND,ND,ND,ND,27/02/2023,21:00:00,DE 21H00 A 21H59,21,LUNES,1,FEBRERO,2,NO,C09,CONDUCIR VEHÍCULO SUPERANDO LOS LÍMITES MÁXIMOS DE VELOCIDAD.,PÉRDIDA DE CARRIL,MOTOCICLETA,PARTICULAR,0,0,0,0,0,0,0,0,1,0,0,0,0,1,LICENCIA,36,HOMBRE,FALLECIDO,CONDUCTOR,NO,SI
2023,DMQ00653022023,1,0,DMQ,-0.259495,-78.530171,17,PICHINCHA,1701,QUITO,170150,QUITO,TENIENTE HUGO ORTIZ Y LUIS DRESSEL,ZONA 9,URBANA,ND,ND,ND,ND,27/02/2023,23:05:00,DE 23H00 A 23H59,23,LUNES,1,FEBRERO,2,NO,C09,CONDUCIR VEHÍCULO SUPERANDO LOS LÍMITES MÁXIMOS DE VELOCIDAD.,VOLCAMIENTOS,MOTOCICLETA,PARTICULAR,0,0,0,0,0,0,0,0,1,0,0,0,0,1,LICENCIA,25,HOMBRE,LESIONADO,CONDUCTOR,NO,NO
2023,CTE00476022023,0,0,CTE,-0.387792,-78.815556,17,PICHINCHA,1703,MEJIA,170355,MANUEL CORNEJO ASTORGA,RED. ESTATAL E-20 KM 51 SENTIDO SANTO DOMINGO- ALOAG.,ZONA 2,RURAL,332,TANDAPI - LIMITE PROVINCIAL ENTRE PICHINCHA Y SANTO DOMINGO,E20,ARTERIAL,28/02/2023,5:10:00,DE 05H00 A 05H59,5,MARTES,2,FEBRERO,2,NO,C14,"CONDUCIR DESATENTO A LAS CONDICIONES DE TRÁNSITO (CELULAR, PANTALLAS DE VIDEO, COMIDA, MAQUILLAJE O CUALQUIER OTRO ELEMENTO DISTRACTOR).",ESTRELLAMIENTOS,AUTOMÓVIL,PARTICULAR,1,0,0,0,0,0,0,0,0,0,0,0,0,1,NO IDENTIFICADO,-1,HOMBRE,NO IDENTIFICADO,CONDUCTOR,NO,NO
2023,DMQ00656022023,1,0,DMQ,-0.290444,-78.446052,17,PICHINCHA,1701,QUITO,170151,ALANGASI,ILALO Y DE LAS ALONDRAS,ZONA 9,RURAL,ND,ND,ND,ND,28/02/2023,7:00:00,DE 07H00 A 07H59,7,MARTES,2,FEBRERO,2,NO,C23,"NO RESPETAR LAS SEÑALES REGLAMENTARIAS DE TRÁNSITO. (PARE, CEDA EL PASO, LUZ ROJA DEL SEMAFORO, ETC).",CHOQUE LATERAL,CAMIONETA,PARTICULAR,1,0,0,0,1,0,0,0,0,0,0,0,0,2,CÉDULA,13,MUJER,LESIONADO,PASAJERO,NO,NO