ANIO,SINIESTROS,LESIONADOS,FALLECIDOS,ENTE_DE_CONTROL,LATITUD_Y,LONGITUD_X,DPA_1,PROVINCIA,DPA_2,CANTON,DPA_3,PARROQUIA,DIRECCION,ZONA_PLANIFICACION,ZONA,ID_DE_LA_VIA,NOMBRE_DE_LA_VIA,UBICACION_DE_LA_VIA,JERARQUIA_DE_LA_VIA,FECHA,HORA,PERIODO_1,PERIODO_2,DIA_1,DIA_2,MES_1,MES_2,FERIADO,CODIGO_CAUSA,CAUSA_PROBABLE,TIPO_DE_SINIESTRO,TIPO_DE_VEHICULO_1,SERVICIO_1,AUTOMOVIL,BICICLETA,BUS,CAMION,CAMIONETA,EMERGENCIAS,ESPECIAL,FURGONETA,MOTOCICLETA,NO_IDENTIFICADO,SCOOTER_ELECTRICO,TRICIMOTO,VEHICULO_DEPORTIVO_UTILITARIO,SUMA_DE_VEHICULOS,TIPO_ID_1,EDAD_1,SEXO_1,CONDICION_1,PARTICIPANTE_1,CASCO_1,CINTURON_1
2023,DMQ00063032023,1,0,DMQ,-0.264941,-78.550311,17,PICHINCHA,1701,QUITO,170150,QUITO,MARISCAL SUCRE Y TABIAZO,ZONA 9,URBANA,ND,ND,ND,ND,3/3/2023,20:35:00,DE 20H00 A 20H59,20,VIERNES,5,MARZO,3,NO,C06,"CONDUCE BAJO LA INFLUENCIA DE ALCOHOL, SUSTANCIAS ESTUPEFACIENTES O PSICOTRÓPICAS Y/O MEDICAMENTOS.",CHOQUE POSTERIOR,MOTOCICLETA,PARTICULAR,1,0,0,0,0,0,0,0,1,0,0,0,0,2,LICENCIA,19,HOMBRE,LESIONADO,CONDUCTOR,NO,NO
2023,PNE00014032023,1,1,PNE,-0.130747,-78.305625,17,PICHINCHA,1701,QUITO,170159,CHECA (CHILPA),E35  NORTE    -  KM  227+300,ZONA 9,URBANA,62,CUSUBAMBA - PIFO,E35,ARTERIAL,3/3/2023,23:00:00,DE 23H00 A 23H59,23,VIERNES,5,MARZO,3,NO,C06,"CONDUCE BAJO LA INFLUENCIA DE ALCOHOL, SUSTANCIAS ESTUPEFACIENTES O PSICOTRÓPICAS Y/O MEDICAMENTOS.",CHOQUE FRONTAL,MOTOCICLETA,PARTICULAR,0,0,0,0,0,0,0,0,1,1,0,0,0,2,LICENCIA,54,HOMBRE,FALLECIDO,CONDUCTOR,NO,SI
2023,DMQ00069032023,0,1,DMQ,-0.102256,-78.463306,17,PICHINCHA,1701,QUITO,170150,QUITO,PANAMERICANA NORTE Y INGRESO A LOS CONJUNTOS JARDINES DE CARCELEN,ZONA 9,URBANA,57,QUITO - ENTRADA A CARAPUNGO,57,COLECTORA,4/3/2023,1:50:00,DE 01H00 A 01H59,1,SÁBADO,6,MARZO,3,NO,C10,"CONDICIONES AMBIENTALES Y/O ATMOSFÉRICAS (NIEBLA, NEBLINA, GRANIZO, LLUVIA).",ESTRELLAMIENTOS,MOTOCICLETA,PARTICULAR,0,0,0,0,0,0,0,0,1,0,0,0,0,1,LICENCIA,27,HOMBRE,FALLECIDO,CONDUCTOR,NO,NO
2023,DMQ00072032023,2,0,DMQ,-0.122214,-78.495562,17,PICHINCHA,1701,QUITO,170150,QUITO,PEDRO FREILE Y RIGOBERTO HEREDIA,ZONA 9,URBANA,ND,ND,ND,ND,4/3/2023,2:25:00,DE 02H00 A 02H59,2,SÁBADO,6,MARZO,3,NO,C06,"CONDUCE BAJO LA INFLUENCIA DE ALCOHOL, SUSTANCIAS ESTUPEFACIENTES O PSICOTRÓPICAS Y/O MEDICAMENTOS.",OTROS,CAMIONETA,PARTICULAR,2,0,0,0,1,0,0,0,0,0,0,0,0,3,LICENCIA,52,HOMBRE,LESIONADO,CONDUCTOR,NO,NO
2023,DMQ00075032023,1,0,DMQ,-0.213332,-78.518913,17,PICHINCHA,1701,QUITO,170150,QUITO,BAÑOS Y GONZALO DE LA VEGA ,ZONA 9,URBANA,ND,ND,ND,ND,4/3/2023,3:00:00,DE 03H00 A 03H59,3,SÁBADO,6,MARZO,3,NO,C09,CONDUCIR VEHÍCULO SUPERANDO LOS LÍMITES MÁXIMOS DE VELOCIDAD.,PÉRDIDA DE CARRIL,MOTOCICLETA,PARTICULAR,0,0,0,0,0,0,0,0,1,0,0,0,0,1,LICENCIA,23,HOMBRE,LESIONADO,CONDUCTOR,NO,NO
2023,DMQ00077032023,0,0,DMQ,-0.220497,-78.423489,17,PICHINCHA,1701,QUITO,170184,TUMBACO,RUTA VIVA Y KILOMETRO 6,ZONA 9,RURAL,ND,ND,ND,ND,4/3/2023,4:27:00,DE 04H00 A 04H59,4,SÁBADO,6,MARZO,3,NO,C09,CONDUCIR VEHÍCULO SUPERANDO LOS LÍMITES MÁXIMOS DE VELOCIDAD.,OTROS,AUTOMÓVIL,PARTICULAR,4,0,0,0,0,0,0,0,0,0,0,0,0,4,LICENCIA,54,HOMBRE,ILESO,CONDUCTOR,NO,NO
2023,DMQ00078032023,3,0,DMQ,-0.192905,-78.443162,17,PICHINCHA,1701,QUITO,170170,NAYON,OSWALDO GUAYASAMIN Y FRENTE AL LOCAL RETSPIZAR,ZONA 9,RURAL,60,QUITO - TUMBACO - PIFO,60,COLECTORA,4/3/2023,4:40:00,DE 04H00 A 04H59,4,SÁBADO,6,MARZO,3,NO,C09,CONDUCIR VEHÍCULO SUPERANDO LOS LÍMITES MÁXIMOS DE VELOCIDAD.,CHOQUE FRONTAL,AUTOMÓVIL,PARTICULAR,2,0,0,0,0,0,0,0,0,0,0,0,0,2,CÉDULA,23,MUJER,LESIONADO,PASAJERO,NO,NO
2023,DMQ00084032023,0,0,DMQ,-0.297794,-78.455869,17,PICHINCHA,1701,QUITO,170151,ALANGASI,ILALO Y RIO PASTAZA,ZONA 9,RURAL,ND,ND,ND,ND,4/3/2023,8:00:00,DE 08H00 A 08H59,8,SÁBADO,6,MARZO,3,NO,C23,"NO RESPETAR LAS SEÑALES REGLAMENTARIAS DE TRÁNSITO. (PARE, CEDA EL PASO, LUZ ROJA DEL SEMAFORO, ETC).",CHOQUE LATERAL,AUTOMÓVIL,PARTICULAR,2,0,0,0,0,0,0,0,0,0,0,0,0,2,LICENCIA,36,HOMBRE,ILESO,CONDUCTOR,NO,NO
2023,PNE00017032023,1,0,PNE,-0.087617,-78.486149,17,PICHINCHA,1701,QUITO,170150,QUITO,AV.  MANUEL  CORDOVA  GALARZA  -  AV.  MANUEL  CORDOVA  GALARZA,ZONA 9,RURAL,52,QUITO - POMASQUI - REDONDEL MITAD DEL MUNDO,E28,COLECTORA,4/3/2023,9:15:00,DE 09H00 A 09H59,9,SÁBADO,6,MARZO,3,NO,C14,"CONDUCIR DESATENTO A LAS CONDICIONES DE TRÁNSITO (CELULAR, PANTALLAS DE VIDEO, COMIDA, MAQUILLAJE O CUALQUIER OTRO ELEMENTO DISTRACTOR).",PÉRDIDA DE PISTA,MOTOCICLETA,PARTICULAR,0,0,0,0,0,0,0,0,1,0,0,0,0,1,LICENCIA,35,HOMBRE,LESIONADO,CONDUCTOR,NO,SI
2023,DMQ00088032023,1,0,DMQ,-0.244556,-78.533511,17,PICHINCHA,1701,QUITO,170150,QUITO,MARISCAL SUCRE Y ILLESCAS,ZONA 9,URBANA,ND,ND,ND,ND,4/3/2023,9:15:00,DE 09H00 A 09H59,9,SÁBADO,6,MARZO,3,NO,C26,NO CEDER EL DERECHO DE VÍA O PREFERENCIA DE PASO AL PEATÓN.,ATROPELLOS,NO IDENTIFICADO,PARTICULAR,0,0,0,0,0,0,0,0,0,1,0,0,0,1,CÉDULA,61,HOMBRE,LESIONADO,PEATÓN,NO,NO
2023,DMQ00089032023,0,0,DMQ,-0.225783,-78.429334,17,PICHINCHA,1701,QUITO,170184,TUMBACO,2 DE AGOSTO Y INTERVALLES,ZONA 9,RURAL,ND,ND,ND,ND,4/3/2023,10:25:00,DE 10H00 A 10H59,10,SÁBADO,6,MARZO,3,NO,C26,NO CEDER EL DERECHO DE VÍA O PREFERENCIA DE PASO AL PEATÓN.,ATROPELLOS,CAMIÓN,CUENTA PROPIA,1,0,0,1,0,0,0,0,0,0,0,0,0,2,CÉDULA,34,HOMBRE,ILESO,PEATÓN,NO,NO
2023,DMQ00092032023,0,0,DMQ,-0.101129,-78.469108,17,PICHINCHA,1701,QUITO,170150,QUITO,ELOY ALFARO Y N74C,ZONA 9,URBANA,ND,ND,ND,ND,4/3/2023,14:02:00,DE 14H00 A 14H59,14,SÁBADO,6,MARZO,3,NO,C23,"NO RESPETAR LAS SEÑALES REGLAMENTARIAS DE TRÁNSITO. (PARE, CEDA EL PASO, LUZ ROJA DEL SEMAFORO, ETC).",COLISIÓN,AUTOMÓVIL,PARTICULAR,3,0,0,0,0,0,0,0,0,0,0,0,0,3,LICENCIA,46,HOMBRE,ILESO,CONDUCTOR,NO,NO
2023,DMQ00094032023,0,0,DMQ,-0.140623,-78.475842,17,PICHINCHA,1701,QUITO,170150,QUITO,GUSTAVO VALLEJO Y MANUEL CABEZA DE VACA,ZONA 9,URBANA,ND,ND,ND,ND,4/3/2023,14:40:00,DE 14H00 A 14H59,14,SÁBADO,6,MARZO,3,NO,C23,"NO RESPETAR LAS SEÑALES REGLAMENTARIAS DE TRÁNSITO. (PARE, CEDA EL PASO, LUZ ROJA DEL SEMAFORO, ETC).",CHOQUE LATERAL,AUTOMÓVIL,PARTICULAR,2,0,0,0,0,0,0,0,0,0,0,0,0,2,LICENCIA,21,HOMBRE,ILESO,CONDUCTOR,NO,NO
2023,DMQ00095032023,1,0,DMQ,-0.262441,-78.542431,17,PICHINCHA,1701,QUITO,170150,QUITO,TOACAZO Y YANTZAZA,ZONA 9,URBANA,ND,ND,ND,ND,4/3/2023,15:45:00,DE 15H00 A 15H59,15,SÁBADO,6,MARZO,3,NO,C23,"NO RESPETAR LAS SEÑALES REGLAMENTARIAS DE TRÁNSITO. (PARE, CEDA EL PASO, LUZ ROJA DEL SEMAFORO, ETC).",CHOQUE LATERAL,MOTOCICLETA,PARTICULAR,1,0,0,0,0,0,0,0,1,0,0,0,0,2,LICENCIA,34,HOMBRE,LESIONADO,CONDUCTOR,NO,NO
2023,DMQ00096032023,1,0,DMQ,-0.140984,-78.500843,17,PICHINCHA,1701,QUITO,170150,QUITO,MARISCAL SUCRE Y CESAR VILLACRES,ZONA 9,URBANA,ND,ND,ND,ND,4/3/2023,16:40:00,DE 16H00 A 16H59,16,SÁBADO,6,MARZO,3,NO,C23,"NO RESPETAR LAS SEÑALES REGLAMENTARIAS DE TRÁNSITO. (PARE, CEDA EL PASO, LUZ ROJA DEL SEMAFORO, ETC).",CHOQUE LATERAL,CAMIÓN,CUENTA PROPIA,0,0,0,1,0,0,0,0,1,0,0,0,0,2,LICENCIA,19,HOMBRE,LESIONADO,CONDUCTOR,NO,NO
2023,DMQ00099032023,0,0,DMQ,-0.297886,-78.531157,17,PICHINCHA,1701,QUITO,170150,QUITO,GONZALO PEREZ BUSTAMANTE Y CALLE UNO,ZONA 9,URBANA,ND,ND,ND,ND,4/3/2023,17:07:00,DE 17H00 A 17H59,17,SÁBADO,6,MARZO,3,NO,C09,CONDUCIR VEHÍCULO SUPERANDO LOS LÍMITES MÁXIMOS DE VELOCIDAD.,ESTRELLAMIENTOS,CAMIÓN,CUENTA PROPIA,0,0,0,1,0,0,0,0,0,0,0,0,0,1,NO IDENTIFICADO,-1,NO IDENTIFICADO,NO IDENTIFICADO,CONDUCTOR,NO,NO
2023,DMQ00103032023,0,0,DMQ,-0.272181,-78.537755,17,PICHINCHA,1701,QUITO,170150,QUITO,TENIENTE HUGO ORTIZ Y FRANCISCO SOTO,ZONA 9,URBANA,ND,ND,ND,ND,4/3/2023,20:50:00,DE 20H00 A 20H59,20,SÁBADO,6,MARZO,3,NO,C09,CONDUCIR VEHÍCULO SUPERANDO LOS LÍMITES MÁXIMOS DE VELOCIDAD.,ESTRELLAMIENTOS,AUTOMÓVIL,PARTICULAR,1,0,0,0,0,0,0,0,0,0,0,0,0,1,LICENCIA,23,HOMBRE,ILESO,CONDUCTOR,NO,NO
2023,PNE00023032023,0,0,PNE,-0.295786,-78.461881,17,PICHINCHA,1705,RUMIÑAHUI,170550,SANGOLQUI,AUTOPISTA  GENERAL  RUMINAHUI  -  GEOVANNY  FARINA,ZONA 2,URBANA,ND,ND,ND,ND,4/3/2023,22:30:00,DE 22H00 A 22H59,22,SÁBADO,6,MARZO,3,NO,C09,CONDUCIR VEHÍCULO SUPERANDO LOS LÍMITES MÁXIMOS DE VELOCIDAD.,COLISIÓN,FURGONETA,PARTICULAR,1,0,0,0,2,0,0,1,0,0,0,0,0,4,LICENCIA,52,HOMBRE,ILESO,CONDUCTOR,NO,SI
2023,DMQ00109032023,0,0,DMQ,-0.191817,-78.454094,17,PICHINCHA,1701,QUITO,170170,NAYON,SIMON BOLIVAR Y INTEROCEANICA,ZONA 9,URBANA,ND,ND,ND,ND,5/3/2023,2:15:00,DE 02H00 A 02H59,2,DOMINGO,7,MARZO,3,NO,C09,CONDUCIR VEHÍCULO SUPERANDO LOS LÍMITES MÁXIMOS DE VELOCIDAD.,PÉRDIDA DE CARRIL,CAMIONETA,PARTICULAR,0,0,0,0,1,0,0,0,0,0,0,0,0,1,NO IDENTIFICADO,-1,NO IDENTIFICADO,NO IDENTIFICADO,CONDUCTOR,NO,NO
2023,DMQ00110032023,0,0,DMQ,-0.278401,-78.558901,17,PICHINCHA,1701,QUITO,170150,QUITO,OE10C Y S32,ZONA 9,URBANA,ND,ND,ND,ND,5/3/2023,3:00:00,DE 03H00 A 03H59,3,DOMINGO,7,MARZO,3,NO,C09,CONDUCIR VEHÍCULO SUPERANDO LOS LÍMITES MÁXIMOS DE VELOCIDAD.,ESTRELLAMIENTOS,CAMIONETA,PARTICULAR,0,0,0,0,1,0,0,0,0,0,0,0,0,1,NO IDENTIFICADO,-1,NO IDENTIFICADO,NO IDENTIFICADO,CONDUCTOR,NO,NO
2023,DMQ00111032023,0,0,DMQ,-0.243273,-78.532971,17,PICHINCHA,1701,QUITO,170150,QUITO,MARISCAL SUCRE Y DE PRADO,ZONA 9,URBANA,ND,ND,ND,ND,5/3/2023,3:00:00,DE 03H00 A 03H59,3,DOMINGO,7,MARZO,3,NO,C11,NO MANTENER LA DISTANCIA PRUDENCIAL CON RESPECTO AL VEHÍCULO QUE LE ANTECEDE.,CHOQUE POSTERIOR,AUTOMÓVIL,PARTICULAR,2,0,0,0,0,0,0,0,0,0,0,0,0,2,LICENCIA,57,HOMBRE,ILESO,CONDUCTOR,NO,NO
2023,DMQ00114032023,1,0,DMQ,-0.278968,-78.552853,17,PICHINCHA,1701,QUITO,170150,QUITO,MARISCAL SUCRE Y MORAN VALVERDE,ZONA 9,URBANA,ND,ND,ND,ND,5/3/2023,3:30:00,DE 03H00 A 03H59,3,DOMINGO,7,MARZO,3,NO,C06,"CONDUCE BAJO LA INFLUENCIA DE ALCOHOL, SUSTANCIAS ESTUPEFACIENTES O PSICOTRÓPICAS Y/O MEDICAMENTOS.",CHOQUE LATERAL,AUTOMÓVIL,PARTICULAR,2,0,0,0,0,0,0,0,0,0,0,0,0,2,CÉDULA,40,MUJER,LESIONADO,PASAJERO,NO,NO
2023,DMQ00118032023,1,0,DMQ,-0.280815,-78.548813,17,PICHINCHA,1701,QUITO,170150,QUITO,MORAN VALVERDE Y RUMICHACA ÑAN,ZONA 9,URBANA,ND,ND,ND,ND,5/3/2023,5:20:00,DE 05H00 A 05H59,5,DOMINGO,7,MARZO,3,NO,C06,"CONDUCE BAJO LA INFLUENCIA DE ALCOHOL, SUSTANCIAS ESTUPEFACIENTES O PSICOTRÓPICAS Y/O MEDICAMENTOS.",CHOQUE LATERAL,BUS,PÚBLICO,1,0,1,0,0,0,0,0,0,0,0,0,0,2,CÉDULA,35,HOMBRE,LESIONADO,PASAJERO,NO,NO
2023,DMQ00119032023,0,0,DMQ,-0.215777,-78.404431,17,PICHINCHA,1701,QUITO,170184,TUMBACO,OSWALDO GUAYASAMIN Y GASPAR DE CARVAJAL,ZONA 9,RURAL,60,QUITO - TUMBACO - PIFO,60,COLECTORA,5/3/2023,5:45:00,DE 05H00 A 05H59,5,DOMINGO,7,MARZO,3,NO,C09,CONDUCIR VEHÍCULO SUPERANDO LOS LÍMITES MÁXIMOS DE VELOCIDAD.,ESTRELLAMIENTOS,AUTOMÓVIL,PARTICULAR,1,0,0,0,0,0,0,0,0,0,0,0,0,1,NO IDENTIFICADO,-1,NO IDENTIFICADO,NO IDENTIFICADO,CONDUCTOR,NO,NO
2023,PNE00026032023,3,3,PNE,-0.003267,-78.518786,17,PICHINCHA,1701,QUITO,170154,CALACALI,AV.  MANUEL  CORDOVA  GALARZA  E28  -  JUAN  JOSE  FLORES,ZONA 9,RURAL,54,CALACALI - SAN TADEO,E28,COLECTORA,5/3/2023,6:40:00,DE 06H00 A 06H59,6,DOMINGO,7,MARZO,3,NO,C14,"CONDUCIR DESATENTO A LAS CONDICIONES DE TRÁNSITO (CELULAR, PANTALLAS DE VIDEO, COMIDA, MAQUILLAJE O CUALQUIER OTRO ELEMENTO DISTRACTOR).",CHOQUE FRONTAL,FURGONETA,PARTICULAR,1,0,0,0,0,0,0,1,0,0,0,0,0,2,CÉDULA,24,HOMBRE,FALLECIDO,PASAJERO,NO,SI
2023,DMQ00123032023,1,0,DMQ,-0.238888,-78.491833,17,PICHINCHA,1701,QUITO,170150,QUITO,SIMON BOLIVAR Y S4I,ZONA 9,URBANA,ND,ND,ND,ND,5/3/2023,12:55:00,DE 12H00 A 12H59,12,DOMINGO,7,MARZO,3,NO,C09,CONDUCIR VEHÍCULO SUPERANDO LOS LÍMITES MÁXIMOS DE VELOCIDAD.,ESTRELLAMIENTOS,AUTOMÓVIL,PARTICULAR,1,0,0,0,0,0,0,0,0,0,0,0,0,1,LICENCIA,62,HOMBRE,LESIONADO,CONDUCTOR,NO,NO
2023,DMQ00125032023,1,0,DMQ,-0.235316,-78.471792,17,PICHINCHA,1701,QUITO,170150,QUITO,SIMON BOLIVAR Y 200 METROS DE LA IMPORTADORA ACUÑA,ZONA 9,URBANA,ND,ND,ND,ND,5/3/2023,13:30:00,DE 13H00 A 13H59,13,DOMINGO,7,MARZO,3,NO,C09,CONDUCIR VEHÍCULO SUPERANDO LOS LÍMITES MÁXIMOS DE VELOCIDAD.,PÉRDIDA DE CARRIL,CAMIONETA,PARTICULAR,0,0,0,0,1,0,0,0,0,0,0,0,0,1,LICENCIA,36,HOMBRE,LESIONADO,CONDUCTOR,NO,NO
2023,DMQ00126032023,1,0,DMQ,-0.232612,-78.513932,17,PICHINCHA,1701,QUITO,170150,QUITO,MALDONADO Y SENA,ZONA 9,URBANA,ND,ND,ND,ND,5/3/2023,14:15:00,DE 14H00 A 14H59,14,DOMINGO,7,MARZO,3,NO,C09,CONDUCIR VEHÍCULO SUPERANDO LOS LÍMITES MÁXIMOS DE VELOCIDAD.,PÉRDIDA DE CARRIL,BICICLETA,PARTICULAR,0,1,0,0,0,0,0,0,0,0,0,0,0,1,NO IDENTIFICADO,17,MUJER,LESIONADO,CONDUCTOR,NO,NO
2023,PNE00028032023,0,0,PNE,-0.254261,-78.483687,17,PICHINCHA,1701,QUITO,170156,CONOCOTO,AUTOPISTA  GENERAL  RUMINAHUI  -  PUENTE  3,ZONA 9,URBANA,ND,ND,ND,ND,5/3/2023,14:30:00,DE 14H00 A 14H59,14,DOMINGO,7,MARZO,3,NO,C09,CONDUCIR VEHÍCULO SUPERANDO LOS LÍMITES MÁXIMOS DE VELOCIDAD.,CHOQUE POSTERIOR,VEHÍCULO DEPORTIVO UTILITARIO,PARTICULAR,1,0,0,0,0,0,0,0,0,0,0,0,1,2,LICENCIA,33,HOMBRE,ILESO,CONDUCTOR,NO,SI
2023,DMQ00132032023,1,0,DMQ,-0.308591,-78.525311,17,PICHINCHA,1701,QUITO,170150,QUITO,S41C Y CE10,ZONA 9,URBANA,ND,ND,ND,ND,5/3/2023,21:00:00,DE 21H00 A 21H59,21,DOMINGO,7,MARZO,3,NO,C26,NO CEDER EL DERECHO DE VÍA O PREFERENCIA DE PASO AL PEATÓN.,ATROPELLOS,NO IDENTIFICADO,PARTICULAR,0,0,0,0,0,0,0,0,0,1,0,0,0,1,CÉDULA,20,HOMBRE,LESIONADO,PEATÓN,NO,NO
2023,PNE00030032023,0,1,PNE,0.016144,-78.132791,17,PICHINCHA,1702,CAYAMBE,170250,CAYAMBE,GRAN  COLOMBIA    -  S/N,ZONA 2,URBANA,ND,ND,ND,ND,5/3/2023,21:50:00,DE 21H00 A 21H59,21,DOMINGO,7,MARZO,3,NO,C14,"CONDUCIR DESATENTO A LAS CONDICIONES DE TRÁNSITO (CELULAR, PANTALLAS DE VIDEO, COMIDA, MAQUILLAJE O CUALQUIER OTRO ELEMENTO DISTRACTOR).",ESTRELLAMIENTOS,BUS,PÚBLICO,0,0,1,0,0,0,0,0,0,1,0,0,0,2,LICENCIA,20,HOMBRE,FALLECIDO,CONDUCTOR,NO,SI
2023,PNE00032032023,0,0,PNE,-0.293747,-78.463214,17,PICHINCHA,1701,QUITO,170156,CONOCOTO,AUTOPISTA  GENERAL  RUMINAHUI  -  COLEGIO  FARINA,ZONA 9,URBANA,ND,ND,ND,ND,5/3/2023,23:00:00,DE 23H00 A 23H59,23,DOMINGO,7,MARZO,3,NO,C06,"CONDUCE BAJO LA INFLUENCIA DE ALCOHOL, SUSTANCIAS ESTUPEFACIENTES O PSICOTRÓPICAS Y/O MEDICAMENTOS.",CHOQUE LATERAL,AUTOMÓVIL,PARTICULAR,2,0,0,0,0,0,0,0,0,0,0,0,0,2,LICENCIA,42,HOMBRE,ILESO,CONDUCTOR,NO,SI
2023,DMQ00134032023,0,0,DMQ,-0.259626,-78.530399,17,PICHINCHA,1701,QUITO,170150,QUITO,TENIENTE HUGO ORTIZ Y LUIS DRESSEL,ZONA 9,URBANA,ND,ND,ND,ND,5/3/2023,23:30:00,DE 23H00 A 23H59,23,DOMINGO,7,MARZO,3,NO,C09,CONDUCIR VEHÍCULO SUPERANDO LOS LÍMITES MÁXIMOS DE VELOCIDAD.,ESTRELLAMIENTOS,AUTOMÓVIL,PARTICULAR,1,0,0,0,0,0,0,0,0,0,0,0,0,1,LICENCIA,39,HOMBRE,ILESO,CONDUCTOR,NO,NO
2023,DMQ00135032023,3,0,DMQ,-0.242654,-78.497458,17,PICHINCHA,1701,QUITO,170150,QUITO,SIMON BOLIVAR Y JUAN BAUTISTA AGUIRRE,ZONA 9,URBANA,ND,ND,ND,ND,6/3/2023,0:15:00,DE 00H00 A 00H59,0,LUNES,1,MARZO,3,NO,C09,CONDUCIR VEHÍCULO SUPERANDO LOS LÍMITES MÁXIMOS DE VELOCIDAD.,ESTRELLAMIENTOS,AUTOMÓVIL,PARTICULAR,1,0,0,0,0,0,0,0,0,0,0,0,0,1,CÉDULA,35,HOMBRE,LESIONADO,PASAJERO,NO,NO
2023,DMQ00137032023,1,0,DMQ,-0.229415,-78.512604,17,PICHINCHA,1701,QUITO,170150,QUITO,MALDONADO Y PORTILLA,ZONA 9,URBANA,ND,ND,ND,ND,6/3/2023,9:40:00,DE 09H00 A 09H59,9,LUNES,1,MARZO,3,NO,C09,CONDUCIR VEHÍCULO SUPERANDO LOS LÍMITES MÁXIMOS DE VELOCIDAD.,PÉRDIDA DE CARRIL,MOTOCICLETA,PARTICULAR,0,0,0,0,0,0,0,0,1,0,0,0,0,1,LICENCIA,33,HOMBRE,LESIONADO,CONDUCTOR,NO,NO
2023,DMQ00140032023,1,0,DMQ,-0.330549,-78.550502,17,PICHINCHA,1701,QUITO,170150,QUITO,MALDONADO Y LUCIA ALBAN,ZONA 9,URBANA,ND,ND,ND,ND,6/3/2023,14:46:00,DE 14H00 A 14H59,14,LUNES,1,MARZO,3,NO,C25,NO CEDER EL DERECHO DE VÍA O PREFERENCIA DE PASO A VEHÍCULOS.,ATROPELLOS,FURGONETA,COMERCIAL,0,0,0,0,0,0,0,1,0,0,0,0,0,1,CÉDULA,-1,HOMBRE,LESIONADO,PEATÓN,NO,NO
2023,DMQ00142032023,1,0,DMQ,-0.317692,-78.547453,17,PICHINCHA,1701,QUITO,170150,QUITO,ISLAS MALVINAS Y E1D,ZONA 9,URBANA,ND,ND,ND,ND,6/3/2023,15:53:00,DE 15H00 A 15H59,15,LUNES,1,MARZO,3,NO,C25,NO CEDER EL DERECHO DE VÍA O PREFERENCIA DE PASO A VEHÍCULOS.,ATROPELLOS,FURGONETA,PARTICULAR,0,0,0,0,0,0,0,1,0,0,0,0,0,1,CÉDULA,5,MUJER,LESIONADO,PEATÓN,NO,NO
2023,DMQ00144032023,2,0,DMQ,-0.301907,-78.533874,17,PICHINCHA,1701,QUITO,170150,QUITO,PEDRO BUSTAMANTE Y E5F,ZONA 9,URBANA,ND,ND,ND,ND,6/3/2023,18:15:00,DE 18H00 A 18H59,18,LUNES,1,MARZO,3,NO,C09,CONDUCIR VEHÍCULO SUPERANDO LOS LÍMITES MÁXIMOS DE VELOCIDAD.,PÉRDIDA DE CARRIL,MOTOCICLETA,PARTICULAR,0,0,0,0,0,0,0,0,1,0,0,0,0,1,LICENCIA,37,HOMBRE,LESIONADO,CONDUCTOR,NO,NO
2023,DMQ00146032023,1,0,DMQ,-0.104441,-78.427268,17,PICHINCHA,1701,QUITO,170155,CALDERON (CARAPUNGO),PANAMERICANA NORTE Y 9 DE AGOSTO,ZONA 9,RURAL,333,CALDERON - PEAJE,333,COLECTORA,6/3/2023,19:56:00,DE 19H00 A 19H59,19,LUNES,1,MARZO,3,NO,C16,NO TRANSITAR POR LAS ACERAS O ZONAS DE SEGURIDAD DESTINADAS PARA EL EFECTO.,ATROPELLOS,AUTOMÓVIL,PARTICULAR,1,0,0,0,0,0,0,0,0,0,0,0,0,1,NO IDENTIFICADO,28,HOMBRE,LESIONADO,PEATÓN,NO,NO
2023,DMQ00149032023,1,0,DMQ,-0.318599,-78.549285,17,PICHINCHA,1701,QUITO,170150,QUITO,MALDONADO Y GENERAL JULIO ANDRADE,ZONA 9,URBANA,ND,ND,ND,ND,7/3/2023,5:30:00,DE 05H00 A 05H59,5,MARTES,2,MARZO,3,NO,C23,"NO RESPETAR LAS SEÑALES REGLAMENTARIAS DE TRÁNSITO. (PARE, CEDA EL PASO, LUZ ROJA DEL SEMAFORO, ETC).",CHOQUE LATERAL,NO IDENTIFICADO,PARTICULAR,0,0,0,0,0,0,0,0,0,2,0,0,0,2,LICENCIA,36,HOMBRE,LESIONADO,CONDUCTOR,NO,NO
2023,PNE00036032023,0,1,PNE,-0.092121,-78.412571,17,PICHINCHA,1701,QUITO,170155,CALDERON (CARAPUNGO),E28B  KM  1+320  -  ATAHUALPA,ZONA 9,URBANA,333,CALDERON - PEAJE,E28B,COLECTORA,7/3/2023,5:50:00,DE 05H00 A 05H59,5,MARTES,2,MARZO,3,NO,C16,NO TRANSITAR POR LAS ACERAS O ZONAS DE SEGURIDAD DESTINADAS PARA EL EFECTO.,ATROPELLOS,AUTOMÓVIL,PARTICULAR,1,0,0,0,0,0,0,0,0,0,0,0,0,1,CÉDULA,34,HOMBRE,FALLECIDO,PEATÓN,NO,SI