ANIO,SINIESTROS,LESIONADOS,FALLECIDOS,ENTE_DE_CONTROL,LATITUD_Y,LONGITUD_X,DPA_1,PROVINCIA,DPA_2,CANTON,DPA_3,PARROQUIA,DIRECCION,ZONA_PLANIFICACION,ZONA,ID_DE_LA_VIA,NOMBRE_DE_LA_VIA,UBICACION_DE_LA_VIA,JERARQUIA_DE_LA_VIA,FECHA,HORA,PERIODO_1,PERIODO_2,DIA_1,DIA_2,MES_1,MES_2,FERIADO,CODIGO_CAUSA,CAUSA_PROBABLE,TIPO_DE_SINIESTRO,TIPO_DE_VEHICULO_1,SERVICIO_1,AUTOMOVIL,BICICLETA,BUS,CAMION,CAMIONETA,EMERGENCIAS,ESPECIAL,FURGONETA,MOTOCICLETA,NO_IDENTIFICADO,SCOOTER_ELECTRICO,TRICIMOTO,VEHICULO_DEPORTIVO_UTILITARIO,SUMA_DE_VEHICULOS,TIPO_ID_1,EDAD_1,SEXO_1,CONDICION_1,PARTICIPANTE_1,CASCO_1,CINTURON_1
2023,DMQ00150032023,1,0,DMQ,-0.128213,-78.471166,17,PICHINCHA,1701,QUITO,170150,QUITO,ELOY ALFARO Y JUAN MOLINEROS,ZONA 9,URBANA,ND,ND,ND,ND,7/3/2023,6:55:00,DE 06H00 A 06H59,6,MARTES,2,MARZO,3,NO,C16,NO TRANSITAR POR LAS ACERAS O ZONAS DE SEGURIDAD DESTINADAS PARA EL EFECTO.,ATROPELLOS,AUTOMÓVIL,COMERCIAL,1,0,0,0,0,0,0,0,0,0,0,0,0,1,CÉDULA,70,MUJER,LESIONADO,PEATÓN,NO,NO
2023,DMQ00151032023,2,0,DMQ,-0.140461,-78.477894,17,PICHINCHA,1701,QUITO,170150,QUITO,GONZALO ZALDUMBIDE Y CAPITAN RAMON BORJA,ZONA 9,URBANA,ND,ND,ND,ND,7/3/2023,7:20:00,DE 07H00 A 07H59,7,MARTES,2,MARZO,3,NO,C23,"NO RESPETAR LAS SEÑALES REGLAMENTARIAS DE TRÁNSITO. (PARE, CEDA EL PASO, LUZ ROJA DEL SEMAFORO, ETC).",CHOQUE LATERAL,MOTOCICLETA,PARTICULAR,0,0,0,0,1,0,0,0,1,0,0,0,0,2,LICENCIA,31,HOMBRE,LESIONADO,CONDUCTOR,NO,NO
2023,PNE00037032023,0,1,PNE,0.030643,-78.149727,17,PICHINCHA,1702,CAYAMBE,170250,CAYAMBE,NATHALIA  JARRIN  S12-35  -  JAIME  ROLDOS  AGUILERA,ZONA 2,RURAL,61,CAJAS - CAYAMBE - OTON - SANTA ROSA DE CUSUBAMBA,E35,ARTERIAL,7/3/2023,11:45:00,DE 11H00 A 11H59,11,MARTES,2,MARZO,3,NO,C16,NO TRANSITAR POR LAS ACERAS O ZONAS DE SEGURIDAD DESTINADAS PARA EL EFECTO.,ATROPELLOS,AUTOMÓVIL,PARTICULAR,1,0,0,0,0,0,0,0,0,0,0,0,0,1,CÉDULA,61,MUJER,FALLECIDO,PEATÓN,NO,SI
2023,DMQ00157032023,1,1,DMQ,-0.168551,-78.452691,17,PICHINCHA,1701,QUITO,170150,QUITO,SIMON BOLIVAR Y FRENTE AL INGRESO DE LA CASA DE LA SELECCIÓN,ZONA 9,URBANA,ND,ND,ND,ND,7/3/2023,18:20:00,DE 18H00 A 18H59,18,MARTES,2,MARZO,3,NO,C10,"CONDICIONES AMBIENTALES Y/O ATMOSFÉRICAS (NIEBLA, NEBLINA, GRANIZO, LLUVIA).",CHOQUE LATERAL,MOTOCICLETA,PARTICULAR,1,0,0,0,0,0,0,0,1,0,0,0,0,2,CÉDULA,30,MUJER,FALLECIDO,PASAJERO,SI,NO
2023,PNE00040032023,0,1,PNE,-0.235031,-78.335871,17,PICHINCHA,1701,QUITO,170175,PIFO,VIA  PIFO  -  CALLE  AMAZONAS,ZONA 9,URBANA,63,PIFO - VIA A SANGOLQUI (PIFO),E35,ARTERIAL,7/3/2023,21:30:00,DE 21H00 A 21H59,21,MARTES,2,MARZO,3,NO,C14,"CONDUCIR DESATENTO A LAS CONDICIONES DE TRÁNSITO (CELULAR, PANTALLAS DE VIDEO, COMIDA, MAQUILLAJE O CUALQUIER OTRO ELEMENTO DISTRACTOR).",ARROLLAMIENTOS,MOTOCICLETA,PARTICULAR,0,0,0,0,0,0,0,0,1,0,0,0,0,1,LICENCIA,36,HOMBRE,FALLECIDO,CONDUCTOR,NO,SI
2023,DMQ00162032023,2,0,DMQ,-0.297661,-78.550246,17,PICHINCHA,1701,QUITO,170150,QUITO,QUITUMBE ÑAN Y CONDOR ÑAN,ZONA 9,URBANA,ND,ND,ND,ND,7/3/2023,22:20:00,DE 22H00 A 22H59,22,MARTES,2,MARZO,3,NO,C10,"CONDICIONES AMBIENTALES Y/O ATMOSFÉRICAS (NIEBLA, NEBLINA, GRANIZO, LLUVIA).",CHOQUE LATERAL,MOTOCICLETA,PARTICULAR,1,0,0,0,0,0,0,0,1,0,0,0,0,2,PASAPORTE,19,HOMBRE,LESIONADO,CONDUCTOR,NO,NO
2023,DMQ00163032023,0,0,DMQ,-0.185594,-78.494182,17,PICHINCHA,1701,QUITO,170150,QUITO,ATAHUALPA Y ANTONIO DE ULLOA,ZONA 9,URBANA,ND,ND,ND,ND,7/3/2023,23:00:00,DE 23H00 A 23H59,23,MARTES,2,MARZO,3,NO,C23,"NO RESPETAR LAS SEÑALES REGLAMENTARIAS DE TRÁNSITO. (PARE, CEDA EL PASO, LUZ ROJA DEL SEMAFORO, ETC).",CHOQUE LATERAL,AUTOMÓVIL,PARTICULAR,2,0,0,0,0,0,0,0,0,0,0,0,0,2,LICENCIA,29,HOMBRE,ILESO,CONDUCTOR,NO,NO
2023,DMQ00164032023,0,0,DMQ,-0.186672,-78.479442,17,PICHINCHA,1701,QUITO,170150,QUITO,ELOY ALFARO Y 6 DE DICIEMBRE,ZONA 9,URBANA,ND,ND,ND,ND,8/3/2023,0:00:00,DE 00H00 A 00H59,0,MIÉRCOLES,3,MARZO,3,NO,C06,"CONDUCE BAJO LA INFLUENCIA DE ALCOHOL, SUSTANCIAS ESTUPEFACIENTES O PSICOTRÓPICAS Y/O MEDICAMENTOS.",CHOQUE LATERAL,AUTOMÓVIL,PARTICULAR,2,0,0,0,0,0,0,0,0,0,0,0,0,2,LICENCIA,42,HOMBRE,ILESO,CONDUCTOR,NO,NO
2023,DMQ00166032023,0,0,DMQ,-0.228593,-78.500624,17,PICHINCHA,1701,QUITO,170150,QUITO,VELASCO IBARRA Y ECHEVERRIA,ZONA 9,URBANA,ND,ND,ND,ND,8/3/2023,0:55:00,DE 00H00 A 00H59,0,MIÉRCOLES,3,MARZO,3,NO,C09,CONDUCIR VEHÍCULO SUPERANDO LOS LÍMITES MÁXIMOS DE VELOCIDAD.,ESTRELLAMIENTOS,AUTOMÓVIL,PARTICULAR,1,0,0,0,0,0,0,0,0,0,0,0,0,1,CÉDULA,26,HOMBRE,ILESO,PASAJERO,NO,NO
2023,DMQ00172032023,2,0,DMQ,-0.306432,-78.570091,17,PICHINCHA,1701,QUITO,170150,QUITO,S43A Y OE10,ZONA 9,URBANA,ND,ND,ND,ND,8/3/2023,9:15:00,DE 09H00 A 09H59,9,MIÉRCOLES,3,MARZO,3,NO,C25,NO CEDER EL DERECHO DE VÍA O PREFERENCIA DE PASO A VEHÍCULOS.,OTROS,MOTOCICLETA,PARTICULAR,0,0,0,0,0,0,0,0,1,1,0,0,0,2,CÉDULA,15,HOMBRE,LESIONADO,PASAJERO,NO,NO
2023,DMQ00173032023,0,0,DMQ,-0.211359,-78.493047,17,PICHINCHA,1701,QUITO,170150,QUITO,LADRON DE GUEVARA Y ESPAÑA,ZONA 9,URBANA,ND,ND,ND,ND,8/3/2023,11:00:00,DE 11H00 A 11H59,11,MIÉRCOLES,3,MARZO,3,NO,C23,"NO RESPETAR LAS SEÑALES REGLAMENTARIAS DE TRÁNSITO. (PARE, CEDA EL PASO, LUZ ROJA DEL SEMAFORO, ETC).",CHOQUE LATERAL,BUS,PÚBLICO,1,0,1,0,0,0,0,0,0,0,0,0,0,2,LICENCIA,37,HOMBRE,ILESO,CONDUCTOR,NO,NO
2023,DMQ00174032023,1,0,DMQ,-0.268624,-78.542592,17,PICHINCHA,1701,QUITO,170150,QUITO,BONIFACIO AGUILAR Y JUAN BARREIRO,ZONA 9,URBANA,ND,ND,ND,ND,8/3/2023,12:05:00,DE 12H00 A 12H59,12,MIÉRCOLES,3,MARZO,3,NO,C06,"CONDUCE BAJO LA INFLUENCIA DE ALCOHOL, SUSTANCIAS ESTUPEFACIENTES O PSICOTRÓPICAS Y/O MEDICAMENTOS.",ATROPELLOS,AUTOMÓVIL,PARTICULAR,2,0,0,0,0,0,0,0,0,0,0,0,0,2,CÉDULA,61,HOMBRE,LESIONADO,PEATÓN,NO,NO
2023,DMQ00175032023,1,0,DMQ,-0.200591,-78.497109,17,PICHINCHA,1701,QUITO,170150,QUITO,10 DE AGOSTO Y MARCHENA,ZONA 9,URBANA,ND,ND,ND,ND,8/3/2023,13:00:00,DE 13H00 A 13H59,13,MIÉRCOLES,3,MARZO,3,NO,C23,"NO RESPETAR LAS SEÑALES REGLAMENTARIAS DE TRÁNSITO. (PARE, CEDA EL PASO, LUZ ROJA DEL SEMAFORO, ETC).",CHOQUE LATERAL,MOTOCICLETA,PARTICULAR,1,0,0,0,0,0,0,0,1,0,0,0,0,2,PASAPORTE,20,HOMBRE,LESIONADO,CONDUCTOR,NO,NO
2023,DMQ00176032023,0,0,DMQ,-0.190443,-78.454364,17,PICHINCHA,1701,QUITO,170150,QUITO,SIMON BOLIVAR Y OSWALDO GUAYASAMIN,ZONA 9,URBANA,60,QUITO - TUMBACO - PIFO,60,COLECTORA,8/3/2023,14:10:00,DE 14H00 A 14H59,14,MIÉRCOLES,3,MARZO,3,NO,C10,"CONDICIONES AMBIENTALES Y/O ATMOSFÉRICAS (NIEBLA, NEBLINA, GRANIZO, LLUVIA).",COLISIÓN,AUTOMÓVIL,PARTICULAR,3,0,0,0,0,0,0,0,0,0,0,0,0,3,LICENCIA,44,HOMBRE,ILESO,CONDUCTOR,NO,NO
2023,DMQ00177032023,0,0,DMQ,-0.280439,-78.556595,17,PICHINCHA,1701,QUITO,170150,QUITO,FRANCISCO CHIRIBOGA Y CARLOS FREILE,ZONA 9,URBANA,ND,ND,ND,ND,8/3/2023,14:45:00,DE 14H00 A 14H59,14,MIÉRCOLES,3,MARZO,3,NO,C23,"NO RESPETAR LAS SEÑALES REGLAMENTARIAS DE TRÁNSITO. (PARE, CEDA EL PASO, LUZ ROJA DEL SEMAFORO, ETC).",CHOQUE LATERAL,AUTOMÓVIL,PARTICULAR,2,0,0,0,0,0,0,0,0,0,0,0,0,2,LICENCIA,72,HOMBRE,ILESO,CONDUCTOR,NO,NO
2023,DMQ00178032023,1,0,DMQ,-0.250376,-78.537564,17,PICHINCHA,1701,QUITO,170150,QUITO,MARISCAL SUCRE Y EL CANELO,ZONA 9,URBANA,ND,ND,ND,ND,8/3/2023,16:40:00,DE 16H00 A 16H59,16,MIÉRCOLES,3,MARZO,3,NO,C25,NO CEDER EL DERECHO DE VÍA O PREFERENCIA DE PASO A VEHÍCULOS.,ATROPELLOS,BUS,PÚBLICO,0,0,1,0,0,0,0,0,0,0,0,0,0,1,CÉDULA,-1,HOMBRE,LESIONADO,PEATÓN,NO,NO
2023,DMQ00180032023,0,0,DMQ,-0.189939,-78.478041,17,PICHINCHA,1701,QUITO,170150,QUITO,OSWALDO GUAYASAMIN ( INTEROCEANICA) Y 6 DE DICIEMBRE,ZONA 9,URBANA,60,QUITO - TUMBACO - PIFO,60,COLECTORA,8/3/2023,17:10:00,DE 17H00 A 17H59,17,MIÉRCOLES,3,MARZO,3,NO,C10,"CONDICIONES AMBIENTALES Y/O ATMOSFÉRICAS (NIEBLA, NEBLINA, GRANIZO, LLUVIA).",ESTRELLAMIENTOS,AUTOMÓVIL,PARTICULAR,1,0,0,0,0,0,0,0,0,0,0,0,0,1,LICENCIA,43,HOMBRE,ILESO,CONDUCTOR,NO,NO
2023,DMQ00181032023,2,0,DMQ,-0.304376,-78.551424,17,PICHINCHA,1701,QUITO,170150,QUITO,QUITUMBE ÑAN Y S41A,ZONA 9,URBANA,ND,ND,ND,ND,8/3/2023,17:25:00,DE 17H00 A 17H59,17,MIÉRCOLES,3,MARZO,3,NO,C06,"CONDUCE BAJO LA INFLUENCIA DE ALCOHOL, SUSTANCIAS ESTUPEFACIENTES O PSICOTRÓPICAS Y/O MEDICAMENTOS.",CHOQUE LATERAL,MOTOCICLETA,PARTICULAR,1,0,0,0,0,0,0,0,1,0,0,0,0,2,CÉDULA,28,HOMBRE,LESIONADO,PASAJERO,NO,NO
2023,DMQ00182032023,0,0,DMQ,-0.206311,-78.433374,17,PICHINCHA,1701,QUITO,170157,CUMBAYA,OSWALDO GUAYASAMIN ( INTEROCEANICA) Y ALFONSO LAMIÑA,ZONA 9,RURAL,60,QUITO - TUMBACO - PIFO,60,COLECTORA,8/3/2023,17:55:00,DE 17H00 A 17H59,17,MIÉRCOLES,3,MARZO,3,NO,C10,"CONDICIONES AMBIENTALES Y/O ATMOSFÉRICAS (NIEBLA, NEBLINA, GRANIZO, LLUVIA).",OTROS,AUTOMÓVIL,PARTICULAR,2,0,0,0,0,0,0,0,0,0,0,0,0,2,LICENCIA,23,HOMBRE,ILESO,CONDUCTOR,NO,NO
2023,DMQ00184032023,1,0,DMQ,-0.227606,-78.494498,17,PICHINCHA,1701,QUITO,170150,QUITO,AUTOPISTA GENERAL RUMIÑAHUI Y JORGE ENRIQUE ADOUM,ZONA 9,URBANA,ND,ND,ND,ND,8/3/2023,18:35:00,DE 18H00 A 18H59,18,MIÉRCOLES,3,MARZO,3,NO,C06,"CONDUCE BAJO LA INFLUENCIA DE ALCOHOL, SUSTANCIAS ESTUPEFACIENTES O PSICOTRÓPICAS Y/O MEDICAMENTOS.",CHOQUE FRONTAL,MOTOCICLETA,PARTICULAR,1,0,0,0,0,0,0,0,1,0,0,0,0,2,PASAPORTE,28,HOMBRE,LESIONADO,CONDUCTOR,NO,NO
2023,PNE00047032023,0,0,PNE,-0.072286,-78.474913,17,PICHINCHA,1701,QUITO,170177,POMASQUI,E-28  AV  MANUEL  CORDOVA  GALARZA  -  SIMON  BOLIVAR,ZONA 9,RURAL,52,QUITO - POMASQUI - REDONDEL MITAD DEL MUNDO,E28,COLECTORA,8/3/2023,20:50:00,DE 20H00 A 20H59,20,MIÉRCOLES,3,MARZO,3,NO,C14,"CONDUCIR DESATENTO A LAS CONDICIONES DE TRÁNSITO (CELULAR, PANTALLAS DE VIDEO, COMIDA, MAQUILLAJE O CUALQUIER OTRO ELEMENTO DISTRACTOR).",CHOQUE LATERAL,AUTOMÓVIL,PARTICULAR,2,0,0,0,0,0,0,0,0,0,0,0,0,2,LICENCIA,61,HOMBRE,ILESO,CONDUCTOR,NO,SI
2023,PNE00049032023,0,0,PNE,-0.063359,-78.360788,17,PICHINCHA,1701,QUITO,170163,GUAYLLABAMBA,E28B    -  KM  16  +200,ZONA 9,URBANA,336,PUENTE GUAYLLABAMBA - GUAYLLABAMBA (REDONDEL NORTE),E28B,COLECTORA,9/3/2023,7:50:00,DE 07H00 A 07H59,7,JUEVES,4,MARZO,3,NO,C14,"CONDUCIR DESATENTO A LAS CONDICIONES DE TRÁNSITO (CELULAR, PANTALLAS DE VIDEO, COMIDA, MAQUILLAJE O CUALQUIER OTRO ELEMENTO DISTRACTOR).",CHOQUE LATERAL,CAMIÓN,PÚBLICO,1,0,0,1,1,0,0,0,0,0,0,0,0,3,LICENCIA,50,HOMBRE,ILESO,CONDUCTOR,NO,SI
2023,DMQ00192032023,0,0,DMQ,-0.183661,-78.490325,17,PICHINCHA,1701,QUITO,170150,QUITO,ATAHUALPA Y 10 DE AGOSTO,ZONA 9,URBANA,ND,ND,ND,ND,9/3/2023,8:00:00,DE 08H00 A 08H59,8,JUEVES,4,MARZO,3,NO,C23,"NO RESPETAR LAS SEÑALES REGLAMENTARIAS DE TRÁNSITO. (PARE, CEDA EL PASO, LUZ ROJA DEL SEMAFORO, ETC).",CHOQUE LATERAL,MOTOCICLETA,PARTICULAR,1,0,0,0,0,0,0,0,1,0,0,0,0,2,LICENCIA,20,HOMBRE,ILESO,CONDUCTOR,NO,NO
2023,DMQ00194032023,1,0,DMQ,-0.183103,-78.503804,17,PICHINCHA,1701,QUITO,170150,QUITO,ARTETA Y CALISTO Y MARIANA DE JESUS,ZONA 9,URBANA,ND,ND,ND,ND,9/3/2023,12:30:00,DE 12H00 A 12H59,12,JUEVES,4,MARZO,3,NO,C10,"CONDICIONES AMBIENTALES Y/O ATMOSFÉRICAS (NIEBLA, NEBLINA, GRANIZO, LLUVIA).",CHOQUE LATERAL,MOTOCICLETA,PARTICULAR,1,0,0,0,0,0,0,0,1,0,0,0,0,2,LICENCIA,33,HOMBRE,LESIONADO,CONDUCTOR,NO,NO
2023,DMQ00198032023,0,0,DMQ,-0.342042,-78.548987,17,PICHINCHA,1701,QUITO,170150,QUITO,MALDONADO Y S59,ZONA 9,URBANA,ND,ND,ND,ND,10/3/2023,1:15:00,DE 01H00 A 01H59,1,VIERNES,5,MARZO,3,NO,C10,"CONDICIONES AMBIENTALES Y/O ATMOSFÉRICAS (NIEBLA, NEBLINA, GRANIZO, LLUVIA).",ESTRELLAMIENTOS,AUTOMÓVIL,PARTICULAR,1,0,0,0,0,0,0,0,0,0,0,0,0,1,LICENCIA,29,HOMBRE,ILESO,CONDUCTOR,NO,NO
2023,DMQ00200032023,0,0,DMQ,-0.218107,-78.386555,17,PICHINCHA,1701,QUITO,170184,TUMBACO,RUTA VIVA Y KILOMETRO 10,ZONA 9,RURAL,ND,ND,ND,ND,10/3/2023,4:23:00,DE 04H00 A 04H59,4,VIERNES,5,MARZO,3,NO,C10,"CONDICIONES AMBIENTALES Y/O ATMOSFÉRICAS (NIEBLA, NEBLINA, GRANIZO, LLUVIA).",ESTRELLAMIENTOS,AUTOMÓVIL,PARTICULAR,1,0,0,0,0,0,0,0,0,0,0,0,0,1,LICENCIA,25,HOMBRE,ILESO,CONDUCTOR,NO,NO
2023,DMQ00203032023,0,0,DMQ,-0.268111,-78.496277,17,PICHINCHA,1701,QUITO,170156,CONOCOTO,CAMILO PONCE ENRIQUEZ Y NELA MARTINEZ,ZONA 9,RURAL,ND,ND,ND,ND,10/3/2023,5:55:00,DE 05H00 A 05H59,5,VIERNES,5,MARZO,3,NO,C11,NO MANTENER LA DISTANCIA PRUDENCIAL CON RESPECTO AL VEHÍCULO QUE LE ANTECEDE.,COLISIÓN,BUS,PÚBLICO,3,0,1,0,0,0,0,0,0,0,0,0,0,4,LICENCIA,47,HOMBRE,ILESO,CONDUCTOR,NO,NO
2023,DMQ00204032023,1,2,DMQ,-0.188571,-78.441341,17,PICHINCHA,1701,QUITO,170170,NAYON,OSWALDO GUAYASAMIN ( INTEROCEANICA) Y MIRAVALLE 3,ZONA 9,RURAL,60,QUITO - TUMBACO - PIFO,60,COLECTORA,10/3/2023,6:34:00,DE 06H00 A 06H59,6,VIERNES,5,MARZO,3,NO,C19,REALIZAR CAMBIO BRUSCO O INDEBIDO DE CARRIL.,OTROS,BUS,PÚBLICO,1,0,1,0,0,0,0,0,0,0,0,0,0,2,LICENCIA,19,HOMBRE,FALLECIDO,CONDUCTOR,NO,NO
2023,PNE00054032023,1,0,PNE,-0.067672,-78.372445,17,PICHINCHA,1701,QUITO,170163,GUAYLLABAMBA,E28B  PANAMERICANA  NORTE  -  KM12+100M,ZONA 9,URBANA,336,PUENTE GUAYLLABAMBA - GUAYLLABAMBA (REDONDEL NORTE),E28B,COLECTORA,10/3/2023,7:00:00,DE 07H00 A 07H59,7,VIERNES,5,MARZO,3,NO,C14,"CONDUCIR DESATENTO A LAS CONDICIONES DE TRÁNSITO (CELULAR, PANTALLAS DE VIDEO, COMIDA, MAQUILLAJE O CUALQUIER OTRO ELEMENTO DISTRACTOR).",CHOQUE POSTERIOR,CAMIONETA,PARTICULAR,0,0,0,0,1,0,0,0,0,1,0,0,0,2,CÉDULA,23,MUJER,LESIONADO,PASAJERO,NO,SI
2023,DMQ00205032023,1,0,DMQ,-0.279477,-78.694241,17,PICHINCHA,1701,QUITO,170166,LLOA,ANTIGUA VIA A SANTO DOMINGO / VIA A CHIRIBOGA KILOMETRO 37 Y ESTACION PETROECUADOR EL CORAZON,ZONA 9,RURAL,ND,ND,ND,ND,10/3/2023,11:00:00,DE 11H00 A 11H59,11,VIERNES,5,MARZO,3,NO,C10,"CONDICIONES AMBIENTALES Y/O ATMOSFÉRICAS (NIEBLA, NEBLINA, GRANIZO, LLUVIA).",PÉRDIDA DE CARRIL,CAMIÓN,CUENTA PROPIA,0,0,0,1,0,0,0,0,0,0,0,0,0,1,LICENCIA,66,HOMBRE,LESIONADO,CONDUCTOR,NO,NO
2023,DMQ00206032023,1,0,DMQ,-0.218783,-78.509011,17,PICHINCHA,1701,QUITO,170150,QUITO,GUAYAQUIL Y MANABI,ZONA 9,URBANA,ND,ND,ND,ND,10/3/2023,11:05:00,DE 11H00 A 11H59,11,VIERNES,5,MARZO,3,NO,C23,"NO RESPETAR LAS SEÑALES REGLAMENTARIAS DE TRÁNSITO. (PARE, CEDA EL PASO, LUZ ROJA DEL SEMAFORO, ETC).",ATROPELLOS,MOTOCICLETA,PARTICULAR,0,0,0,0,0,0,0,0,1,0,0,0,0,1,CÉDULA,6,HOMBRE,LESIONADO,PEATÓN,NO,NO
2023,PNE00055032023,1,0,PNE,-0.044766,-78.285498,17,PICHINCHA,1702,CAYAMBE,170255,SANTA ROSA DE CUZUBAMBA,E35  NORTE  -  Y  DE  CUSUBAMBA,ZONA 2,URBANA,62,CUSUBAMBA - PIFO,E35,ARTERIAL,10/3/2023,11:10:00,DE 11H00 A 11H59,11,VIERNES,5,MARZO,3,NO,C14,"CONDUCIR DESATENTO A LAS CONDICIONES DE TRÁNSITO (CELULAR, PANTALLAS DE VIDEO, COMIDA, MAQUILLAJE O CUALQUIER OTRO ELEMENTO DISTRACTOR).",CAÍDA DE PASAJERO,NO IDENTIFICADO,PARTICULAR,0,0,0,0,0,0,0,0,0,1,0,0,0,1,CÉDULA,84,HOMBRE,LESIONADO,PASAJERO,NO,SI
2023,DMQ00207032023,5,0,DMQ,-0.232125,-78.492976,17,PICHINCHA,1701,QUITO,170150,QUITO,SIMON BOLIVAR Y ANTONIO CAMPOS,ZONA 9,URBANA,ND,ND,ND,ND,10/3/2023,12:15:00,DE 12H00 A 12H59,12,VIERNES,5,MARZO,3,NO,C09,CONDUCIR VEHÍCULO SUPERANDO LOS LÍMITES MÁXIMOS DE VELOCIDAD.,COLISIÓN,CAMIÓN,CUENTA PROPIA,7,0,0,2,0,0,0,1,0,0,0,0,0,10,LICENCIA,29,HOMBRE,LESIONADO,CONDUCTOR,NO,NO
2023,DMQ00210032023,1,0,DMQ,-0.247378,-78.506921,17,PICHINCHA,1701,QUITO,170150,QUITO,JUAN BAUTISTA AGUIRRE Y ANA PAREDES DE ALFARO,ZONA 9,URBANA,ND,ND,ND,ND,10/3/2023,15:15:00,DE 15H00 A 15H59,15,VIERNES,5,MARZO,3,NO,C26,NO CEDER EL DERECHO DE VÍA O PREFERENCIA DE PASO AL PEATÓN.,ATROPELLOS,AUTOMÓVIL,PARTICULAR,1,0,0,0,0,0,0,0,0,0,0,0,0,1,CÉDULA,32,HOMBRE,LESIONADO,PEATÓN,NO,NO
2023,DMQ00212032023,0,0,DMQ,-0.169841,-78.489056,17,PICHINCHA,1701,QUITO,170150,QUITO,AMERICA Y SAN FRANCISCO,ZONA 9,URBANA,ND,ND,ND,ND,10/3/2023,17:00:00,DE 17H00 A 17H59,17,VIERNES,5,MARZO,3,NO,C10,"CONDICIONES AMBIENTALES Y/O ATMOSFÉRICAS (NIEBLA, NEBLINA, GRANIZO, LLUVIA).",OTROS,AUTOMÓVIL,PARTICULAR,1,0,0,0,0,0,0,0,0,0,0,0,0,1,NO IDENTIFICADO,-1,NO IDENTIFICADO,NO IDENTIFICADO,CONDUCTOR,NO,NO
2023,DMQ00214032023,1,0,DMQ,-0.108597,-78.454304,17,PICHINCHA,1701,QUITO,170155,CALDERON (CARAPUNGO),PANAMERICANA NORTE Y PADRE LUIS VACCARI,ZONA 9,URBANA,58,ENTRADA A CARAPUNGO - CALDERON,58,COLECTORA,10/3/2023,20:00:00,DE 20H00 A 20H59,20,VIERNES,5,MARZO,3,NO,C16,NO TRANSITAR POR LAS ACERAS O ZONAS DE SEGURIDAD DESTINADAS PARA EL EFECTO.,ATROPELLOS,AUTOMÓVIL,PARTICULAR,1,0,0,0,0,0,0,0,0,0,0,0,0,1,CÉDULA,13,HOMBRE,LESIONADO,PEATÓN,NO,NO
2023,DMQ00220032023,0,0,DMQ,-0.190836,-78.493127,17,PICHINCHA,1701,QUITO,170150,QUITO,GENERAL MURGEON Y 10 DE AGOSTO,ZONA 9,URBANA,ND,ND,ND,ND,11/3/2023,1:00:00,DE 01H00 A 01H59,1,SÁBADO,6,MARZO,3,NO,C23,"NO RESPETAR LAS SEÑALES REGLAMENTARIAS DE TRÁNSITO. (PARE, CEDA EL PASO, LUZ ROJA DEL SEMAFORO, ETC).",OTROS,AUTOMÓVIL,PARTICULAR,1,0,0,0,0,0,0,0,0,0,0,0,0,1,NO IDENTIFICADO,-1,NO IDENTIFICADO,NO IDENTIFICADO,CONDUCTOR,NO,NO
2023,DMQ00221032023,0,0,DMQ,-0.151934,-78.476388,17,PICHINCHA,1701,QUITO,170150,QUITO,6 DE DICIEMBRE Y SAMUEL FRITZ,ZONA 9,URBANA,ND,ND,ND,ND,11/3/2023,1:10:00,DE 01H00 A 01H59,1,SÁBADO,6,MARZO,3,NO,C23,"NO RESPETAR LAS SEÑALES REGLAMENTARIAS DE TRÁNSITO. (PARE, CEDA EL PASO, LUZ ROJA DEL SEMAFORO, ETC).",OTROS,AUTOMÓVIL,PARTICULAR,1,0,0,0,0,0,0,0,0,0,0,0,0,1,NO IDENTIFICADO,-1,NO IDENTIFICADO,NO IDENTIFICADO,CONDUCTOR,NO,NO
2023,PNE00059032023,0,0,PNE,-0.073002,-78.477652,17,PICHINCHA,1701,QUITO,170177,POMASQUI,AV  MANUEL  CORDOVA  GALARZA  -  AV  LOS  NARCIZOS,ZONA 9,RURAL,52,QUITO - POMASQUI - REDONDEL MITAD DEL MUNDO,E28,COLECTORA,11/3/2023,1:25:00,DE 01H00 A 01H59,1,SÁBADO,6,MARZO,3,NO,C14,"CONDUCIR DESATENTO A LAS CONDICIONES DE TRÁNSITO (CELULAR, PANTALLAS DE VIDEO, COMIDA, MAQUILLAJE O CUALQUIER OTRO ELEMENTO DISTRACTOR).",PÉRDIDA DE PISTA,AUTOMÓVIL,PARTICULAR,1,0,0,0,0,0,0,0,0,0,0,0,0,1,LICENCIA,38,HOMBRE,ILESO,CONDUCTOR,NO,SI
2023,DMQ00223032023,0,0,DMQ,-0.139635,-78.473883,17,PICHINCHA,1701,QUITO,170150,QUITO,6 DE DICIEMBRE Y CAPITAN RAMON BORJA,ZONA 9,URBANA,ND,ND,ND,ND,11/3/2023,2:50:00,DE 02H00 A 02H59,2,SÁBADO,6,MARZO,3,NO,C09,CONDUCIR VEHÍCULO SUPERANDO LOS LÍMITES MÁXIMOS DE VELOCIDAD.,ESTRELLAMIENTOS,AUTOMÓVIL,PARTICULAR,1,0,0,0,0,0,0,0,0,0,0,0,0,1,NO IDENTIFICADO,-1,NO IDENTIFICADO,NO IDENTIFICADO,CONDUCTOR,NO,NO