ANIO,SINIESTROS,LESIONADOS,FALLECIDOS,ENTE_DE_CONTROL,LATITUD_Y,LONGITUD_X,DPA_1,PROVINCIA,DPA_2,CANTON,DPA_3,PARROQUIA,DIRECCION,ZONA_PLANIFICACION,ZONA,ID_DE_LA_VIA,NOMBRE_DE_LA_VIA,UBICACION_DE_LA_VIA,JERARQUIA_DE_LA_VIA,FECHA,HORA,PERIODO_1,PERIODO_2,DIA_1,DIA_2,MES_1,MES_2,FERIADO,CODIGO_CAUSA,CAUSA_PROBABLE,TIPO_DE_SINIESTRO,TIPO_DE_VEHICULO_1,SERVICIO_1,AUTOMOVIL,BICICLETA,BUS,CAMION,CAMIONETA,EMERGENCIAS,ESPECIAL,FURGONETA,MOTOCICLETA,NO_IDENTIFICADO,SCOOTER_ELECTRICO,TRICIMOTO,VEHICULO_DEPORTIVO_UTILITARIO,SUMA_DE_VEHICULOS,TIPO_ID_1,EDAD_1,SEXO_1,CONDICION_1,PARTICIPANTE_1,CASCO_1,CINTURON_1
2023,PNE00074032023,1,0,PNE,-0.366199,-78.550776,17,PICHINCHA,1703,MEJIA,170353,CUTUGLAHUA,PANAMERICANA  SUR  AV.  PEDRO  VICENTE  MALDONADO    -,ZONA 2,URBANA,56,TAMBILLO - CUTUGLAGUA,E28A,COLECTORA,15/03/2023,0:10:00,DE 00H00 A 00H59,0,MIÉRCOLES,3,MARZO,3,NO,C14,"CONDUCIR DESATENTO A LAS CONDICIONES DE TRÁNSITO (CELULAR, PANTALLAS DE VIDEO, COMIDA, MAQUILLAJE O CUALQUIER OTRO ELEMENTO DISTRACTOR).",ATROPELLOS,AUTOMÓVIL,PARTICULAR,1,0,0,0,0,0,0,0,0,0,0,0,0,1,CÉDULA,31,HOMBRE,LESIONADO,PEATÓN,NO,SI
2023,DMQ00330032023,0,0,DMQ,-0.250381,-78.525239,17,PICHINCHA,1701,QUITO,170150,QUITO,LAURO GUERRERO Y JUMANDI,ZONA 9,URBANA,ND,ND,ND,ND,15/03/2023,6:00:00,DE 06H00 A 06H59,6,MIÉRCOLES,3,MARZO,3,NO,C09,CONDUCIR VEHÍCULO SUPERANDO LOS LÍMITES MÁXIMOS DE VELOCIDAD.,CHOQUE LATERAL,BUS,PÚBLICO,1,0,1,0,0,0,0,0,0,0,0,0,0,2,LICENCIA,21,HOMBRE,ILESO,CONDUCTOR,NO,NO
2023,DMQ00332032023,1,0,DMQ,-0.215817,-78.489863,17,PICHINCHA,1701,QUITO,170150,QUITO,LA CONDAMINE Y MANUEL CAJIAS,ZONA 9,URBANA,ND,ND,ND,ND,15/03/2023,7:15:00,DE 07H00 A 07H59,7,MIÉRCOLES,3,MARZO,3,NO,C16,NO TRANSITAR POR LAS ACERAS O ZONAS DE SEGURIDAD DESTINADAS PARA EL EFECTO.,ATROPELLOS,AUTOMÓVIL,PARTICULAR,1,0,0,0,0,0,0,0,0,0,0,0,0,1,CÉDULA,16,MUJER,LESIONADO,PEATÓN,NO,NO
2023,DMQ00338032023,1,0,DMQ,-0.264034,-78.537036,17,PICHINCHA,1701,QUITO,170150,QUITO,AJAVI Y GASPAR ESPARZA,ZONA 9,URBANA,ND,ND,ND,ND,15/03/2023,16:10:00,DE 16H00 A 16H59,16,MIÉRCOLES,3,MARZO,3,NO,C25,NO CEDER EL DERECHO DE VÍA O PREFERENCIA DE PASO A VEHÍCULOS.,CHOQUE LATERAL,MOTOCICLETA,PARTICULAR,1,0,0,0,0,0,0,0,1,0,0,0,0,2,LICENCIA,19,HOMBRE,LESIONADO,CONDUCTOR,NO,NO
2023,DMQ00339032023,0,0,DMQ,-0.103644,-78.491511,17,PICHINCHA,1701,QUITO,170150,QUITO,PRENSA Y NOGALES,ZONA 9,URBANA,ND,ND,ND,ND,15/03/2023,17:20:00,DE 17H00 A 17H59,17,MIÉRCOLES,3,MARZO,3,NO,C23,"NO RESPETAR LAS SEÑALES REGLAMENTARIAS DE TRÁNSITO. (PARE, CEDA EL PASO, LUZ ROJA DEL SEMAFORO, ETC).",CHOQUE LATERAL,MOTOCICLETA,PARTICULAR,1,0,0,0,0,0,0,0,1,0,0,0,0,2,LICENCIA,29,HOMBRE,ILESO,CONDUCTOR,NO,NO
2023,DMQ00342032023,0,1,DMQ,-0.314161,-78.545283,17,PICHINCHA,1701,QUITO,170150,QUITO,E2 Y S47,ZONA 9,URBANA,ND,ND,ND,ND,15/03/2023,22:30:00,DE 22H00 A 22H59,22,MIÉRCOLES,3,MARZO,3,NO,C03,"CONDUCIR EN ESTADO DE SOMNOLENCIA O MALAS CONDICIONES FÍSICAS (SUEÑO, CANSANCIO Y FATIGA).",ESTRELLAMIENTOS,AUTOMÓVIL,PARTICULAR,3,0,0,0,0,0,0,0,0,0,0,0,0,3,LICENCIA,66,HOMBRE,FALLECIDO,CONDUCTOR,NO,NO
2023,DMQ00344032023,2,0,DMQ,-0.124266,-78.480442,17,PICHINCHA,1701,QUITO,170150,QUITO,GALO PLAZA LASSO Y SABANILLA,ZONA 9,URBANA,ND,ND,ND,ND,16/03/2023,4:00:00,DE 04H00 A 04H59,4,JUEVES,4,MARZO,3,NO,C09,CONDUCIR VEHÍCULO SUPERANDO LOS LÍMITES MÁXIMOS DE VELOCIDAD.,ESTRELLAMIENTOS,CAMIÓN,CUENTA PROPIA,1,0,0,1,0,0,0,0,0,0,0,0,0,2,PASAPORTE,23,MUJER,LESIONADO,PASAJERO,NO,NO
2023,CTE00228032023,1,1,CTE,-0.439549,-78.742947,17,PICHINCHA,1703,MEJIA,170355,MANUEL CORNEJO ASTORGA,RED. ESTATAL E-20 KM 35+78 SENTIDO SANTO DOMINGO - ALOAG,ZONA 2,RURAL,331,ALOAG (OBELISCO) - TANDAPI,E20,ARTERIAL,16/03/2023,10:12:00,DE 10H00 A 10H59,10,JUEVES,4,MARZO,3,NO,C12,NO GUARDAR LA DISTANCIA LATERAL MÍNIMA DE SEGURIDAD ENTRE VEHÍCULOS.,ROZAMIENTOS,CAMIÓN,PÚBLICO,0,0,0,2,0,0,0,0,0,0,0,0,0,2,CÉDULA,58,HOMBRE,FALLECIDO,PEATÓN,NO,NO
2023,DMQ00348032023,0,0,DMQ,-0.212437,-78.488558,17,PICHINCHA,1701,QUITO,170150,QUITO,TOLEDO Y LADRON DE GUEVARA,ZONA 9,URBANA,ND,ND,ND,ND,16/03/2023,11:00:00,DE 11H00 A 11H59,11,JUEVES,4,MARZO,3,NO,C19,REALIZAR CAMBIO BRUSCO O INDEBIDO DE CARRIL.,CHOQUE LATERAL,AUTOMÓVIL,PARTICULAR,2,0,0,0,0,0,0,0,0,0,0,0,0,2,LICENCIA,30,HOMBRE,ILESO,CONDUCTOR,NO,NO
2023,DMQ00353032023,0,0,DMQ,-0.187801,-78.487645,17,PICHINCHA,1701,QUITO,170150,QUITO,AMAZONAS Y REPUBLICA,ZONA 9,URBANA,ND,ND,ND,ND,16/03/2023,14:06:00,DE 14H00 A 14H59,14,JUEVES,4,MARZO,3,NO,C23,"NO RESPETAR LAS SEÑALES REGLAMENTARIAS DE TRÁNSITO. (PARE, CEDA EL PASO, LUZ ROJA DEL SEMAFORO, ETC).",CHOQUE LATERAL,MOTOCICLETA,PARTICULAR,1,0,0,0,0,0,0,0,1,0,0,0,0,2,LICENCIA,38,HOMBRE,ILESO,CONDUCTOR,NO,NO
2023,DMQ00355032023,1,0,DMQ,-0.206482,-78.494377,17,PICHINCHA,1701,QUITO,170150,QUITO,REINA VICTORIA Y FRANCISCO ROBLES,ZONA 9,URBANA,ND,ND,ND,ND,16/03/2023,16:00:00,DE 16H00 A 16H59,16,JUEVES,4,MARZO,3,NO,C23,"NO RESPETAR LAS SEÑALES REGLAMENTARIAS DE TRÁNSITO. (PARE, CEDA EL PASO, LUZ ROJA DEL SEMAFORO, ETC).",OTROS,FURGONETA,PARTICULAR,2,0,0,0,0,0,0,1,0,0,0,0,0,3,CÉDULA,60,MUJER,LESIONADO,PASAJERO,NO,NO
2023,DMQ00356032023,0,1,DMQ,-0.161993,-78.495435,17,PICHINCHA,1701,QUITO,170150,QUITO,MARISCAL SUCRE Y EDMUNDO CARVAJAL,ZONA 9,URBANA,ND,ND,ND,ND,16/03/2023,16:00:00,DE 16H00 A 16H59,16,JUEVES,4,MARZO,3,NO,C09,CONDUCIR VEHÍCULO SUPERANDO LOS LÍMITES MÁXIMOS DE VELOCIDAD.,CAÍDA DE PASAJERO,BUS,PÚBLICO,0,0,1,0,0,0,0,0,0,0,0,0,0,1,CÉDULA,82,MUJER,FALLECIDO,PASAJERO,NO,NO
2023,DMQ00357032023,1,0,DMQ,-0.287108,-78.519499,17,PICHINCHA,1701,QUITO,170150,QUITO,SIMON BOLIVAR Y GONZALO PEREZ BUSTAMENTE,ZONA 9,URBANA,ND,ND,ND,ND,16/03/2023,17:10:00,DE 17H00 A 17H59,17,JUEVES,4,MARZO,3,NO,C06,"CONDUCE BAJO LA INFLUENCIA DE ALCOHOL, SUSTANCIAS ESTUPEFACIENTES O PSICOTRÓPICAS Y/O MEDICAMENTOS.",ESTRELLAMIENTOS,AUTOMÓVIL,COMERCIAL,1,0,0,0,0,0,0,0,0,0,0,0,0,1,CÉDULA,28,MUJER,LESIONADO,PASAJERO,NO,NO
2023,DMQ00359032023,1,0,DMQ,-0.221277,-78.518568,17,PICHINCHA,1701,QUITO,170150,QUITO,24 DE MAYO Y IMBABURA,ZONA 9,URBANA,ND,ND,ND,ND,16/03/2023,18:00:00,DE 18H00 A 18H59,18,JUEVES,4,MARZO,3,NO,C16,NO TRANSITAR POR LAS ACERAS O ZONAS DE SEGURIDAD DESTINADAS PARA EL EFECTO.,ATROPELLOS,MOTOCICLETA,PARTICULAR,0,0,0,0,0,0,0,0,1,0,0,0,0,1,CÉDULA,12,HOMBRE,LESIONADO,PEATÓN,NO,NO
2023,DMQ00361032023,5,0,DMQ,-0.297881,-78.524656,17,PICHINCHA,1701,QUITO,170150,QUITO,E8G Y S34D,ZONA 9,URBANA,ND,ND,ND,ND,16/03/2023,20:47:00,DE 20H00 A 20H59,20,JUEVES,4,MARZO,3,NO,C09,CONDUCIR VEHÍCULO SUPERANDO LOS LÍMITES MÁXIMOS DE VELOCIDAD.,CHOQUE FRONTAL,AUTOMÓVIL,PARTICULAR,2,0,0,0,0,0,0,0,0,0,0,0,0,2,LICENCIA,25,HOMBRE,LESIONADO,CONDUCTOR,NO,NO
2023,DMQ00370032023,2,0,DMQ,-0.355051,-78.525319,17,PICHINCHA,1701,QUITO,170150,QUITO,SIMON BOLIVAR Y SIN NOMBRE,ZONA 9,URBANA,ND,ND,ND,ND,17/03/2023,16:50:00,DE 16H00 A 16H59,16,VIERNES,5,MARZO,3,NO,C09,CONDUCIR VEHÍCULO SUPERANDO LOS LÍMITES MÁXIMOS DE VELOCIDAD.,PÉRDIDA DE CARRIL,CAMIÓN,GOBIERNOS SECCIONALES,0,0,0,1,0,0,0,0,0,0,0,0,0,1,CÉDULA,45,HOMBRE,LESIONADO,PASAJERO,NO,NO
2023,DMQ00375032023,0,0,DMQ,-0.231164,-78.498863,17,PICHINCHA,1701,QUITO,170150,QUITO,AUTOPISTA GENERAL RUMIÑAHUI Y APROXIMADAMENTE A 1 KM HACIA EL ESTE DEL TREBOL ,ZONA 9,URBANA,ND,ND,ND,ND,17/03/2023,20:28:00,DE 20H00 A 20H59,20,VIERNES,5,MARZO,3,NO,C11,NO MANTENER LA DISTANCIA PRUDENCIAL CON RESPECTO AL VEHÍCULO QUE LE ANTECEDE.,COLISIÓN,AUTOMÓVIL,PARTICULAR,3,0,0,0,0,0,0,0,0,0,0,0,0,3,LICENCIA,36,HOMBRE,ILESO,CONDUCTOR,NO,NO
2023,DMQ00376032023,1,0,DMQ,-0.210235,-78.502346,17,PICHINCHA,1701,QUITO,170150,QUITO,MANUEL LARREA Y BUENOS AIRES,ZONA 9,URBANA,ND,ND,ND,ND,17/03/2023,21:25:00,DE 21H00 A 21H59,21,VIERNES,5,MARZO,3,NO,C09,CONDUCIR VEHÍCULO SUPERANDO LOS LÍMITES MÁXIMOS DE VELOCIDAD.,CHOQUE LATERAL,CAMIONETA,PARTICULAR,1,0,0,0,1,0,0,0,0,0,0,0,0,2,CÉDULA,19,HOMBRE,LESIONADO,PASAJERO,NO,NO
2023,DMQ00377032023,0,0,DMQ,-0.222624,-78.402104,17,PICHINCHA,1701,QUITO,170184,TUMBACO,RUTA VIVA Y KILOMETRO 8,ZONA 9,RURAL,ND,ND,ND,ND,17/03/2023,21:35:00,DE 21H00 A 21H59,21,VIERNES,5,MARZO,3,NO,C09,CONDUCIR VEHÍCULO SUPERANDO LOS LÍMITES MÁXIMOS DE VELOCIDAD.,PÉRDIDA DE CARRIL,MOTOCICLETA,PARTICULAR,0,0,0,0,0,0,0,0,1,0,0,0,0,1,NO IDENTIFICADO,-1,NO IDENTIFICADO,NO IDENTIFICADO,CONDUCTOR,NO,NO
2023,DMQ00378032023,0,0,DMQ,-0.116862,-78.452906,17,PICHINCHA,1701,QUITO,170155,CALDERON (CARAPUNGO),SIMON BOLIVAR Y ENTRADA A PUEBLO BLANCO,ZONA 9,RURAL,ND,ND,ND,ND,17/03/2023,23:10:00,DE 23H00 A 23H59,23,VIERNES,5,MARZO,3,NO,C11,NO MANTENER LA DISTANCIA PRUDENCIAL CON RESPECTO AL VEHÍCULO QUE LE ANTECEDE.,CHOQUE POSTERIOR,MOTOCICLETA,PARTICULAR,1,0,0,0,0,0,0,0,1,0,0,0,0,2,CÉDULA,45,HOMBRE,ILESO,PASAJERO,NO,NO
2023,PNE00079032023,0,0,PNE,-0.352119,-78.464501,17,PICHINCHA,1705,RUMIÑAHUI,170550,SANGOLQUI,VIA  AMAGUANA  -  E35-SUR,ZONA 2,URBANA,65,REDONDEL DEL COLIBRI - TAMBILLO,E35 - E20,ARTERIAL,17/03/2023,23:40:00,DE 23H00 A 23H59,23,VIERNES,5,MARZO,3,NO,C06,"CONDUCE BAJO LA INFLUENCIA DE ALCOHOL, SUSTANCIAS ESTUPEFACIENTES O PSICOTRÓPICAS Y/O MEDICAMENTOS.",CHOQUE POSTERIOR,AUTOMÓVIL,PARTICULAR,1,0,0,0,0,0,0,0,0,0,0,0,0,1,LICENCIA,51,HOMBRE,ILESO,CONDUCTOR,NO,SI
2023,DMQ00379032023,1,0,DMQ,-0.282694,-78.558257,17,PICHINCHA,1701,QUITO,170150,QUITO,CARLOS FREILE Y JOSEFA CALIXTO,ZONA 9,URBANA,ND,ND,ND,ND,18/03/2023,0:02:00,DE 00H00 A 00H59,0,SÁBADO,6,MARZO,3,NO,C26,NO CEDER EL DERECHO DE VÍA O PREFERENCIA DE PASO AL PEATÓN.,ATROPELLOS,NO IDENTIFICADO,PARTICULAR,0,0,0,0,0,0,0,0,0,1,0,0,0,1,CÉDULA,40,HOMBRE,LESIONADO,PEATÓN,NO,NO
2023,DMQ00380032023,0,0,DMQ,-0.288568,-78.475518,17,PICHINCHA,1701,QUITO,170156,CONOCOTO,LOLA QUINTANA Y 29 DE MAYO,ZONA 9,RURAL,ND,ND,ND,ND,18/03/2023,0:15:00,DE 00H00 A 00H59,0,SÁBADO,6,MARZO,3,NO,C06,"CONDUCE BAJO LA INFLUENCIA DE ALCOHOL, SUSTANCIAS ESTUPEFACIENTES O PSICOTRÓPICAS Y/O MEDICAMENTOS.",CHOQUE POSTERIOR,MOTOCICLETA,ESTADO,1,0,0,0,0,0,0,0,1,0,0,0,0,2,LICENCIA,23,HOMBRE,ILESO,CONDUCTOR,NO,NO
2023,DMQ00383032023,0,0,DMQ,-0.262243,-78.530581,17,PICHINCHA,1701,QUITO,170150,QUITO,TENIENTE HUGO ORTIZ Y MAXIMILIANO ONTANEDA,ZONA 9,URBANA,ND,ND,ND,ND,18/03/2023,1:00:00,DE 01H00 A 01H59,1,SÁBADO,6,MARZO,3,NO,C10,"CONDICIONES AMBIENTALES Y/O ATMOSFÉRICAS (NIEBLA, NEBLINA, GRANIZO, LLUVIA).",ESTRELLAMIENTOS,AUTOMÓVIL,PARTICULAR,1,0,0,0,0,0,0,0,0,0,0,0,0,1,CÉDULA,23,HOMBRE,ILESO,PASAJERO,NO,NO
2023,DMQ00384032023,0,0,DMQ,-0.217168,-78.398932,17,PICHINCHA,1701,QUITO,170184,TUMBACO,OSWALDO GUAYASAMIN Y GUAYAQUIL,ZONA 9,RURAL,60,QUITO - TUMBACO - PIFO,60,COLECTORA,18/03/2023,1:25:00,DE 01H00 A 01H59,1,SÁBADO,6,MARZO,3,NO,C06,"CONDUCE BAJO LA INFLUENCIA DE ALCOHOL, SUSTANCIAS ESTUPEFACIENTES O PSICOTRÓPICAS Y/O MEDICAMENTOS.",OTROS,MOTOCICLETA,ESTADO,2,0,0,0,0,0,0,0,1,0,0,0,0,3,LICENCIA,41,HOMBRE,ILESO,CONDUCTOR,NO,NO
2023,DMQ00385032023,0,0,DMQ,-0.259827,-78.547293,17,PICHINCHA,1701,QUITO,170150,QUITO,OE7B Y ANGAMARCA,ZONA 9,URBANA,ND,ND,ND,ND,18/03/2023,2:28:00,DE 02H00 A 02H59,2,SÁBADO,6,MARZO,3,NO,C10,"CONDICIONES AMBIENTALES Y/O ATMOSFÉRICAS (NIEBLA, NEBLINA, GRANIZO, LLUVIA).",PÉRDIDA DE CARRIL,MOTOCICLETA,PARTICULAR,0,0,0,0,0,0,0,0,1,0,0,0,0,1,NO IDENTIFICADO,-1,NO IDENTIFICADO,NO IDENTIFICADO,CONDUCTOR,NO,NO
2023,DMQ00386032023,0,0,DMQ,-0.251621,-78.520591,17,PICHINCHA,1701,QUITO,170150,QUITO,MIGUEL CARRION Y RAFAEL ARTETA,ZONA 9,URBANA,ND,ND,ND,ND,18/03/2023,2:45:00,DE 02H00 A 02H59,2,SÁBADO,6,MARZO,3,NO,C09,CONDUCIR VEHÍCULO SUPERANDO LOS LÍMITES MÁXIMOS DE VELOCIDAD.,ESTRELLAMIENTOS,AUTOMÓVIL,PARTICULAR,1,0,0,0,0,0,0,0,0,0,0,0,0,1,LICENCIA,46,HOMBRE,ILESO,CONDUCTOR,NO,NO
2023,DMQ00389032023,0,0,DMQ,-0.350511,-78.549387,17,PICHINCHA,1701,QUITO,170150,QUITO,MALDONADO Y EL PORVENIR,ZONA 9,URBANA,ND,ND,ND,ND,18/03/2023,4:00:00,DE 04H00 A 04H59,4,SÁBADO,6,MARZO,3,NO,C10,"CONDICIONES AMBIENTALES Y/O ATMOSFÉRICAS (NIEBLA, NEBLINA, GRANIZO, LLUVIA).",ESTRELLAMIENTOS,AUTOMÓVIL,PARTICULAR,1,0,0,0,0,0,0,0,0,0,0,0,0,1,LICENCIA,34,HOMBRE,ILESO,CONDUCTOR,NO,NO
2023,DMQ00391032023,0,0,DMQ,-0.127616,-78.499702,17,PICHINCHA,1701,QUITO,170150,QUITO,PEDRO MENDOZA Y ANGEL LUDEÑA,ZONA 9,URBANA,ND,ND,ND,ND,18/03/2023,4:10:00,DE 04H00 A 04H59,4,SÁBADO,6,MARZO,3,NO,C09,CONDUCIR VEHÍCULO SUPERANDO LOS LÍMITES MÁXIMOS DE VELOCIDAD.,ESTRELLAMIENTOS,AUTOMÓVIL,PARTICULAR,1,0,0,0,0,0,0,0,0,0,0,0,0,1,NO IDENTIFICADO,-1,NO IDENTIFICADO,NO IDENTIFICADO,CONDUCTOR,NO,NO
2023,DMQ00392032023,2,0,DMQ,-0.222624,-78.402104,17,PICHINCHA,1701,QUITO,170184,TUMBACO,RUTA VIVA Y KILOMETRO 8,ZONA 9,RURAL,ND,ND,ND,ND,18/03/2023,5:10:00,DE 05H00 A 05H59,5,SÁBADO,6,MARZO,3,NO,C09,CONDUCIR VEHÍCULO SUPERANDO LOS LÍMITES MÁXIMOS DE VELOCIDAD.,ESTRELLAMIENTOS,AUTOMÓVIL,PARTICULAR,1,0,0,0,0,0,0,0,0,0,0,0,0,1,CÉDULA,22,HOMBRE,LESIONADO,PASAJERO,NO,NO
2023,DMQ00393032023,0,0,DMQ,-0.292441,-78.543957,17,PICHINCHA,1701,QUITO,170150,QUITO,AMARU ÑAN Y LLIRA ÑAN,ZONA 9,URBANA,ND,ND,ND,ND,18/03/2023,5:15:00,DE 05H00 A 05H59,5,SÁBADO,6,MARZO,3,NO,C06,"CONDUCE BAJO LA INFLUENCIA DE ALCOHOL, SUSTANCIAS ESTUPEFACIENTES O PSICOTRÓPICAS Y/O MEDICAMENTOS.",CHOQUE LATERAL,AUTOMÓVIL,PARTICULAR,2,0,0,0,0,0,0,0,0,0,0,0,0,2,LICENCIA,27,HOMBRE,ILESO,CONDUCTOR,NO,NO
2023,DMQ00396032023,0,0,DMQ,-0.316759,-78.553561,17,PICHINCHA,1701,QUITO,170150,QUITO,QUITUMBE ÑAN Y FENICIO ANGULO,ZONA 9,URBANA,ND,ND,ND,ND,18/03/2023,13:35:00,DE 13H00 A 13H59,13,SÁBADO,6,MARZO,3,NO,C09,CONDUCIR VEHÍCULO SUPERANDO LOS LÍMITES MÁXIMOS DE VELOCIDAD.,ESTRELLAMIENTOS,FURGONETA,COMERCIAL,0,0,0,0,1,0,0,1,0,0,0,0,0,2,LICENCIA,25,HOMBRE,ILESO,CONDUCTOR,NO,NO
2023,DMQ00397032023,1,0,DMQ,-0.305473,-78.442722,17,PICHINCHA,1701,QUITO,170151,ALANGASI,QUINTA TRANSVERSAL Y (DENTRO DEL CONJUNTO HABITACIONAL LAS ORQUIDEAS),ZONA 9,RURAL,ND,ND,ND,ND,18/03/2023,13:45:00,DE 13H00 A 13H59,13,SÁBADO,6,MARZO,3,NO,C09,CONDUCIR VEHÍCULO SUPERANDO LOS LÍMITES MÁXIMOS DE VELOCIDAD.,CHOQUE LATERAL,MOTOCICLETA,PARTICULAR,1,0,0,0,0,0,0,0,1,0,0,0,0,2,LICENCIA,49,HOMBRE,LESIONADO,CONDUCTOR,NO,NO
2023,DMQ00399032023,0,0,DMQ,-0.258203,-78.541323,17,PICHINCHA,1701,QUITO,170150,QUITO,AJAVI Y HUIGRA,ZONA 9,URBANA,ND,ND,ND,ND,18/03/2023,14:00:00,DE 14H00 A 14H59,14,SÁBADO,6,MARZO,3,NO,C06,"CONDUCE BAJO LA INFLUENCIA DE ALCOHOL, SUSTANCIAS ESTUPEFACIENTES O PSICOTRÓPICAS Y/O MEDICAMENTOS.",OTROS,MOTOCICLETA,PARTICULAR,3,0,0,0,0,0,0,0,1,0,0,0,0,4,LICENCIA,23,HOMBRE,ILESO,CONDUCTOR,NO,NO
2023,DMQ00400032023,1,0,DMQ,-0.141916,-78.494942,17,PICHINCHA,1701,QUITO,170150,QUITO,JOSE HERBOSO Y TENIENTE MANUEL SERRANO,ZONA 9,URBANA,ND,ND,ND,ND,18/03/2023,16:40:00,DE 16H00 A 16H59,16,SÁBADO,6,MARZO,3,NO,C23,"NO RESPETAR LAS SEÑALES REGLAMENTARIAS DE TRÁNSITO. (PARE, CEDA EL PASO, LUZ ROJA DEL SEMAFORO, ETC).",CHOQUE LATERAL,MOTOCICLETA,PARTICULAR,1,0,0,0,0,0,0,0,1,0,0,0,0,2,PASAPORTE,39,HOMBRE,LESIONADO,CONDUCTOR,NO,NO
2023,DMQ00401032023,3,0,DMQ,-0.266667,-78.541799,17,PICHINCHA,1701,QUITO,170150,QUITO,FRANCISCO RUEDA Y JOSE ABARCAS,ZONA 9,URBANA,ND,ND,ND,ND,18/03/2023,17:20:00,DE 17H00 A 17H59,17,SÁBADO,6,MARZO,3,NO,C23,"NO RESPETAR LAS SEÑALES REGLAMENTARIAS DE TRÁNSITO. (PARE, CEDA EL PASO, LUZ ROJA DEL SEMAFORO, ETC).",CHOQUE LATERAL,MOTOCICLETA,PARTICULAR,1,0,0,0,0,0,0,0,1,0,0,0,0,2,LICENCIA,25,HOMBRE,LESIONADO,CONDUCTOR,NO,NO
2023,DMQ00403032023,1,0,DMQ,-0.230467,-78.534661,17,PICHINCHA,1701,QUITO,170150,QUITO,DE LOS LIBERTADORES Y YACUPUGRU,ZONA 9,URBANA,ND,ND,ND,ND,18/03/2023,18:30:00,DE 18H00 A 18H59,18,SÁBADO,6,MARZO,3,NO,C09,CONDUCIR VEHÍCULO SUPERANDO LOS LÍMITES MÁXIMOS DE VELOCIDAD.,PÉRDIDA DE CARRIL,AUTOMÓVIL,PARTICULAR,1,0,0,0,0,0,0,0,0,0,0,0,0,1,CÉDULA,16,HOMBRE,LESIONADO,PASAJERO,NO,NO
2023,DMQ00404032023,0,0,DMQ,-0.230201,-78.506491,17,PICHINCHA,1701,QUITO,170150,QUITO,PICHINCHA Y PIEDRA,ZONA 9,URBANA,ND,ND,ND,ND,18/03/2023,18:40:00,DE 18H00 A 18H59,18,SÁBADO,6,MARZO,3,NO,C09,CONDUCIR VEHÍCULO SUPERANDO LOS LÍMITES MÁXIMOS DE VELOCIDAD.,PÉRDIDA DE CARRIL,AUTOMÓVIL,PARTICULAR,1,0,0,0,0,0,0,0,0,0,0,0,0,1,NO IDENTIFICADO,-1,NO IDENTIFICADO,NO IDENTIFICADO,CONDUCTOR,NO,NO
2023,DMQ00408032023,0,0,DMQ,-0.303406,-78.547871,17,PICHINCHA,1701,QUITO,170150,QUITO,GUAYANAY ÑAN Y OE2,ZONA 9,URBANA,ND,ND,ND,ND,18/03/2023,22:35:00,DE 22H00 A 22H59,22,SÁBADO,6,MARZO,3,NO,C09,CONDUCIR VEHÍCULO SUPERANDO LOS LÍMITES MÁXIMOS DE VELOCIDAD.,CHOQUE LATERAL,MOTOCICLETA,PARTICULAR,1,0,0,0,0,0,0,0,1,0,0,0,0,2,LICENCIA,34,HOMBRE,ILESO,CONDUCTOR,NO,NO
2023,DMQ00410032023,0,0,DMQ,-0.178425,-78.358481,17,PICHINCHA,1701,QUITO,170179,PUEMBO,24 DE MAYO Y MANUEL BURBANO,ZONA 9,RURAL,ND,ND,ND,ND,19/03/2023,0:37:00,DE 00H00 A 00H59,0,DOMINGO,7,MARZO,3,NO,C23,"NO RESPETAR LAS SEÑALES REGLAMENTARIAS DE TRÁNSITO. (PARE, CEDA EL PASO, LUZ ROJA DEL SEMAFORO, ETC).",CHOQUE LATERAL,AUTOMÓVIL,PARTICULAR,2,0,0,0,0,0,0,0,0,0,0,0,0,2,LICENCIA,25,HOMBRE,ILESO,CONDUCTOR,NO,NO
2023,DMQ00411032023,0,0,DMQ,-0.177891,-78.494106,17,PICHINCHA,1701,QUITO,170150,QUITO,AMERICA Y MAÑOSCA,ZONA 9,URBANA,ND,ND,ND,ND,19/03/2023,1:10:00,DE 01H00 A 01H59,1,DOMINGO,7,MARZO,3,NO,C09,CONDUCIR VEHÍCULO SUPERANDO LOS LÍMITES MÁXIMOS DE VELOCIDAD.,ESTRELLAMIENTOS,AUTOMÓVIL,PARTICULAR,1,0,0,0,0,0,0,0,0,0,0,0,0,1,LICENCIA,42,HOMBRE,ILESO,CONDUCTOR,NO,NO
2023,PNE00088032023,0,1,PNE,-0.080665,-78.481943,17,PICHINCHA,1701,QUITO,170150,QUITO,AV.  MANUEL  CORDOVA  GALARZA  -  CALLE  JORGE  MARCOS,ZONA 9,RURAL,52,QUITO - POMASQUI - REDONDEL MITAD DEL MUNDO,E28,COLECTORA,19/03/2023,1:20:00,DE 01H00 A 01H59,1,DOMINGO,7,MARZO,3,NO,C14,"CONDUCIR DESATENTO A LAS CONDICIONES DE TRÁNSITO (CELULAR, PANTALLAS DE VIDEO, COMIDA, MAQUILLAJE O CUALQUIER OTRO ELEMENTO DISTRACTOR).",VOLCAMIENTOS,NO IDENTIFICADO,PARTICULAR,0,0,0,0,0,0,0,0,0,1,0,0,0,1,LICENCIA,30,HOMBRE,FALLECIDO,CONDUCTOR,NO,SI