ANIO,SINIESTROS,LESIONADOS,FALLECIDOS,ENTE_DE_CONTROL,LATITUD_Y,LONGITUD_X,DPA_1,PROVINCIA,DPA_2,CANTON,DPA_3,PARROQUIA,DIRECCION,ZONA_PLANIFICACION,ZONA,ID_DE_LA_VIA,NOMBRE_DE_LA_VIA,UBICACION_DE_LA_VIA,JERARQUIA_DE_LA_VIA,FECHA,HORA,PERIODO_1,PERIODO_2,DIA_1,DIA_2,MES_1,MES_2,FERIADO,CODIGO_CAUSA,CAUSA_PROBABLE,TIPO_DE_SINIESTRO,TIPO_DE_VEHICULO_1,SERVICIO_1,AUTOMOVIL,BICICLETA,BUS,CAMION,CAMIONETA,EMERGENCIAS,ESPECIAL,FURGONETA,MOTOCICLETA,NO_IDENTIFICADO,SCOOTER_ELECTRICO,TRICIMOTO,VEHICULO_DEPORTIVO_UTILITARIO,SUMA_DE_VEHICULOS,TIPO_ID_1,EDAD_1,SEXO_1,CONDICION_1,PARTICIPANTE_1,CASCO_1,CINTURON_1
2023,DMQ00412032023,0,0,DMQ,-0.214846,-78.406405,17,PICHINCHA,1701,QUITO,170184,TUMBACO,OSWALDO GUAYASAMIN Y JUAN MONTALVO,ZONA 9,RURAL,60,QUITO - TUMBACO - PIFO,60,COLECTORA,19/03/2023,2:10:00,DE 02H00 A 02H59,2,DOMINGO,7,MARZO,3,NO,C23,"NO RESPETAR LAS SEÑALES REGLAMENTARIAS DE TRÁNSITO. (PARE, CEDA EL PASO, LUZ ROJA DEL SEMAFORO, ETC).",COLISIÓN,AUTOMÓVIL,PARTICULAR,3,0,0,0,0,0,0,0,0,0,0,0,0,3,LICENCIA,27,HOMBRE,ILESO,CONDUCTOR,NO,NO
2023,DMQ00414032023,0,0,DMQ,-0.176025,-78.485541,17,PICHINCHA,1701,QUITO,170150,QUITO,NACIONES UNIDAS Y AMAZONAS,ZONA 9,URBANA,ND,ND,ND,ND,19/03/2023,3:10:00,DE 03H00 A 03H59,3,DOMINGO,7,MARZO,3,NO,C06,"CONDUCE BAJO LA INFLUENCIA DE ALCOHOL, SUSTANCIAS ESTUPEFACIENTES O PSICOTRÓPICAS Y/O MEDICAMENTOS.",CHOQUE LATERAL,AUTOMÓVIL,PARTICULAR,2,0,0,0,0,0,0,0,0,0,0,0,0,2,LICENCIA,31,HOMBRE,ILESO,CONDUCTOR,NO,NO
2023,DMQ00416032023,1,0,DMQ,-0.162812,-78.478537,17,PICHINCHA,1701,QUITO,170150,QUITO,SHYRIS Y RIO COCA,ZONA 9,URBANA,ND,ND,ND,ND,19/03/2023,3:35:00,DE 03H00 A 03H59,3,DOMINGO,7,MARZO,3,NO,C23,"NO RESPETAR LAS SEÑALES REGLAMENTARIAS DE TRÁNSITO. (PARE, CEDA EL PASO, LUZ ROJA DEL SEMAFORO, ETC).",OTROS,MOTOCICLETA,PARTICULAR,0,0,0,0,0,0,0,0,1,1,0,0,0,2,CÉDULA,22,HOMBRE,LESIONADO,PASAJERO,NO,NO
2023,DMQ00418032023,0,0,DMQ,0.105306,-78.421351,17,PICHINCHA,1701,QUITO,170178,PUELLARO,VIA PERUCHO Y VIA A POMASQUI,ZONA 9,RURAL,ND,ND,ND,ND,19/03/2023,5:15:00,DE 05H00 A 05H59,5,DOMINGO,7,MARZO,3,NO,C01,"CASO FORTUITO O FUERZA MAYOR (EXPLOSIÓN DE NEUMÁTICO NUEVO, DERRUMBE, INUNDACIÓN, CAÍDA DE PUENTE, ÁRBOL, PRESENCIA INTEMPESTIVA E IMPREVISTA DE SEMOVIENTES EN LA VÍA, ETC.).",PÉRDIDA DE CARRIL,AUTOMÓVIL,PARTICULAR,1,0,0,0,0,0,0,0,0,0,0,0,0,1,LICENCIA,23,HOMBRE,ILESO,CONDUCTOR,NO,NO
2023,DMQ00419032023,1,0,DMQ,-0.305762,-78.471908,17,PICHINCHA,1701,QUITO,170156,CONOCOTO,ILALO Y JUAN MONTALVO,ZONA 9,RURAL,ND,ND,ND,ND,19/03/2023,6:10:00,DE 06H00 A 06H59,6,DOMINGO,7,MARZO,3,NO,C11,NO MANTENER LA DISTANCIA PRUDENCIAL CON RESPECTO AL VEHÍCULO QUE LE ANTECEDE.,CHOQUE POSTERIOR,BICICLETA,PARTICULAR,0,1,0,0,0,0,0,0,0,1,0,0,0,2,LICENCIA,23,HOMBRE,LESIONADO,CONDUCTOR,NO,NO
2023,DMQ00420032023,1,0,DMQ,-0.259462,-78.539976,17,PICHINCHA,1701,QUITO,170150,QUITO,AJAVI Y YANTZAZA,ZONA 9,URBANA,ND,ND,ND,ND,19/03/2023,6:35:00,DE 06H00 A 06H59,6,DOMINGO,7,MARZO,3,NO,C09,CONDUCIR VEHÍCULO SUPERANDO LOS LÍMITES MÁXIMOS DE VELOCIDAD.,ESTRELLAMIENTOS,MOTOCICLETA,PARTICULAR,0,0,0,0,0,0,0,0,1,0,0,0,0,1,LICENCIA,24,HOMBRE,LESIONADO,CONDUCTOR,NO,NO
2023,DMQ00421032023,0,0,DMQ,-0.276503,-78.552467,17,PICHINCHA,1701,QUITO,170150,QUITO,MARISCAL SUCRE Y LUIS FRANCISCO LOPEZ,ZONA 9,URBANA,ND,ND,ND,ND,19/03/2023,6:45:00,DE 06H00 A 06H59,6,DOMINGO,7,MARZO,3,NO,C23,"NO RESPETAR LAS SEÑALES REGLAMENTARIAS DE TRÁNSITO. (PARE, CEDA EL PASO, LUZ ROJA DEL SEMAFORO, ETC).",CHOQUE LATERAL,MOTOCICLETA,PARTICULAR,1,0,0,0,0,0,0,0,1,0,0,0,0,2,LICENCIA,23,HOMBRE,ILESO,CONDUCTOR,NO,NO
2023,DMQ00422032023,0,1,DMQ,-0.291834,-78.526983,17,PICHINCHA,1701,QUITO,170150,QUITO,GONZALO PEREZ BUSTAMANTE Y S29,ZONA 9,URBANA,ND,ND,ND,ND,19/03/2023,7:23:00,DE 07H00 A 07H59,7,DOMINGO,7,MARZO,3,NO,C09,CONDUCIR VEHÍCULO SUPERANDO LOS LÍMITES MÁXIMOS DE VELOCIDAD.,OTROS,NO IDENTIFICADO,PARTICULAR,0,0,0,0,0,0,0,0,0,1,0,0,0,1,CÉDULA,31,HOMBRE,FALLECIDO,PASAJERO,NO,NO
2023,DMQ00423032023,0,0,DMQ,-0.288172,-78.505354,17,PICHINCHA,1701,QUITO,170156,CONOCOTO,PRINCESA TOA Y ANTONIO ELIZALDE,ZONA 9,RURAL,ND,ND,ND,ND,19/03/2023,8:00:00,DE 08H00 A 08H59,8,DOMINGO,7,MARZO,3,NO,C09,CONDUCIR VEHÍCULO SUPERANDO LOS LÍMITES MÁXIMOS DE VELOCIDAD.,OTROS,AUTOMÓVIL,PARTICULAR,3,0,0,0,0,0,0,0,0,0,0,0,0,3,LICENCIA,43,HOMBRE,ILESO,CONDUCTOR,NO,NO
2023,DMQ00425032023,1,0,DMQ,-0.269171,-78.527926,17,PICHINCHA,1701,QUITO,170150,QUITO,MALDONADO Y PUNGALA,ZONA 9,URBANA,ND,ND,ND,ND,19/03/2023,10:40:00,DE 10H00 A 10H59,10,DOMINGO,7,MARZO,3,NO,C09,CONDUCIR VEHÍCULO SUPERANDO LOS LÍMITES MÁXIMOS DE VELOCIDAD.,ATROPELLOS,MOTOCICLETA,PARTICULAR,0,0,0,0,0,0,0,0,1,0,0,0,0,1,CÉDULA,76,HOMBRE,LESIONADO,PEATÓN,NO,NO
2023,DMQ00427032023,0,0,DMQ,-0.235902,-78.484359,17,PICHINCHA,1701,QUITO,170150,QUITO,AUTOPISTA GENERAL RUMIÑAHUI Y SIMON BOLIVAR,ZONA 9,URBANA,ND,ND,ND,ND,19/03/2023,11:50:00,DE 11H00 A 11H59,11,DOMINGO,7,MARZO,3,NO,C11,NO MANTENER LA DISTANCIA PRUDENCIAL CON RESPECTO AL VEHÍCULO QUE LE ANTECEDE.,COLISIÓN,MOTOCICLETA,PARTICULAR,3,0,0,0,0,0,0,0,1,0,0,0,0,4,LICENCIA,32,HOMBRE,ILESO,CONDUCTOR,NO,NO
2023,DMQ00429032023,0,0,DMQ,-0.327125,-78.519158,17,PICHINCHA,1701,QUITO,170150,QUITO,SIMON BOLIVAR Y CELIANO MONGE,ZONA 9,URBANA,ND,ND,ND,ND,19/03/2023,14:01:00,DE 14H00 A 14H59,14,DOMINGO,7,MARZO,3,NO,C11,NO MANTENER LA DISTANCIA PRUDENCIAL CON RESPECTO AL VEHÍCULO QUE LE ANTECEDE.,CHOQUE POSTERIOR,CAMIÓN,CUENTA PROPIA,1,0,0,1,0,0,0,0,0,0,0,0,0,2,LICENCIA,33,HOMBRE,ILESO,CONDUCTOR,NO,NO
2023,PNE00094032023,0,1,PNE,0.038558,-78.249036,17,PICHINCHA,1704,PEDRO MONCAYO,170451,LA ESPERANZA (PEDRO MONCAYO),PANAMERICANA  E28B  -,ZONA 2,URBANA,337,GUAYLLABAMBA (REDONDEL NORTE) - PUENTE PISQUE - TABACUNDO - CAYAMBE,E28B,COLECTORA,19/03/2023,21:00:00,DE 21H00 A 21H59,21,DOMINGO,7,MARZO,3,NO,C09,CONDUCIR VEHÍCULO SUPERANDO LOS LÍMITES MÁXIMOS DE VELOCIDAD.,ATROPELLOS,NO IDENTIFICADO,PARTICULAR,0,0,0,0,0,0,0,0,0,1,0,0,0,1,NO IDENTIFICADO,30,HOMBRE,FALLECIDO,PEATÓN,NO,SI
2023,DMQ00439032023,3,1,DMQ,-0.126169,-78.516695,17,PICHINCHA,1701,QUITO,170150,QUITO,SEGUNDO ARAUZ Y N57B,ZONA 9,URBANA,ND,ND,ND,ND,20/03/2023,1:28:00,DE 01H00 A 01H59,1,LUNES,1,MARZO,3,NO,C09,CONDUCIR VEHÍCULO SUPERANDO LOS LÍMITES MÁXIMOS DE VELOCIDAD.,ESTRELLAMIENTOS,CAMIONETA,PARTICULAR,0,0,0,0,1,0,0,0,0,0,0,0,0,1,CÉDULA,10,MUJER,FALLECIDO,PASAJERO,NO,NO
2023,DMQ00440032023,0,0,DMQ,-0.121985,-78.463045,17,PICHINCHA,1701,QUITO,170150,QUITO,CARLOS FORTINES Y PASAJE C,ZONA 9,URBANA,ND,ND,ND,ND,20/03/2023,3:10:00,DE 03H00 A 03H59,3,LUNES,1,MARZO,3,NO,C09,CONDUCIR VEHÍCULO SUPERANDO LOS LÍMITES MÁXIMOS DE VELOCIDAD.,ESTRELLAMIENTOS,AUTOMÓVIL,PARTICULAR,1,0,0,0,0,0,0,0,0,0,0,0,0,1,NO IDENTIFICADO,-1,NO IDENTIFICADO,NO IDENTIFICADO,CONDUCTOR,NO,NO
2023,CTE00299032023,0,1,CTE,-0.445028,-78.632361,17,PICHINCHA,1703,MEJIA,170351,ALOAG,RED. ESTATAL E-20 KM 12 ALOAG- SANTO DOMINGO.,ZONA 2,RURAL,331,ALOAG (OBELISCO) - TANDAPI,E20,ARTERIAL,20/03/2023,3:55:00,DE 03H00 A 03H59,3,LUNES,1,MARZO,3,NO,C14,"CONDUCIR DESATENTO A LAS CONDICIONES DE TRÁNSITO (CELULAR, PANTALLAS DE VIDEO, COMIDA, MAQUILLAJE O CUALQUIER OTRO ELEMENTO DISTRACTOR).",PÉRDIDA DE CARRIL,CAMIONETA,PARTICULAR,0,0,0,0,1,0,0,0,0,0,0,0,0,1,NO IDENTIFICADO,-1,HOMBRE,FALLECIDO,CONDUCTOR,NO,NO
2023,DMQ00444032023,0,0,DMQ,-0.205875,-78.494919,17,PICHINCHA,1701,QUITO,170150,QUITO,JUAN LEON MERA Y FRANCISCO ROBLES,ZONA 9,URBANA,ND,ND,ND,ND,20/03/2023,8:20:00,DE 08H00 A 08H59,8,LUNES,1,MARZO,3,NO,C09,CONDUCIR VEHÍCULO SUPERANDO LOS LÍMITES MÁXIMOS DE VELOCIDAD.,CHOQUE LATERAL,AUTOMÓVIL,PARTICULAR,2,0,0,0,0,0,0,0,0,0,0,0,0,2,LICENCIA,46,HOMBRE,ILESO,CONDUCTOR,NO,NO
2023,DMQ00445032023,0,0,DMQ,-0.262313,-78.547766,17,PICHINCHA,1701,QUITO,170150,QUITO,PILALO Y MANUEL JURADO,ZONA 9,URBANA,ND,ND,ND,ND,20/03/2023,10:20:00,DE 10H00 A 10H59,10,LUNES,1,MARZO,3,NO,C25,NO CEDER EL DERECHO DE VÍA O PREFERENCIA DE PASO A VEHÍCULOS.,CHOQUE LATERAL,BUS,PÚBLICO,1,0,1,0,0,0,0,0,0,0,0,0,0,2,LICENCIA,47,HOMBRE,ILESO,CONDUCTOR,NO,NO
2023,DMQ00447032023,4,0,DMQ,-0.326168,-78.519311,17,PICHINCHA,1701,QUITO,170150,QUITO,SIMON BOLIVAR Y EL TROJE,ZONA 9,URBANA,ND,ND,ND,ND,20/03/2023,10:30:00,DE 10H00 A 10H59,10,LUNES,1,MARZO,3,NO,C09,CONDUCIR VEHÍCULO SUPERANDO LOS LÍMITES MÁXIMOS DE VELOCIDAD.,ESTRELLAMIENTOS,AUTOMÓVIL,COMERCIAL,1,0,0,0,0,0,0,0,0,0,0,0,0,1,CÉDULA,24,HOMBRE,LESIONADO,PASAJERO,NO,NO
2023,DMQ00448032023,3,0,DMQ,-0.239781,-78.523962,17,PICHINCHA,1701,QUITO,170150,QUITO,5 DE JUNIO Y RODRIGO DE CHAVEZ,ZONA 9,URBANA,ND,ND,ND,ND,20/03/2023,12:27:00,DE 12H00 A 12H59,12,LUNES,1,MARZO,3,NO,C09,CONDUCIR VEHÍCULO SUPERANDO LOS LÍMITES MÁXIMOS DE VELOCIDAD.,CHOQUE LATERAL,MOTOCICLETA,PARTICULAR,1,0,0,0,0,0,0,0,1,0,0,0,0,2,LICENCIA,36,HOMBRE,LESIONADO,CONDUCTOR,SI,NO
2023,DMQ00452032023,1,0,DMQ,-0.146913,-78.491251,17,PICHINCHA,1701,QUITO,170150,QUITO,PRENSA Y MANUEL VALDIVIEZO,ZONA 9,URBANA,ND,ND,ND,ND,20/03/2023,20:15:00,DE 20H00 A 20H59,20,LUNES,1,MARZO,3,NO,C12,NO GUARDAR LA DISTANCIA LATERAL MÍNIMA DE SEGURIDAD ENTRE VEHÍCULOS.,ROZAMIENTOS,CAMIÓN,CUENTA PROPIA,0,0,0,1,0,0,0,0,0,0,1,0,0,2,LICENCIA,47,HOMBRE,LESIONADO,CONDUCTOR,NO,NO
2023,DMQ00454032023,0,0,DMQ,-0.292109,-78.546265,17,PICHINCHA,1701,QUITO,170150,QUITO,QUITUMBE ÑAN Y AMARU ÑAN,ZONA 9,URBANA,ND,ND,ND,ND,21/03/2023,6:43:00,DE 06H00 A 06H59,6,MARTES,2,MARZO,3,NO,C09,CONDUCIR VEHÍCULO SUPERANDO LOS LÍMITES MÁXIMOS DE VELOCIDAD.,COLISIÓN,BUS,PÚBLICO,1,0,2,0,0,0,0,0,0,0,0,0,0,3,LICENCIA,50,HOMBRE,ILESO,CONDUCTOR,NO,NO
2023,DMQ00459032023,0,1,DMQ,-0.081996,-78.413034,17,PICHINCHA,1701,QUITO,170155,CALDERON (CARAPUNGO),ROSA MONTUFAR Y DE LAS ALONDRAS,ZONA 9,RURAL,ND,ND,ND,ND,21/03/2023,15:55:00,DE 15H00 A 15H59,15,MARTES,2,MARZO,3,NO,C16,NO TRANSITAR POR LAS ACERAS O ZONAS DE SEGURIDAD DESTINADAS PARA EL EFECTO.,ATROPELLOS,MOTOCICLETA,PARTICULAR,0,0,0,0,0,0,0,0,1,0,0,0,0,1,CÉDULA,74,MUJER,FALLECIDO,PEATÓN,NO,NO
2023,DMQ00462032023,0,0,DMQ,-0.141405,-78.470166,17,PICHINCHA,1701,QUITO,170150,QUITO,ELOY ALFARO Y JOSE FELIX BARREIRO,ZONA 9,URBANA,ND,ND,ND,ND,21/03/2023,21:50:00,DE 21H00 A 21H59,21,MARTES,2,MARZO,3,NO,C11,NO MANTENER LA DISTANCIA PRUDENCIAL CON RESPECTO AL VEHÍCULO QUE LE ANTECEDE.,CHOQUE POSTERIOR,AUTOMÓVIL,COMERCIAL,2,0,0,0,0,0,0,0,0,0,0,0,0,2,LICENCIA,59,HOMBRE,ILESO,CONDUCTOR,NO,NO
2023,DMQ00464032023,0,0,DMQ,-0.203559,-78.430841,17,PICHINCHA,1701,QUITO,170157,CUMBAYA,MARIA ANGELICA IDROVO Y ALBA CALDERON,ZONA 9,RURAL,ND,ND,ND,ND,22/03/2023,17:40:00,DE 17H00 A 17H59,17,MIÉRCOLES,3,MARZO,3,NO,C11,NO MANTENER LA DISTANCIA PRUDENCIAL CON RESPECTO AL VEHÍCULO QUE LE ANTECEDE.,COLISIÓN,CAMIONETA,PARTICULAR,2,0,0,0,1,0,0,0,0,0,0,0,0,3,LICENCIA,46,HOMBRE,ILESO,CONDUCTOR,NO,NO
2023,DMQ00465032023,0,0,DMQ,-0.171712,-78.487736,17,PICHINCHA,1701,QUITO,170150,QUITO,10 DE AGOSTO Y JUAN DIGUJA,ZONA 9,URBANA,ND,ND,ND,ND,23/03/2023,1:45:00,DE 01H00 A 01H59,1,JUEVES,4,MARZO,3,NO,C09,CONDUCIR VEHÍCULO SUPERANDO LOS LÍMITES MÁXIMOS DE VELOCIDAD.,ESTRELLAMIENTOS,AUTOMÓVIL,PARTICULAR,1,0,0,0,0,0,0,0,0,0,0,0,0,1,NO IDENTIFICADO,-1,NO IDENTIFICADO,NO IDENTIFICADO,CONDUCTOR,NO,NO
2023,DMQ00466032023,0,0,DMQ,-0.246766,-78.525238,17,PICHINCHA,1701,QUITO,170150,QUITO,CESAR CHIRIBOGA Y FRANCISCO BALLESTEROS,ZONA 9,URBANA,ND,ND,ND,ND,23/03/2023,6:30:00,DE 06H00 A 06H59,6,JUEVES,4,MARZO,3,NO,C09,CONDUCIR VEHÍCULO SUPERANDO LOS LÍMITES MÁXIMOS DE VELOCIDAD.,ESTRELLAMIENTOS,CAMIONETA,PARTICULAR,1,0,0,0,1,0,0,0,0,0,0,0,0,2,NO IDENTIFICADO,-1,NO IDENTIFICADO,NO IDENTIFICADO,CONDUCTOR,NO,NO
2023,DMQ00467032023,0,0,DMQ,-0.288471,-78.475429,17,PICHINCHA,1701,QUITO,170156,CONOCOTO,LOLA QUINTANA Y 29 DE MAYO,ZONA 9,RURAL,ND,ND,ND,ND,23/03/2023,6:45:00,DE 06H00 A 06H59,6,JUEVES,4,MARZO,3,NO,C09,CONDUCIR VEHÍCULO SUPERANDO LOS LÍMITES MÁXIMOS DE VELOCIDAD.,CHOQUE LATERAL,AUTOMÓVIL,PARTICULAR,2,0,0,0,0,0,0,0,0,0,0,0,0,2,LICENCIA,32,HOMBRE,ILESO,CONDUCTOR,NO,NO
2023,DMQ00469032023,0,0,DMQ,-0.210389,-78.502405,17,PICHINCHA,1701,QUITO,170150,QUITO,MANUEL LARREA Y BUENOS AIRES,ZONA 9,URBANA,ND,ND,ND,ND,23/03/2023,7:55:00,DE 07H00 A 07H59,7,JUEVES,4,MARZO,3,NO,C10,"CONDICIONES AMBIENTALES Y/O ATMOSFÉRICAS (NIEBLA, NEBLINA, GRANIZO, LLUVIA).",CHOQUE LATERAL,CAMIONETA,PARTICULAR,0,0,0,0,2,0,0,0,0,0,0,0,0,2,LICENCIA,56,HOMBRE,ILESO,CONDUCTOR,NO,NO
2023,PNE00106032023,0,0,PNE,-0.064822,-78.288341,17,PICHINCHA,1702,CAYAMBE,170251,ASCAZUBI,E35  NORTE    -  KM  216+480,ZONA 2,URBANA,62,CUSUBAMBA - PIFO,E35,ARTERIAL,23/03/2023,8:00:00,DE 08H00 A 08H59,8,JUEVES,4,MARZO,3,NO,C14,"CONDUCIR DESATENTO A LAS CONDICIONES DE TRÁNSITO (CELULAR, PANTALLAS DE VIDEO, COMIDA, MAQUILLAJE O CUALQUIER OTRO ELEMENTO DISTRACTOR).",CHOQUE LATERAL,CAMIONETA,PARTICULAR,1,0,0,0,1,0,0,0,0,0,0,0,0,2,LICENCIA,31,HOMBRE,ILESO,CONDUCTOR,NO,SI
2023,DMQ00471032023,3,0,DMQ,-0.103276,-78.451562,17,PICHINCHA,1701,QUITO,170155,CALDERON (CARAPUNGO),GIOVANNI CALLES Y NEPTALI GODOY,ZONA 9,RURAL,ND,ND,ND,ND,23/03/2023,11:30:00,DE 11H00 A 11H59,11,JUEVES,4,MARZO,3,NO,C23,"NO RESPETAR LAS SEÑALES REGLAMENTARIAS DE TRÁNSITO. (PARE, CEDA EL PASO, LUZ ROJA DEL SEMAFORO, ETC).",CHOQUE LATERAL,MOTOCICLETA,PARTICULAR,1,0,0,0,0,0,0,0,1,0,0,0,0,2,LICENCIA,21,HOMBRE,LESIONADO,CONDUCTOR,NO,NO
2023,DMQ00474032023,0,0,DMQ,-0.153463,-78.477681,17,PICHINCHA,1701,QUITO,170150,QUITO,ISAAC ALBENIZ Y MORLAN,ZONA 9,URBANA,ND,ND,ND,ND,23/03/2023,14:35:00,DE 14H00 A 14H59,14,JUEVES,4,MARZO,3,NO,C11,NO MANTENER LA DISTANCIA PRUDENCIAL CON RESPECTO AL VEHÍCULO QUE LE ANTECEDE.,CHOQUE POSTERIOR,FURGONETA,PARTICULAR,1,0,0,0,0,0,0,1,0,0,0,0,0,2,PASAPORTE,43,HOMBRE,ILESO,CONDUCTOR,NO,NO
2023,DMQ00475032023,0,0,DMQ,-0.107638,-78.447104,17,PICHINCHA,1701,QUITO,170155,CALDERON (CARAPUNGO),PANAMERICANA NORTE Y GARCIA MORENO,ZONA 9,RURAL,58,ENTRADA A CARAPUNGO - CALDERON,58,COLECTORA,23/03/2023,15:53:00,DE 15H00 A 15H59,15,JUEVES,4,MARZO,3,NO,C23,"NO RESPETAR LAS SEÑALES REGLAMENTARIAS DE TRÁNSITO. (PARE, CEDA EL PASO, LUZ ROJA DEL SEMAFORO, ETC).",CHOQUE LATERAL,MOTOCICLETA,PARTICULAR,1,0,0,0,0,0,0,0,1,0,0,0,0,2,LICENCIA,24,HOMBRE,ILESO,CONDUCTOR,NO,NO
2023,DMQ00476032023,0,0,DMQ,-0.198535,-78.464456,17,PICHINCHA,1701,QUITO,170150,QUITO,SIMON BOLIVAR Y DE LOS CONQUISTADORES,ZONA 9,URBANA,ND,ND,ND,ND,23/03/2023,16:40:00,DE 16H00 A 16H59,16,JUEVES,4,MARZO,3,NO,C09,CONDUCIR VEHÍCULO SUPERANDO LOS LÍMITES MÁXIMOS DE VELOCIDAD.,OTROS,CAMIÓN,CUENTA PROPIA,0,0,0,2,1,0,0,0,0,0,0,0,0,3,LICENCIA,47,HOMBRE,ILESO,CONDUCTOR,NO,NO
2023,CTE00342032023,0,1,CTE,-0.446833,-78.746278,17,PICHINCHA,1703,MEJIA,170355,MANUEL CORNEJO ASTORGA,RED VIAL ESTATAL E-20 KM 36+360 SENTIDO ALOAG-STO.DOMINGO.,ZONA 2,RURAL,331,ALOAG (OBELISCO) - TANDAPI,E20,ARTERIAL,23/03/2023,17:40:00,DE 17H00 A 17H59,17,JUEVES,4,MARZO,3,NO,C14,"CONDUCIR DESATENTO A LAS CONDICIONES DE TRÁNSITO (CELULAR, PANTALLAS DE VIDEO, COMIDA, MAQUILLAJE O CUALQUIER OTRO ELEMENTO DISTRACTOR).",PÉRDIDA DE CARRIL,CAMIONETA,PARTICULAR,0,0,0,0,1,0,0,0,0,0,0,0,0,1,LICENCIA,79,HOMBRE,FALLECIDO,CONDUCTOR,NO,NO
2023,DMQ00480032023,1,0,DMQ,-0.200204,-78.499996,17,PICHINCHA,1701,QUITO,170150,QUITO,ANTONIO DE ULLOA Y RAMIREZ DAVALOS,ZONA 9,URBANA,ND,ND,ND,ND,23/03/2023,18:24:00,DE 18H00 A 18H59,18,JUEVES,4,MARZO,3,NO,C09,CONDUCIR VEHÍCULO SUPERANDO LOS LÍMITES MÁXIMOS DE VELOCIDAD.,OTROS,MOTOCICLETA,PARTICULAR,0,0,0,0,0,0,0,0,2,0,0,0,0,2,CÉDULA,54,MUJER,LESIONADO,PEATÓN,NO,NO
2023,DMQ00481032023,0,0,DMQ,-0.163371,-78.486145,17,PICHINCHA,1701,QUITO,170150,QUITO,10 DE AGOSTO Y JOSE FALCONI,ZONA 9,URBANA,ND,ND,ND,ND,23/03/2023,19:45:00,DE 19H00 A 19H59,19,JUEVES,4,MARZO,3,NO,C10,"CONDICIONES AMBIENTALES Y/O ATMOSFÉRICAS (NIEBLA, NEBLINA, GRANIZO, LLUVIA).",CHOQUE POSTERIOR,AUTOMÓVIL,PARTICULAR,2,0,0,0,0,0,0,0,0,0,0,0,0,2,LICENCIA,40,MUJER,ILESO,CONDUCTOR,NO,NO
2023,PNE00107032023,1,0,PNE,-0.344037,-78.454588,17,PICHINCHA,1705,RUMIÑAHUI,170550,SANGOLQUI,SANGOLQUI  AV.GRAL  ENRIQUEZ    -  SHIRYS,ZONA 2,RURAL,ND,ND,ND,ND,23/03/2023,20:45:00,DE 20H00 A 20H59,20,JUEVES,4,MARZO,3,NO,C10,"CONDICIONES AMBIENTALES Y/O ATMOSFÉRICAS (NIEBLA, NEBLINA, GRANIZO, LLUVIA).",CAÍDA DE PASAJERO,NO IDENTIFICADO,PARTICULAR,0,0,0,0,0,0,0,0,0,1,0,0,0,1,NO IDENTIFICADO,19,HOMBRE,LESIONADO,PASAJERO,NO,SI
2023,CTE00345032023,0,0,CTE,-0.320639,-78.922278,17,PICHINCHA,1703,MEJIA,170355,MANUEL CORNEJO ASTORGA,RED VIAL ESTATAL E-20 SENTIDO STO.DOMINGO-ALOAG,ZONA 2,RURAL,332,TANDAPI - LIMITE PROVINCIAL ENTRE PICHINCHA Y SANTO DOMINGO,E20,ARTERIAL,24/03/2023,2:30:00,DE 02H00 A 02H59,2,VIERNES,5,MARZO,3,NO,C14,"CONDUCIR DESATENTO A LAS CONDICIONES DE TRÁNSITO (CELULAR, PANTALLAS DE VIDEO, COMIDA, MAQUILLAJE O CUALQUIER OTRO ELEMENTO DISTRACTOR).",PÉRDIDA DE CARRIL,VEHÍCULO DEPORTIVO UTILITARIO,PARTICULAR,0,0,0,0,0,0,0,0,0,0,0,0,1,1,LICENCIA,-1,HOMBRE,ILESO,CONDUCTOR,NO,NO
2023,DMQ00486032023,0,1,DMQ,-0.266261,-78.551241,17,PICHINCHA,1701,QUITO,170150,QUITO,MARISCAL SUCRE Y LA MANA,ZONA 9,URBANA,ND,ND,ND,ND,24/03/2023,6:40:00,DE 06H00 A 06H59,6,VIERNES,5,MARZO,3,NO,C16,NO TRANSITAR POR LAS ACERAS O ZONAS DE SEGURIDAD DESTINADAS PARA EL EFECTO.,ATROPELLOS,BUS,PÚBLICO,0,0,1,0,0,0,0,0,0,0,0,0,0,1,CÉDULA,38,HOMBRE,FALLECIDO,PEATÓN,NO,NO
2023,DMQ00487032023,2,0,DMQ,-0.336161,-78.541551,17,PICHINCHA,1701,QUITO,170150,QUITO,E3J Y S57E,ZONA 9,URBANA,ND,ND,ND,ND,24/03/2023,7:40:00,DE 07H00 A 07H59,7,VIERNES,5,MARZO,3,NO,C09,CONDUCIR VEHÍCULO SUPERANDO LOS LÍMITES MÁXIMOS DE VELOCIDAD.,CHOQUE LATERAL,MOTOCICLETA,PARTICULAR,1,0,0,0,0,0,0,0,1,0,0,0,0,2,CÉDULA,8,MUJER,LESIONADO,PASAJERO,SI,NO
2023,DMQ00488032023,1,0,DMQ,-0.223432,-78.513053,17,PICHINCHA,1701,QUITO,170150,QUITO,GUAYAQUIL Y BOLIVAR,ZONA 9,URBANA,ND,ND,ND,ND,24/03/2023,10:00:00,DE 10H00 A 10H59,10,VIERNES,5,MARZO,3,NO,C06,"CONDUCE BAJO LA INFLUENCIA DE ALCOHOL, SUSTANCIAS ESTUPEFACIENTES O PSICOTRÓPICAS Y/O MEDICAMENTOS.",CHOQUE FRONTAL,BUS,PÚBLICO,0,0,1,0,0,0,0,0,0,0,1,0,0,2,LICENCIA,33,HOMBRE,LESIONADO,CONDUCTOR,NO,NO