ANIO,SINIESTROS,LESIONADOS,FALLECIDOS,ENTE_DE_CONTROL,LATITUD_Y,LONGITUD_X,DPA_1,PROVINCIA,DPA_2,CANTON,DPA_3,PARROQUIA,DIRECCION,ZONA_PLANIFICACION,ZONA,ID_DE_LA_VIA,NOMBRE_DE_LA_VIA,UBICACION_DE_LA_VIA,JERARQUIA_DE_LA_VIA,FECHA,HORA,PERIODO_1,PERIODO_2,DIA_1,DIA_2,MES_1,MES_2,FERIADO,CODIGO_CAUSA,CAUSA_PROBABLE,TIPO_DE_SINIESTRO,TIPO_DE_VEHICULO_1,SERVICIO_1,AUTOMOVIL,BICICLETA,BUS,CAMION,CAMIONETA,EMERGENCIAS,ESPECIAL,FURGONETA,MOTOCICLETA,NO_IDENTIFICADO,SCOOTER_ELECTRICO,TRICIMOTO,VEHICULO_DEPORTIVO_UTILITARIO,SUMA_DE_VEHICULOS,TIPO_ID_1,EDAD_1,SEXO_1,CONDICION_1,PARTICIPANTE_1,CASCO_1,CINTURON_1
2023,DMQ00490032023,0,0,DMQ,-0.126444,-78.478062,17,PICHINCHA,1701,QUITO,170150,QUITO,6 DE DICIEMBRE Y SANTA LUCIA,ZONA 9,URBANA,ND,ND,ND,ND,24/03/2023,12:51:00,DE 12H00 A 12H59,12,VIERNES,5,MARZO,3,NO,C23,"NO RESPETAR LAS SEÑALES REGLAMENTARIAS DE TRÁNSITO. (PARE, CEDA EL PASO, LUZ ROJA DEL SEMAFORO, ETC).",OTROS,CAMIONETA,PARTICULAR,1,0,0,0,1,0,0,0,0,0,0,0,0,2,LICENCIA,41,HOMBRE,ILESO,CONDUCTOR,NO,NO
2023,DMQ00492032023,1,0,DMQ,-0.317927,-78.570282,17,PICHINCHA,1701,QUITO,170150,QUITO,OE9F Y S49B,ZONA 9,URBANA,ND,ND,ND,ND,24/03/2023,14:40:00,DE 14H00 A 14H59,14,VIERNES,5,MARZO,3,NO,C09,CONDUCIR VEHÍCULO SUPERANDO LOS LÍMITES MÁXIMOS DE VELOCIDAD.,CAÍDA DE PASAJERO,NO IDENTIFICADO,PARTICULAR,0,0,0,0,0,0,0,0,0,1,0,0,0,1,CÉDULA,23,HOMBRE,LESIONADO,PASAJERO,NO,NO
2023,DMQ00493032023,0,0,DMQ,-0.123336,-78.482693,17,PICHINCHA,1701,QUITO,170150,QUITO,SABANILLA Y MELCHOR TOAZA,ZONA 9,URBANA,ND,ND,ND,ND,24/03/2023,18:30:00,DE 18H00 A 18H59,18,VIERNES,5,MARZO,3,NO,C23,"NO RESPETAR LAS SEÑALES REGLAMENTARIAS DE TRÁNSITO. (PARE, CEDA EL PASO, LUZ ROJA DEL SEMAFORO, ETC).",CHOQUE LATERAL,AUTOMÓVIL,PARTICULAR,2,0,0,0,0,0,0,0,0,0,0,0,0,2,LICENCIA,61,HOMBRE,ILESO,CONDUCTOR,NO,NO
2023,DMQ00495032023,0,0,DMQ,-0.106891,-78.472913,17,PICHINCHA,1701,QUITO,170150,QUITO,ELOY ALFARO Y CHEDIAK,ZONA 9,URBANA,ND,ND,ND,ND,24/03/2023,20:00:00,DE 20H00 A 20H59,20,VIERNES,5,MARZO,3,NO,C09,CONDUCIR VEHÍCULO SUPERANDO LOS LÍMITES MÁXIMOS DE VELOCIDAD.,OTROS,AUTOMÓVIL,PARTICULAR,1,0,0,0,0,0,0,0,0,0,0,0,0,1,NO IDENTIFICADO,-1,NO IDENTIFICADO,NO IDENTIFICADO,CONDUCTOR,NO,NO
2023,DMQ00497032023,0,0,DMQ,-0.193683,-78.461021,17,PICHINCHA,1701,QUITO,170150,QUITO,SIMON BOLIVAR Y INTEROCEANICA,ZONA 9,URBANA,ND,ND,ND,ND,24/03/2023,20:50:00,DE 20H00 A 20H59,20,VIERNES,5,MARZO,3,NO,C10,"CONDICIONES AMBIENTALES Y/O ATMOSFÉRICAS (NIEBLA, NEBLINA, GRANIZO, LLUVIA).",CHOQUE FRONTAL,AUTOMÓVIL,PARTICULAR,2,0,0,0,0,0,0,0,0,0,0,0,0,2,LICENCIA,70,HOMBRE,ILESO,CONDUCTOR,NO,NO
2023,DMQ00498032023,0,0,DMQ,-0.182543,-78.506383,17,PICHINCHA,1701,QUITO,170150,QUITO,MARISCAL SUCRE Y MARIANA DE JESUS,ZONA 9,URBANA,ND,ND,ND,ND,24/03/2023,20:50:00,DE 20H00 A 20H59,20,VIERNES,5,MARZO,3,NO,C10,"CONDICIONES AMBIENTALES Y/O ATMOSFÉRICAS (NIEBLA, NEBLINA, GRANIZO, LLUVIA).",ESTRELLAMIENTOS,AUTOMÓVIL,PARTICULAR,1,0,0,0,0,0,0,0,0,0,0,0,0,1,LICENCIA,55,HOMBRE,ILESO,CONDUCTOR,NO,NO
2023,DMQ00500032023,0,0,DMQ,-0.095608,-78.469392,17,PICHINCHA,1701,QUITO,170150,QUITO,GALO PLAZA LASSO Y DIEGO VASQUEZ DE CEPEDA,ZONA 9,URBANA,ND,ND,ND,ND,24/03/2023,22:00:00,DE 22H00 A 22H59,22,VIERNES,5,MARZO,3,NO,C09,CONDUCIR VEHÍCULO SUPERANDO LOS LÍMITES MÁXIMOS DE VELOCIDAD.,ESTRELLAMIENTOS,AUTOMÓVIL,PARTICULAR,1,0,0,0,0,0,0,0,0,0,0,0,0,1,LICENCIA,34,MUJER,ILESO,CONDUCTOR,NO,NO
2023,DMQ00501032023,4,0,DMQ,-0.162783,-78.478485,17,PICHINCHA,1701,QUITO,170150,QUITO,SHYRIS Y RIO COCA,ZONA 9,URBANA,ND,ND,ND,ND,24/03/2023,22:15:00,DE 22H00 A 22H59,22,VIERNES,5,MARZO,3,NO,C10,"CONDICIONES AMBIENTALES Y/O ATMOSFÉRICAS (NIEBLA, NEBLINA, GRANIZO, LLUVIA).",CHOQUE LATERAL,CAMIÓN,CUENTA PROPIA,1,0,0,1,0,0,0,0,0,0,0,0,0,2,CÉDULA,23,HOMBRE,LESIONADO,PASAJERO,NO,NO
2023,DMQ00502032023,0,0,DMQ,-0.122223,-78.495573,17,PICHINCHA,1701,QUITO,170150,QUITO,PEDRO FREILE Y RIGOBERTO HEREDIA,ZONA 9,URBANA,ND,ND,ND,ND,24/03/2023,23:00:00,DE 23H00 A 23H59,23,VIERNES,5,MARZO,3,NO,C23,"NO RESPETAR LAS SEÑALES REGLAMENTARIAS DE TRÁNSITO. (PARE, CEDA EL PASO, LUZ ROJA DEL SEMAFORO, ETC).",CHOQUE LATERAL,AUTOMÓVIL,PARTICULAR,2,0,0,0,0,0,0,0,0,0,0,0,0,2,LICENCIA,30,HOMBRE,ILESO,CONDUCTOR,NO,NO
2023,DMQ00504032023,0,0,DMQ,-0.259211,-78.551129,17,PICHINCHA,1701,QUITO,170150,QUITO,ANGAMARCA Y CRISTOBAL PALACIOS,ZONA 9,URBANA,ND,ND,ND,ND,25/03/2023,0:02:00,DE 00H00 A 00H59,0,SÁBADO,6,MARZO,3,NO,C09,CONDUCIR VEHÍCULO SUPERANDO LOS LÍMITES MÁXIMOS DE VELOCIDAD.,CHOQUE LATERAL,AUTOMÓVIL,PARTICULAR,2,0,0,0,0,0,0,0,0,0,0,0,0,2,LICENCIA,34,HOMBRE,ILESO,CONDUCTOR,NO,NO
2023,DMQ00505032023,3,0,DMQ,-0.175011,-78.493552,17,PICHINCHA,1701,QUITO,170150,QUITO,AMERICA Y NACIONES UNIDAS,ZONA 9,URBANA,ND,ND,ND,ND,25/03/2023,2:20:00,DE 02H00 A 02H59,2,SÁBADO,6,MARZO,3,NO,C10,"CONDICIONES AMBIENTALES Y/O ATMOSFÉRICAS (NIEBLA, NEBLINA, GRANIZO, LLUVIA).",ESTRELLAMIENTOS,CAMIONETA,PARTICULAR,1,0,0,0,1,0,0,0,0,0,0,0,0,2,CÉDULA,32,HOMBRE,LESIONADO,PASAJERO,NO,NO
2023,DMQ00508032023,0,0,DMQ,-0.006255,-78.451829,17,PICHINCHA,1701,QUITO,170180,SAN ANTONIO (QUITO),JOSE MEJIA LEQUERICA Y SAN FRANCISCO DE LA PITA,ZONA 9,RURAL,ND,ND,ND,ND,25/03/2023,11:03:00,DE 11H00 A 11H59,11,SÁBADO,6,MARZO,3,NO,C23,"NO RESPETAR LAS SEÑALES REGLAMENTARIAS DE TRÁNSITO. (PARE, CEDA EL PASO, LUZ ROJA DEL SEMAFORO, ETC).",CHOQUE LATERAL,AUTOMÓVIL,PARTICULAR,2,0,0,0,0,0,0,0,0,0,0,0,0,2,LICENCIA,48,HOMBRE,ILESO,CONDUCTOR,NO,NO
2023,DMQ00510032023,1,0,DMQ,-0.270031,-78.538871,17,PICHINCHA,1701,QUITO,170150,QUITO,JOSE ABARCAS Y JACINTO ESCOBAR,ZONA 9,URBANA,ND,ND,ND,ND,25/03/2023,12:35:00,DE 12H00 A 12H59,12,SÁBADO,6,MARZO,3,NO,C26,NO CEDER EL DERECHO DE VÍA O PREFERENCIA DE PASO AL PEATÓN.,ATROPELLOS,NO IDENTIFICADO,PARTICULAR,0,0,0,0,0,0,0,0,0,1,0,0,0,1,CÉDULA,78,MUJER,LESIONADO,PEATÓN,NO,NO
2023,DMQ00511032023,2,0,DMQ,-0.193323,-78.498428,17,PICHINCHA,1701,QUITO,170150,QUITO,AMERICA Y LORENZO ALDANA,ZONA 9,URBANA,ND,ND,ND,ND,25/03/2023,13:08:00,DE 13H00 A 13H59,13,SÁBADO,6,MARZO,3,NO,C23,"NO RESPETAR LAS SEÑALES REGLAMENTARIAS DE TRÁNSITO. (PARE, CEDA EL PASO, LUZ ROJA DEL SEMAFORO, ETC).",OTROS,MOTOCICLETA,GOBIERNOS SECCIONALES,1,0,0,0,0,0,0,0,1,0,0,0,0,2,CÉDULA,32,HOMBRE,LESIONADO,PASAJERO,NO,NO
2023,DMQ00513032023,1,0,DMQ,-0.287508,-78.564863,17,PICHINCHA,1701,QUITO,170150,QUITO,MIGUEL HERNANDEZ Y CARLOS FREILE,ZONA 9,URBANA,ND,ND,ND,ND,25/03/2023,15:10:00,DE 15H00 A 15H59,15,SÁBADO,6,MARZO,3,NO,C25,NO CEDER EL DERECHO DE VÍA O PREFERENCIA DE PASO A VEHÍCULOS.,CHOQUE LATERAL,NO IDENTIFICADO,PARTICULAR,0,0,0,0,0,0,0,0,0,2,0,0,0,2,LICENCIA,36,HOMBRE,LESIONADO,CONDUCTOR,NO,NO
2023,DMQ00514032023,0,0,DMQ,-0.290732,-78.561584,17,PICHINCHA,1701,QUITO,170150,QUITO,MARTHA BUCARAM Y CONDOR ÑAN,ZONA 9,URBANA,ND,ND,ND,ND,25/03/2023,17:00:00,DE 17H00 A 17H59,17,SÁBADO,6,MARZO,3,NO,C11,NO MANTENER LA DISTANCIA PRUDENCIAL CON RESPECTO AL VEHÍCULO QUE LE ANTECEDE.,CHOQUE POSTERIOR,BUS,PÚBLICO,1,0,1,0,0,0,0,0,0,0,0,0,0,2,LICENCIA,57,HOMBRE,ILESO,CONDUCTOR,NO,NO
2023,PNE00113032023,0,2,PNE,-0.449411,-78.585734,17,PICHINCHA,1703,MEJIA,170351,ALOAG,VIA  PUEBLOVIEJO  -  CATARAMA  -  VIA  PRINCIPAL,ZONA 2,URBANA,ND,ND,ND,ND,25/03/2023,19:40:00,DE 19H00 A 19H59,19,SÁBADO,6,MARZO,3,NO,C14,"CONDUCIR DESATENTO A LAS CONDICIONES DE TRÁNSITO (CELULAR, PANTALLAS DE VIDEO, COMIDA, MAQUILLAJE O CUALQUIER OTRO ELEMENTO DISTRACTOR).",CHOQUE FRONTAL,MOTOCICLETA,PARTICULAR,0,0,0,0,0,0,0,0,2,0,0,0,0,2,LICENCIA,29,HOMBRE,FALLECIDO,CONDUCTOR,NO,SI
2023,DMQ00515032023,0,0,DMQ,-0.130446,-78.448309,17,PICHINCHA,1701,QUITO,170165,LLANO CHICO,SIMON BOLIVAR Y NOGALES,ZONA 9,RURAL,ND,ND,ND,ND,25/03/2023,20:40:00,DE 20H00 A 20H59,20,SÁBADO,6,MARZO,3,NO,C09,CONDUCIR VEHÍCULO SUPERANDO LOS LÍMITES MÁXIMOS DE VELOCIDAD.,PÉRDIDA DE CARRIL,AUTOMÓVIL,PARTICULAR,1,0,0,0,0,0,0,0,0,0,0,0,0,1,NO IDENTIFICADO,-1,NO IDENTIFICADO,NO IDENTIFICADO,CONDUCTOR,NO,NO
2023,DMQ00516032023,0,0,DMQ,-0.084453,-78.419391,17,PICHINCHA,1701,QUITO,170155,CALDERON (CARAPUNGO),GIOVANNI CALLES Y ERNESTO QUEZADA,ZONA 9,RURAL,ND,ND,ND,ND,25/03/2023,21:24:00,DE 21H00 A 21H59,21,SÁBADO,6,MARZO,3,NO,C06,"CONDUCE BAJO LA INFLUENCIA DE ALCOHOL, SUSTANCIAS ESTUPEFACIENTES O PSICOTRÓPICAS Y/O MEDICAMENTOS.",OTROS,AUTOMÓVIL,PARTICULAR,3,0,0,0,0,0,0,0,0,0,0,0,0,3,LICENCIA,22,HOMBRE,ILESO,CONDUCTOR,NO,NO
2023,DMQ00521032023,0,0,DMQ,-0.202083,-78.511007,17,PICHINCHA,1701,QUITO,170150,QUITO,MARISCAL SUCRE Y FACULTAD DE EDUCACION FISICA DE LA UNIVERSIDAD CENTRAL,ZONA 9,URBANA,ND,ND,ND,ND,26/03/2023,2:30:00,DE 02H00 A 02H59,2,DOMINGO,7,MARZO,3,NO,C09,CONDUCIR VEHÍCULO SUPERANDO LOS LÍMITES MÁXIMOS DE VELOCIDAD.,ESTRELLAMIENTOS,AUTOMÓVIL,PARTICULAR,1,0,0,0,0,0,0,0,0,0,0,0,0,1,NO IDENTIFICADO,-1,NO IDENTIFICADO,NO IDENTIFICADO,CONDUCTOR,NO,NO
2023,DMQ00522032023,0,0,DMQ,-0.335418,-78.539465,17,PICHINCHA,1701,QUITO,170150,QUITO,S57C Y E4C,ZONA 9,URBANA,ND,ND,ND,ND,26/03/2023,3:00:00,DE 03H00 A 03H59,3,DOMINGO,7,MARZO,3,NO,C09,CONDUCIR VEHÍCULO SUPERANDO LOS LÍMITES MÁXIMOS DE VELOCIDAD.,ESTRELLAMIENTOS,FURGONETA,PARTICULAR,1,0,0,0,0,0,0,1,0,0,0,0,0,2,LICENCIA,34,HOMBRE,ILESO,CONDUCTOR,NO,NO
2023,DMQ00523032023,0,1,DMQ,-0.016544,-78.451312,17,PICHINCHA,1701,QUITO,170180,SAN ANTONIO (QUITO),13 DE JUNIO Y S4B,ZONA 9,RURAL,ND,ND,ND,ND,26/03/2023,3:00:00,DE 03H00 A 03H59,3,DOMINGO,7,MARZO,3,NO,C09,CONDUCIR VEHÍCULO SUPERANDO LOS LÍMITES MÁXIMOS DE VELOCIDAD.,ESTRELLAMIENTOS,MOTOCICLETA,PARTICULAR,1,0,0,0,0,0,0,0,1,0,0,0,0,2,LICENCIA,38,HOMBRE,FALLECIDO,CONDUCTOR,NO,NO
2023,DMQ00525032023,0,0,DMQ,-0.188355,-78.446378,17,PICHINCHA,1701,QUITO,170170,NAYON,OSWALDO GUAYASAMIN Y MIRAVALLE 2,ZONA 9,RURAL,60,QUITO - TUMBACO - PIFO,60,COLECTORA,26/03/2023,5:15:00,DE 05H00 A 05H59,5,DOMINGO,7,MARZO,3,NO,C19,REALIZAR CAMBIO BRUSCO O INDEBIDO DE CARRIL.,CHOQUE FRONTAL,AUTOMÓVIL,PARTICULAR,2,0,0,0,0,0,0,0,0,0,0,0,0,2,LICENCIA,49,HOMBRE,ILESO,CONDUCTOR,NO,NO
2023,PNE00116032023,2,0,PNE,-0.363255,-78.473209,17,PICHINCHA,1705,RUMIÑAHUI,170550,SANGOLQUI,PICHINCHA-RUMINAHUI-E35  SUR  -  JACINTO  JIJON  Y  CAAMANO,ZONA 2,URBANA,65,REDONDEL DEL COLIBRI - TAMBILLO,E35 - E20,ARTERIAL,26/03/2023,9:30:00,DE 09H00 A 09H59,9,DOMINGO,7,MARZO,3,NO,C06,"CONDUCE BAJO LA INFLUENCIA DE ALCOHOL, SUSTANCIAS ESTUPEFACIENTES O PSICOTRÓPICAS Y/O MEDICAMENTOS.",CHOQUE LATERAL,VEHÍCULO DEPORTIVO UTILITARIO,PARTICULAR,1,0,0,0,0,0,0,0,0,0,0,0,1,2,LICENCIA,38,HOMBRE,LESIONADO,CONDUCTOR,NO,SI
2023,DMQ00528032023,2,0,DMQ,-0.198748,-78.484381,17,PICHINCHA,1701,QUITO,170150,QUITO,6 DE DICIEMBRE Y ORELLANA,ZONA 9,URBANA,ND,ND,ND,ND,26/03/2023,10:45:00,DE 10H00 A 10H59,10,DOMINGO,7,MARZO,3,NO,C23,"NO RESPETAR LAS SEÑALES REGLAMENTARIAS DE TRÁNSITO. (PARE, CEDA EL PASO, LUZ ROJA DEL SEMAFORO, ETC).",CHOQUE LATERAL,BUS,PÚBLICO,0,1,1,0,0,0,0,0,0,0,0,0,0,2,CÉDULA,64,HOMBRE,LESIONADO,PASAJERO,NO,NO
2023,DMQ00529032023,2,0,DMQ,-0.185174,-78.452892,17,PICHINCHA,1701,QUITO,170170,NAYON,SIMON BOLIVAR Y OSWALDO GUAYASAMIN,ZONA 9,RURAL,ND,ND,ND,ND,26/03/2023,11:11:00,DE 11H00 A 11H59,11,DOMINGO,7,MARZO,3,NO,C06,"CONDUCE BAJO LA INFLUENCIA DE ALCOHOL, SUSTANCIAS ESTUPEFACIENTES O PSICOTRÓPICAS Y/O MEDICAMENTOS.",OTROS,MOTOCICLETA,PARTICULAR,1,0,0,0,0,0,0,0,1,1,0,0,0,3,CÉDULA,27,HOMBRE,LESIONADO,PASAJERO,NO,NO
2023,DMQ00530032023,0,0,DMQ,-0.131698,-78.496602,17,PICHINCHA,1701,QUITO,170150,QUITO,JUAN IGNACIO PAREJA Y SIMON CARDENAS PROAÑO,ZONA 9,URBANA,ND,ND,ND,ND,26/03/2023,15:30:00,DE 15H00 A 15H59,15,DOMINGO,7,MARZO,3,NO,C23,"NO RESPETAR LAS SEÑALES REGLAMENTARIAS DE TRÁNSITO. (PARE, CEDA EL PASO, LUZ ROJA DEL SEMAFORO, ETC).",CHOQUE LATERAL,CAMIONETA,PARTICULAR,1,0,0,0,1,0,0,0,0,0,0,0,0,2,LICENCIA,64,HOMBRE,ILESO,CONDUCTOR,NO,NO
2023,DMQ00531032023,0,0,DMQ,-0.183374,-78.482088,17,PICHINCHA,1701,QUITO,170150,QUITO,SHYRIS Y HOLANDA,ZONA 9,URBANA,ND,ND,ND,ND,26/03/2023,15:55:00,DE 15H00 A 15H59,15,DOMINGO,7,MARZO,3,NO,C11,NO MANTENER LA DISTANCIA PRUDENCIAL CON RESPECTO AL VEHÍCULO QUE LE ANTECEDE.,CHOQUE POSTERIOR,AUTOMÓVIL,COMERCIAL,2,0,0,0,0,0,0,0,0,0,0,0,0,2,LICENCIA,50,HOMBRE,ILESO,CONDUCTOR,NO,NO
2023,DMQ00532032023,1,0,DMQ,-0.304257,-78.565346,17,PICHINCHA,1701,QUITO,170150,QUITO,EMILIO UZCATEGUI Y COLLAY,ZONA 9,URBANA,ND,ND,ND,ND,26/03/2023,17:00:00,DE 17H00 A 17H59,17,DOMINGO,7,MARZO,3,NO,C26,NO CEDER EL DERECHO DE VÍA O PREFERENCIA DE PASO AL PEATÓN.,ATROPELLOS,NO IDENTIFICADO,PARTICULAR,0,0,0,0,0,0,0,0,0,1,0,0,0,1,CÉDULA,45,HOMBRE,LESIONADO,PEATÓN,NO,NO
2023,DMQ00534032023,0,0,DMQ,-0.089153,-78.428068,17,PICHINCHA,1701,QUITO,170155,CALDERON (CARAPUNGO),GIOVANNI CALLES Y CACHA,ZONA 9,RURAL,ND,ND,ND,ND,26/03/2023,18:07:00,DE 18H00 A 18H59,18,DOMINGO,7,MARZO,3,NO,C23,"NO RESPETAR LAS SEÑALES REGLAMENTARIAS DE TRÁNSITO. (PARE, CEDA EL PASO, LUZ ROJA DEL SEMAFORO, ETC).",CHOQUE LATERAL,AUTOMÓVIL,PARTICULAR,2,0,0,0,0,0,0,0,0,0,0,0,0,2,LICENCIA,53,MUJER,ILESO,CONDUCTOR,NO,NO
2023,PNE00119032023,0,0,PNE,-0.003696,-78.517756,17,PICHINCHA,1701,QUITO,170154,CALACALI,VIA  CALACALI    -  LA  INDEPENDENCIA,ZONA 9,RURAL,54,CALACALI - SAN TADEO,E28,COLECTORA,26/03/2023,19:30:00,DE 19H00 A 19H59,19,DOMINGO,7,MARZO,3,NO,C14,"CONDUCIR DESATENTO A LAS CONDICIONES DE TRÁNSITO (CELULAR, PANTALLAS DE VIDEO, COMIDA, MAQUILLAJE O CUALQUIER OTRO ELEMENTO DISTRACTOR).",PÉRDIDA DE PISTA,AUTOMÓVIL,PARTICULAR,1,0,0,0,0,0,0,0,0,0,0,0,0,1,LICENCIA,64,HOMBRE,ILESO,CONDUCTOR,NO,SI
2023,DMQ00535032023,0,1,DMQ,-0.212824,-78.372904,17,PICHINCHA,1701,QUITO,170184,TUMBACO,RUTA VIVA Y JUAN DE LARREA,ZONA 9,RURAL,ND,ND,ND,ND,26/03/2023,19:55:00,DE 19H00 A 19H59,19,DOMINGO,7,MARZO,3,NO,C09,CONDUCIR VEHÍCULO SUPERANDO LOS LÍMITES MÁXIMOS DE VELOCIDAD.,ESTRELLAMIENTOS,MOTOCICLETA,PARTICULAR,0,0,0,0,0,0,0,0,1,1,0,0,0,2,LICENCIA,37,HOMBRE,FALLECIDO,CONDUCTOR,NO,NO
2023,DMQ00538032023,1,0,DMQ,-0.301057,-78.556395,17,PICHINCHA,1701,QUITO,170150,QUITO,GUAYANAY ÑAN Y RUMICHACA ÑAN,ZONA 9,URBANA,ND,ND,ND,ND,26/03/2023,22:00:00,DE 22H00 A 22H59,22,DOMINGO,7,MARZO,3,NO,C25,NO CEDER EL DERECHO DE VÍA O PREFERENCIA DE PASO A VEHÍCULOS.,CHOQUE LATERAL,MOTOCICLETA,PARTICULAR,1,0,0,0,0,0,0,0,1,0,0,0,0,2,LICENCIA,23,HOMBRE,LESIONADO,CONDUCTOR,NO,NO
2023,DMQ00541032023,0,0,DMQ,-0.052983,-78.449136,17,PICHINCHA,1701,QUITO,170177,POMASQUI,SIMON BOLIVAR Y MARIETA DE VEINTIMILLA,ZONA 9,RURAL,ND,ND,ND,ND,26/03/2023,22:50:00,DE 22H00 A 22H59,22,DOMINGO,7,MARZO,3,NO,C11,NO MANTENER LA DISTANCIA PRUDENCIAL CON RESPECTO AL VEHÍCULO QUE LE ANTECEDE.,OTROS,AUTOMÓVIL,PARTICULAR,2,0,0,0,0,0,0,0,0,0,0,0,0,2,NO IDENTIFICADO,-1,NO IDENTIFICADO,NO IDENTIFICADO,CONDUCTOR,NO,NO
2023,CTE00415032023,0,1,CTE,-0.447048,-78.681791,17,PICHINCHA,1703,MEJIA,170351,ALOAG,RED. ESTATAL E-20 KM20+200APROX. SENTIDO TANDAPI - ALOAG.,ZONA 2,RURAL,331,ALOAG (OBELISCO) - TANDAPI,E20,ARTERIAL,27/03/2023,4:50:00,DE 04H00 A 04H59,4,LUNES,1,MARZO,3,NO,C14,"CONDUCIR DESATENTO A LAS CONDICIONES DE TRÁNSITO (CELULAR, PANTALLAS DE VIDEO, COMIDA, MAQUILLAJE O CUALQUIER OTRO ELEMENTO DISTRACTOR).",VOLCAMIENTOS,CAMIÓN,PÚBLICO,0,0,0,1,0,0,0,0,0,0,0,0,0,1,NO IDENTIFICADO,-1,HOMBRE,FALLECIDO,PASAJERO,NO,NO
2023,DMQ00543032023,0,0,DMQ,-0.228528,-78.507169,17,PICHINCHA,1701,QUITO,170150,QUITO,PICHINCHA Y SUCRE,ZONA 9,URBANA,ND,ND,ND,ND,27/03/2023,9:00:00,DE 09H00 A 09H59,9,LUNES,1,MARZO,3,NO,C19,REALIZAR CAMBIO BRUSCO O INDEBIDO DE CARRIL.,COLISIÓN,BUS,PÚBLICO,1,0,2,0,0,0,0,0,0,0,0,0,0,3,LICENCIA,31,HOMBRE,ILESO,CONDUCTOR,NO,NO
2023,DMQ00545032023,1,0,DMQ,-0.099944,-78.445955,17,PICHINCHA,1701,QUITO,170155,CALDERON (CARAPUNGO),GIOVANNI CALLES Y JOSE VITERI,ZONA 9,RURAL,ND,ND,ND,ND,27/03/2023,9:54:00,DE 09H00 A 09H59,9,LUNES,1,MARZO,3,NO,C23,"NO RESPETAR LAS SEÑALES REGLAMENTARIAS DE TRÁNSITO. (PARE, CEDA EL PASO, LUZ ROJA DEL SEMAFORO, ETC).",CHOQUE LATERAL,MOTOCICLETA,GOBIERNOS SECCIONALES,1,0,0,0,0,0,0,0,1,0,0,0,0,2,LICENCIA,41,HOMBRE,LESIONADO,CONDUCTOR,NO,NO
2023,DMQ00546032023,2,0,DMQ,-0.231051,-78.504296,17,PICHINCHA,1701,QUITO,170150,QUITO,PICHINCHA Y VELASCO IBARRA,ZONA 9,URBANA,ND,ND,ND,ND,27/03/2023,9:55:00,DE 09H00 A 09H59,9,LUNES,1,MARZO,3,NO,C09,CONDUCIR VEHÍCULO SUPERANDO LOS LÍMITES MÁXIMOS DE VELOCIDAD.,CHOQUE POSTERIOR,BUS,PÚBLICO,0,0,1,0,0,0,0,0,1,0,0,0,0,2,LICENCIA,44,HOMBRE,LESIONADO,CONDUCTOR,NO,NO
2023,DMQ00547032023,1,0,DMQ,-0.279347,-78.563632,17,PICHINCHA,1701,QUITO,170150,QUITO,"E3 Y OE11C, FRENTE AL PARQUE SAN GREGORIO",ZONA 9,URBANA,ND,ND,ND,ND,27/03/2023,12:00:00,DE 12H00 A 12H59,12,LUNES,1,MARZO,3,NO,C26,NO CEDER EL DERECHO DE VÍA O PREFERENCIA DE PASO AL PEATÓN.,ATROPELLOS,NO IDENTIFICADO,PARTICULAR,0,0,0,0,0,0,0,0,0,1,0,0,0,1,CÉDULA,21,MUJER,LESIONADO,PEATÓN,NO,NO
2023,DMQ00550032023,0,0,DMQ,-0.301983,-78.469829,17,PICHINCHA,1701,QUITO,170156,CONOCOTO,JOSE PLACIDO CAAMAÑO Y EUGENIO ESPEJO,ZONA 9,RURAL,ND,ND,ND,ND,27/03/2023,17:50:00,DE 17H00 A 17H59,17,LUNES,1,MARZO,3,NO,C01,"CASO FORTUITO O FUERZA MAYOR (EXPLOSIÓN DE NEUMÁTICO NUEVO, DERRUMBE, INUNDACIÓN, CAÍDA DE PUENTE, ÁRBOL, PRESENCIA INTEMPESTIVA E IMPREVISTA DE SEMOVIENTES EN LA VÍA, ETC.).",ESTRELLAMIENTOS,AUTOMÓVIL,PARTICULAR,1,0,0,0,0,0,0,0,0,0,0,0,0,1,LICENCIA,27,HOMBRE,ILESO,CONDUCTOR,NO,NO
2023,DMQ00552032023,1,0,DMQ,-0.194131,-78.501635,17,PICHINCHA,1701,QUITO,170150,QUITO,LA ISLA Y HUMBERTO ALBORNOZ,ZONA 9,URBANA,ND,ND,ND,ND,27/03/2023,20:00:00,DE 20H00 A 20H59,20,LUNES,1,MARZO,3,NO,C18,CONDUCIR EN SENTIDO CONTRARIO A LA VÍA NORMAL DE CIRCULACIÓN.,CHOQUE FRONTAL,AUTOMÓVIL,PARTICULAR,2,0,0,0,0,0,0,0,0,0,0,0,0,2,LICENCIA,58,HOMBRE,LESIONADO,CONDUCTOR,NO,NO