ANIO,SINIESTROS,LESIONADOS,FALLECIDOS,ENTE_DE_CONTROL,LATITUD_Y,LONGITUD_X,DPA_1,PROVINCIA,DPA_2,CANTON,DPA_3,PARROQUIA,DIRECCION,ZONA_PLANIFICACION,ZONA,ID_DE_LA_VIA,NOMBRE_DE_LA_VIA,UBICACION_DE_LA_VIA,JERARQUIA_DE_LA_VIA,FECHA,HORA,PERIODO_1,PERIODO_2,DIA_1,DIA_2,MES_1,MES_2,FERIADO,CODIGO_CAUSA,CAUSA_PROBABLE,TIPO_DE_SINIESTRO,TIPO_DE_VEHICULO_1,SERVICIO_1,AUTOMOVIL,BICICLETA,BUS,CAMION,CAMIONETA,EMERGENCIAS,ESPECIAL,FURGONETA,MOTOCICLETA,NO_IDENTIFICADO,SCOOTER_ELECTRICO,TRICIMOTO,VEHICULO_DEPORTIVO_UTILITARIO,SUMA_DE_VEHICULOS,TIPO_ID_1,EDAD_1,SEXO_1,CONDICION_1,PARTICIPANTE_1,CASCO_1,CINTURON_1
2023,DMQ00556032023,1,0,DMQ,-0.317549,-78.550471,17,PICHINCHA,1701,QUITO,170150,QUITO,OE1J Y OE1I,ZONA 9,URBANA,ND,ND,ND,ND,27/03/2023,22:00:00,DE 22H00 A 22H59,22,LUNES,1,MARZO,3,NO,C06,"CONDUCE BAJO LA INFLUENCIA DE ALCOHOL, SUSTANCIAS ESTUPEFACIENTES O PSICOTRÓPICAS Y/O MEDICAMENTOS.",ATROPELLOS,AUTOMÓVIL,PARTICULAR,1,0,0,0,0,0,0,0,0,0,0,0,0,1,CÉDULA,40,MUJER,LESIONADO,PEATÓN,NO,NO
2023,DMQ00557032023,0,0,DMQ,-0.129311,-78.494132,17,PICHINCHA,1701,QUITO,170150,QUITO,PRENSA Y VACA DE CASTRO,ZONA 9,URBANA,ND,ND,ND,ND,27/03/2023,23:30:00,DE 23H00 A 23H59,23,LUNES,1,MARZO,3,NO,C09,CONDUCIR VEHÍCULO SUPERANDO LOS LÍMITES MÁXIMOS DE VELOCIDAD.,ESTRELLAMIENTOS,AUTOMÓVIL,PARTICULAR,1,0,0,0,0,0,0,0,0,0,0,0,0,1,NO IDENTIFICADO,-1,NO IDENTIFICADO,NO IDENTIFICADO,CONDUCTOR,NO,NO
2023,DMQ00558032023,1,0,DMQ,-0.170387,-78.356619,17,PICHINCHA,1701,QUITO,170179,PUEMBO,JUANA ÑARUMBA Y LAS PALMAS,ZONA 9,RURAL,ND,ND,ND,ND,27/03/2023,23:30:00,DE 23H00 A 23H59,23,LUNES,1,MARZO,3,NO,C09,CONDUCIR VEHÍCULO SUPERANDO LOS LÍMITES MÁXIMOS DE VELOCIDAD.,VOLCAMIENTOS,AUTOMÓVIL,PARTICULAR,1,0,0,0,0,0,0,0,0,0,0,0,0,1,CÉDULA,32,HOMBRE,LESIONADO,PASAJERO,NO,NO
2023,DMQ00559032023,0,0,DMQ,-0.204793,-78.498952,17,PICHINCHA,1701,QUITO,170150,QUITO,10 DE AGOSTO Y JORGE WASHINGTON,ZONA 9,URBANA,ND,ND,ND,ND,28/03/2023,0:20:00,DE 00H00 A 00H59,0,MARTES,2,MARZO,3,NO,C09,CONDUCIR VEHÍCULO SUPERANDO LOS LÍMITES MÁXIMOS DE VELOCIDAD.,ESTRELLAMIENTOS,AUTOMÓVIL,COMERCIAL,1,0,0,0,0,0,0,0,0,0,0,0,0,1,CÉDULA,67,HOMBRE,ILESO,PASAJERO,NO,NO
2023,DMQ00560032023,0,1,DMQ,-0.237576,-78.519156,17,PICHINCHA,1701,QUITO,170150,QUITO,JAIME DEL CASTILLO Y PEDRO DE ALFARO,ZONA 9,URBANA,ND,ND,ND,ND,28/03/2023,2:30:00,DE 02H00 A 02H59,2,MARTES,2,MARZO,3,NO,C26,NO CEDER EL DERECHO DE VÍA O PREFERENCIA DE PASO AL PEATÓN.,ATROPELLOS,NO IDENTIFICADO,PARTICULAR,0,0,0,0,0,0,0,0,0,1,0,0,0,1,NO IDENTIFICADO,30,HOMBRE,FALLECIDO,PEATÓN,NO,NO
2023,DMQ00561032023,1,0,DMQ,-0.204457,-78.484403,17,PICHINCHA,1701,QUITO,170150,QUITO,12 DE OCTUBRE Y FRANCISCO SALAZAR,ZONA 9,URBANA,ND,ND,ND,ND,28/03/2023,7:25:00,DE 07H00 A 07H59,7,MARTES,2,MARZO,3,NO,C25,NO CEDER EL DERECHO DE VÍA O PREFERENCIA DE PASO A VEHÍCULOS.,ATROPELLOS,AUTOMÓVIL,PARTICULAR,1,0,0,0,0,0,0,0,0,0,0,0,0,1,CÉDULA,41,MUJER,LESIONADO,PEATÓN,NO,NO
2023,DMQ00564032023,1,0,DMQ,-0.103776,-78.497736,17,PICHINCHA,1701,QUITO,170150,QUITO,FRANCISCO DE RUMIHURCO Y JUAN PROCEL,ZONA 9,URBANA,ND,ND,ND,ND,28/03/2023,13:10:00,DE 13H00 A 13H59,13,MARTES,2,MARZO,3,NO,C09,CONDUCIR VEHÍCULO SUPERANDO LOS LÍMITES MÁXIMOS DE VELOCIDAD.,OTROS,MOTOCICLETA,PARTICULAR,0,0,0,0,0,0,0,0,1,0,0,0,0,1,CÉDULA,20,HOMBRE,LESIONADO,PASAJERO,NO,NO
2023,DMQ00569032023,1,0,DMQ,-0.189726,-78.486678,17,PICHINCHA,1701,QUITO,170150,QUITO,ELOY ALFARO Y REPUBLICA,ZONA 9,URBANA,ND,ND,ND,ND,28/03/2023,17:15:00,DE 17H00 A 17H59,17,MARTES,2,MARZO,3,NO,C06,"CONDUCE BAJO LA INFLUENCIA DE ALCOHOL, SUSTANCIAS ESTUPEFACIENTES O PSICOTRÓPICAS Y/O MEDICAMENTOS.",ATROPELLOS,MOTOCICLETA,PARTICULAR,0,0,0,0,0,0,0,0,1,0,0,0,0,1,CÉDULA,24,HOMBRE,LESIONADO,PEATÓN,NO,NO
2023,DMQ00570032023,0,0,DMQ,-0.338761,-78.564007,17,PICHINCHA,1701,QUITO,170150,QUITO, S57 Y OE7F,ZONA 9,URBANA,ND,ND,ND,ND,28/03/2023,18:05:00,DE 18H00 A 18H59,18,MARTES,2,MARZO,3,NO,C05,"FALLA MECÁNICA EN LOS SISTEMAS Y/O NEÚMATICOS (SISTEMA DE FRENOS, DIRECCIÓN, ELÉCTRÓNICO O MECÁNICO).",ESTRELLAMIENTOS,BUS,PÚBLICO,0,0,1,0,0,0,0,0,0,0,0,0,0,1,LICENCIA,49,HOMBRE,ILESO,CONDUCTOR,NO,NO
2023,DMQ00573032023,0,1,DMQ,-0.267369,-78.528259,17,PICHINCHA,1701,QUITO,170150,QUITO, LUIS URDANETA Y SALINAS,ZONA 9,URBANA,ND,ND,ND,ND,28/03/2023,21:30:00,DE 21H00 A 21H59,21,MARTES,2,MARZO,3,NO,C01,"CASO FORTUITO O FUERZA MAYOR (EXPLOSIÓN DE NEUMÁTICO NUEVO, DERRUMBE, INUNDACIÓN, CAÍDA DE PUENTE, ÁRBOL, PRESENCIA INTEMPESTIVA E IMPREVISTA DE SEMOVIENTES EN LA VÍA, ETC.).",ESTRELLAMIENTOS,AUTOMÓVIL,PARTICULAR,1,0,0,0,0,0,0,0,0,0,0,0,0,1,LICENCIA,62,HOMBRE,FALLECIDO,CONDUCTOR,NO,NO
2023,DMQ00574032023,0,0,DMQ,-0.100194,-78.480122,17,PICHINCHA,1701,QUITO,170150,QUITO,MARIANO POZO Y N77D,ZONA 9,URBANA,ND,ND,ND,ND,28/03/2023,22:10:00,DE 22H00 A 22H59,22,MARTES,2,MARZO,3,NO,C19,REALIZAR CAMBIO BRUSCO O INDEBIDO DE CARRIL.,CHOQUE FRONTAL,AUTOMÓVIL,COMERCIAL,2,0,0,0,0,0,0,0,0,0,0,0,0,2,LICENCIA,49,HOMBRE,ILESO,CONDUCTOR,NO,NO
2023,DMQ00575032023,0,0,DMQ,-0.235642,-78.510744,17,PICHINCHA,1701,QUITO,170150,QUITO,VELASCO IBARRA Y NAPO,ZONA 9,URBANA,ND,ND,ND,ND,28/03/2023,22:45:00,DE 22H00 A 22H59,22,MARTES,2,MARZO,3,NO,C23,"NO RESPETAR LAS SEÑALES REGLAMENTARIAS DE TRÁNSITO. (PARE, CEDA EL PASO, LUZ ROJA DEL SEMAFORO, ETC).",CHOQUE FRONTAL,AUTOMÓVIL,PARTICULAR,2,0,0,0,0,0,0,0,0,0,0,0,0,2,LICENCIA,39,HOMBRE,ILESO,CONDUCTOR,NO,NO
2023,DMQ00580032023,3,0,DMQ,-0.272143,-78.508603,17,PICHINCHA,1701,QUITO,170150,QUITO,SIMON BOLIVAR Y FRENTE A LA LUDOTECA,ZONA 9,URBANA,ND,ND,ND,ND,29/03/2023,12:50:00,DE 12H00 A 12H59,12,MIÉRCOLES,3,MARZO,3,NO,C11,NO MANTENER LA DISTANCIA PRUDENCIAL CON RESPECTO AL VEHÍCULO QUE LE ANTECEDE.,COLISIÓN,CAMIÓN,CUENTA PROPIA,3,0,0,1,0,0,0,0,0,0,0,0,0,4,CÉDULA,40,HOMBRE,LESIONADO,PASAJERO,NO,NO
2023,DMQ00582032023,0,0,DMQ,-0.237777,-78.490494,17,PICHINCHA,1701,QUITO,170150,QUITO,SIMON BOLIVAR Y JAVIER LOYOLA,ZONA 9,URBANA,ND,ND,ND,ND,29/03/2023,14:45:00,DE 14H00 A 14H59,14,MIÉRCOLES,3,MARZO,3,NO,C11,NO MANTENER LA DISTANCIA PRUDENCIAL CON RESPECTO AL VEHÍCULO QUE LE ANTECEDE.,CHOQUE POSTERIOR,CAMIONETA,PARTICULAR,1,0,0,0,1,0,0,0,0,0,0,0,0,2,LICENCIA,44,HOMBRE,ILESO,CONDUCTOR,NO,NO
2023,DMQ00583032023,0,0,DMQ,-0.073718,-78.471393,17,PICHINCHA,1701,QUITO,170177,POMASQUI,DE LOS NARCISOS Y MANUEL CORDOVA GALARZA,ZONA 9,RURAL,ND,ND,ND,ND,29/03/2023,16:20:00,DE 16H00 A 16H59,16,MIÉRCOLES,3,MARZO,3,NO,C10,"CONDICIONES AMBIENTALES Y/O ATMOSFÉRICAS (NIEBLA, NEBLINA, GRANIZO, LLUVIA).",ESTRELLAMIENTOS,AUTOMÓVIL,PARTICULAR,1,0,0,0,0,0,0,0,0,0,0,0,0,1,NO IDENTIFICADO,-1,NO IDENTIFICADO,NO IDENTIFICADO,CONDUCTOR,NO,NO
2023,DMQ00584032023,0,0,DMQ,-0.161945,-78.483131,17,PICHINCHA,1701,QUITO,170150,QUITO,AMAZONAS Y RIO COCA,ZONA 9,URBANA,ND,ND,ND,ND,29/03/2023,16:30:00,DE 16H00 A 16H59,16,MIÉRCOLES,3,MARZO,3,NO,C12,NO GUARDAR LA DISTANCIA LATERAL MÍNIMA DE SEGURIDAD ENTRE VEHÍCULOS.,ROZAMIENTOS,CAMIÓN,CUENTA PROPIA,1,0,0,1,0,0,0,0,0,0,0,0,0,2,LICENCIA,33,HOMBRE,ILESO,CONDUCTOR,NO,NO
2023,DMQ00585032023,0,0,DMQ,-0.242447,-78.528641,17,PICHINCHA,1701,QUITO,170150,QUITO,JACINTO COLLAGUAZO Y PURUHA,ZONA 9,URBANA,ND,ND,ND,ND,29/03/2023,17:40:00,DE 17H00 A 17H59,17,MIÉRCOLES,3,MARZO,3,NO,C23,"NO RESPETAR LAS SEÑALES REGLAMENTARIAS DE TRÁNSITO. (PARE, CEDA EL PASO, LUZ ROJA DEL SEMAFORO, ETC).",CHOQUE LATERAL,CAMIONETA,PARTICULAR,1,0,0,0,1,0,0,0,0,0,0,0,0,2,LICENCIA,26,HOMBRE,ILESO,CONDUCTOR,NO,NO
2023,DMQ00587032023,0,0,DMQ,-0.247821,-78.478991,17,PICHINCHA,1701,QUITO,170150,QUITO,SIMON BOLIVAR Y SECTOR UNIVERSIDAD INTERNACIONAL,ZONA 9,RURAL,ND,ND,ND,ND,29/03/2023,19:35:00,DE 19H00 A 19H59,19,MIÉRCOLES,3,MARZO,3,NO,C09,CONDUCIR VEHÍCULO SUPERANDO LOS LÍMITES MÁXIMOS DE VELOCIDAD.,VOLCAMIENTOS,CAMIONETA,PARTICULAR,0,0,0,0,1,0,0,0,0,0,0,0,0,1,LICENCIA,23,HOMBRE,ILESO,CONDUCTOR,NO,NO
2023,DMQ00588032023,0,0,DMQ,-0.116778,-78.473278,17,PICHINCHA,1701,QUITO,170150,QUITO,ELOY ALFARO Y DE LOS EUCALIPTOS,ZONA 9,URBANA,ND,ND,ND,ND,29/03/2023,20:50:00,DE 20H00 A 20H59,20,MIÉRCOLES,3,MARZO,3,NO,C06,"CONDUCE BAJO LA INFLUENCIA DE ALCOHOL, SUSTANCIAS ESTUPEFACIENTES O PSICOTRÓPICAS Y/O MEDICAMENTOS.",CHOQUE FRONTAL,CAMIONETA,PARTICULAR,1,0,0,0,1,0,0,0,0,0,0,0,0,2,LICENCIA,66,HOMBRE,ILESO,CONDUCTOR,NO,NO
2023,DMQ00590032023,0,0,DMQ,-0.107659,-78.447381,17,PICHINCHA,1701,QUITO,170155,CALDERON (CARAPUNGO),PANAMERICANA NORTE Y GARCIA MORENO,ZONA 9,RURAL,58,ENTRADA A CARAPUNGO - CALDERON,58,COLECTORA,29/03/2023,23:21:00,DE 23H00 A 23H59,23,MIÉRCOLES,3,MARZO,3,NO,C11,NO MANTENER LA DISTANCIA PRUDENCIAL CON RESPECTO AL VEHÍCULO QUE LE ANTECEDE.,CHOQUE POSTERIOR,AUTOMÓVIL,PARTICULAR,2,0,0,0,0,0,0,0,0,0,0,0,0,2,LICENCIA,58,HOMBRE,ILESO,CONDUCTOR,NO,NO
2023,DMQ00592032023,0,0,DMQ,-0.141931,-78.494937,17,PICHINCHA,1701,QUITO,170150,QUITO,JOSE HERBOSO Y TENIENTE MANUEL SERRANO,ZONA 9,URBANA,ND,ND,ND,ND,30/03/2023,7:40:00,DE 07H00 A 07H59,7,JUEVES,4,MARZO,3,NO,C23,"NO RESPETAR LAS SEÑALES REGLAMENTARIAS DE TRÁNSITO. (PARE, CEDA EL PASO, LUZ ROJA DEL SEMAFORO, ETC).",CHOQUE LATERAL,CAMIONETA,PARTICULAR,1,0,0,0,1,0,0,0,0,0,0,0,0,2,LICENCIA,46,HOMBRE,ILESO,CONDUCTOR,NO,NO
2023,DMQ00593032023,1,0,DMQ,-0.239015,-78.523375,17,PICHINCHA,1701,QUITO,170150,QUITO,5 DE JUNIO Y RODRIGO DE CHAVEZ,ZONA 9,URBANA,ND,ND,ND,ND,30/03/2023,8:12:00,DE 08H00 A 08H59,8,JUEVES,4,MARZO,3,NO,C09,CONDUCIR VEHÍCULO SUPERANDO LOS LÍMITES MÁXIMOS DE VELOCIDAD.,PÉRDIDA DE CARRIL,SCOOTER ELÉCTRICO,PARTICULAR,0,0,0,0,0,0,0,0,0,0,1,0,0,1,LICENCIA,42,HOMBRE,LESIONADO,CONDUCTOR,NO,NO
2023,DMQ00595032023,0,0,DMQ,-0.175988,-78.485534,17,PICHINCHA,1701,QUITO,170150,QUITO,NACIONES UNIDAS Y AMAZONAS,ZONA 9,URBANA,ND,ND,ND,ND,30/03/2023,12:30:00,DE 12H00 A 12H59,12,JUEVES,4,MARZO,3,NO,C12,NO GUARDAR LA DISTANCIA LATERAL MÍNIMA DE SEGURIDAD ENTRE VEHÍCULOS.,ROZAMIENTOS,AUTOMÓVIL,PARTICULAR,2,0,0,0,0,0,0,0,0,0,0,0,0,2,LICENCIA,34,HOMBRE,ILESO,CONDUCTOR,NO,NO
2023,DMQ00597032023,1,0,DMQ,-0.058961,-78.345975,17,PICHINCHA,1701,QUITO,170163,GUAYLLABAMBA,SIMON BOLIVAR/GUAYLLABAMBA Y 10 DE AGOSTO,ZONA 9,RURAL,ND,ND,ND,ND,30/03/2023,14:00:00,DE 14H00 A 14H59,14,JUEVES,4,MARZO,3,NO,C01,"CASO FORTUITO O FUERZA MAYOR (EXPLOSIÓN DE NEUMÁTICO NUEVO, DERRUMBE, INUNDACIÓN, CAÍDA DE PUENTE, ÁRBOL, PRESENCIA INTEMPESTIVA E IMPREVISTA DE SEMOVIENTES EN LA VÍA, ETC.).",CAÍDA DE PASAJERO,AUTOMÓVIL,PARTICULAR,1,0,0,0,0,0,0,0,0,0,0,0,0,1,CÉDULA,6,HOMBRE,LESIONADO,PASAJERO,NO,NO
2023,DMQ00599032023,0,0,DMQ,-0.101542,-78.486336,17,PICHINCHA,1701,QUITO,170150,QUITO,MARISCAL SUCRE Y JOSEFINA BARBA,ZONA 9,URBANA,ND,ND,ND,ND,30/03/2023,16:40:00,DE 16H00 A 16H59,16,JUEVES,4,MARZO,3,NO,C11,NO MANTENER LA DISTANCIA PRUDENCIAL CON RESPECTO AL VEHÍCULO QUE LE ANTECEDE.,CHOQUE POSTERIOR,CAMIÓN,CUENTA PROPIA,1,0,0,1,0,0,0,0,0,0,0,0,0,2,CÉDULA,8,HOMBRE,ILESO,PASAJERO,NO,NO
2023,DMQ00600032023,0,0,DMQ,-0.111181,-78.457652,17,PICHINCHA,1701,QUITO,170155,CALDERON (CARAPUNGO),SIMON BOLIVAR Y N69H,ZONA 9,RURAL,ND,ND,ND,ND,30/03/2023,17:15:00,DE 17H00 A 17H59,17,JUEVES,4,MARZO,3,NO,C06,"CONDUCE BAJO LA INFLUENCIA DE ALCOHOL, SUSTANCIAS ESTUPEFACIENTES O PSICOTRÓPICAS Y/O MEDICAMENTOS.",COLISIÓN,CAMIÓN,CUENTA PROPIA,3,0,0,1,0,0,0,0,0,0,0,0,0,4,LICENCIA,31,HOMBRE,ILESO,CONDUCTOR,NO,NO
2023,DMQ00603032023,0,0,DMQ,-0.291781,-78.558158,17,PICHINCHA,1701,QUITO,170150,QUITO,MARISCAL SUCRE Y CONDOR ÑAN,ZONA 9,URBANA,ND,ND,ND,ND,30/03/2023,21:25:00,DE 21H00 A 21H59,21,JUEVES,4,MARZO,3,NO,C11,NO MANTENER LA DISTANCIA PRUDENCIAL CON RESPECTO AL VEHÍCULO QUE LE ANTECEDE.,COLISIÓN,BUS,PÚBLICO,1,0,1,0,1,0,0,0,0,0,0,0,0,3,LICENCIA,31,HOMBRE,ILESO,CONDUCTOR,NO,NO
2023,DMQ00604032023,0,0,DMQ,-0.182917,-78.482018,17,PICHINCHA,1701,QUITO,170150,QUITO,SHYRIS Y HOLANDA,ZONA 9,URBANA,ND,ND,ND,ND,30/03/2023,21:51:00,DE 21H00 A 21H59,21,JUEVES,4,MARZO,3,NO,C06,"CONDUCE BAJO LA INFLUENCIA DE ALCOHOL, SUSTANCIAS ESTUPEFACIENTES O PSICOTRÓPICAS Y/O MEDICAMENTOS.",ESTRELLAMIENTOS,AUTOMÓVIL,PARTICULAR,2,0,0,0,0,0,0,0,0,0,0,0,0,2,LICENCIA,35,MUJER,ILESO,CONDUCTOR,NO,NO
2023,DMQ00605032023,1,0,DMQ,-0.262636,-78.530641,17,PICHINCHA,1701,QUITO,170150,QUITO,TENIENTE HUGO ORTIZ Y J DE LA VEGA,ZONA 9,URBANA,ND,ND,ND,ND,31/03/2023,1:45:00,DE 01H00 A 01H59,1,VIERNES,5,MARZO,3,NO,C15,DEJAR O RECOGER PASAJEROS EN LUGARES NO PERMITIDOS.,CAÍDA DE PASAJERO,NO IDENTIFICADO,PARTICULAR,0,0,0,0,0,0,0,0,0,1,0,0,0,1,CÉDULA,36,HOMBRE,LESIONADO,PASAJERO,NO,NO
2023,DMQ00606032023,0,0,DMQ,-0.237573,-78.484673,17,PICHINCHA,1701,QUITO,170150,QUITO,SIMON BOLIVAR Y AUTOPISTA GENERAL RUMIÑAHUI,ZONA 9,URBANA,ND,ND,ND,ND,31/03/2023,10:30:00,DE 10H00 A 10H59,10,VIERNES,5,MARZO,3,NO,C09,CONDUCIR VEHÍCULO SUPERANDO LOS LÍMITES MÁXIMOS DE VELOCIDAD.,ESTRELLAMIENTOS,AUTOMÓVIL,PARTICULAR,1,0,0,0,0,0,0,0,0,0,0,0,0,1,LICENCIA,35,HOMBRE,ILESO,CONDUCTOR,NO,NO
2023,DMQ00610032023,0,0,DMQ,-0.254573,-78.522206,17,PICHINCHA,1701,QUITO,170150,QUITO,MALDONADO Y MORASPUNGO,ZONA 9,URBANA,ND,ND,ND,ND,31/03/2023,12:22:00,DE 12H00 A 12H59,12,VIERNES,5,MARZO,3,NO,C11,NO MANTENER LA DISTANCIA PRUDENCIAL CON RESPECTO AL VEHÍCULO QUE LE ANTECEDE.,CHOQUE POSTERIOR,BUS,PÚBLICO,1,0,1,0,0,0,0,0,0,0,0,0,0,2,CÉDULA,22,HOMBRE,ILESO,PASAJERO,NO,NO
2023,DMQ00612032023,1,0,DMQ,-0.319591,-78.549418,17,PICHINCHA,1701,QUITO,170150,QUITO,MALDONADO Y S39B,ZONA 9,URBANA,ND,ND,ND,ND,31/03/2023,12:45:00,DE 12H00 A 12H59,12,VIERNES,5,MARZO,3,NO,C26,NO CEDER EL DERECHO DE VÍA O PREFERENCIA DE PASO AL PEATÓN.,OTROS,CAMIÓN,CUENTA PROPIA,0,0,0,1,0,0,0,0,0,0,0,0,0,1,CÉDULA,13,HOMBRE,LESIONADO,PEATÓN,NO,NO
2023,DMQ00615032023,0,0,DMQ,-0.204103,-78.496008,17,PICHINCHA,1701,QUITO,170150,QUITO,VICENTE RAMON ROCA Y 9 DE OCTUBRE,ZONA 9,URBANA,ND,ND,ND,ND,31/03/2023,16:10:00,DE 16H00 A 16H59,16,VIERNES,5,MARZO,3,NO,C14,"CONDUCIR DESATENTO A LAS CONDICIONES DE TRÁNSITO (CELULAR, PANTALLAS DE VIDEO, COMIDA, MAQUILLAJE O CUALQUIER OTRO ELEMENTO DISTRACTOR).",ESTRELLAMIENTOS,AUTOMÓVIL,PARTICULAR,2,0,0,0,0,0,0,0,0,0,0,0,0,2,LICENCIA,76,HOMBRE,ILESO,CONDUCTOR,NO,NO
2023,DMQ00616032023,0,0,DMQ,-0.191183,-78.456964,17,PICHINCHA,1701,QUITO,170150,QUITO,OSWALDO GUAYASAMIN (INTEROCEANICA) Y SIMON BOLIVAR,ZONA 9,URBANA,60,QUITO - TUMBACO - PIFO,60,COLECTORA,31/03/2023,16:30:00,DE 16H00 A 16H59,16,VIERNES,5,MARZO,3,NO,C10,"CONDICIONES AMBIENTALES Y/O ATMOSFÉRICAS (NIEBLA, NEBLINA, GRANIZO, LLUVIA).",CHOQUE LATERAL,AUTOMÓVIL,PARTICULAR,2,0,0,0,0,0,0,0,0,0,0,0,0,2,LICENCIA,22,HOMBRE,ILESO,CONDUCTOR,NO,NO
2023,DMQ00617032023,0,0,DMQ,-0.192121,-78.456723,17,PICHINCHA,1701,QUITO,170150,QUITO,SIMON BOLIVAR Y PERLA QUITEÑA,ZONA 9,URBANA,ND,ND,ND,ND,31/03/2023,17:20:00,DE 17H00 A 17H59,17,VIERNES,5,MARZO,3,NO,C12,NO GUARDAR LA DISTANCIA LATERAL MÍNIMA DE SEGURIDAD ENTRE VEHÍCULOS.,ROZAMIENTOS,CAMIONETA,PARTICULAR,0,0,0,0,2,0,0,0,0,0,0,0,0,2,LICENCIA,29,HOMBRE,ILESO,CONDUCTOR,NO,NO
2023,DMQ00618032023,0,0,DMQ,-0.093991,-78.470926,17,PICHINCHA,1701,QUITO,170150,QUITO,DIEGO VASQUEZ DE CEPEDA Y ANTONIO CASTILLO,ZONA 9,URBANA,ND,ND,ND,ND,31/03/2023,19:00:00,DE 19H00 A 19H59,19,VIERNES,5,MARZO,3,NO,C09,CONDUCIR VEHÍCULO SUPERANDO LOS LÍMITES MÁXIMOS DE VELOCIDAD.,OTROS,CAMIÓN,CUENTA PROPIA,0,0,0,1,0,0,0,0,0,0,0,0,0,1,NO IDENTIFICADO,-1,NO IDENTIFICADO,NO IDENTIFICADO,CONDUCTOR,NO,NO
2023,DMQ00619032023,8,0,DMQ,-0.086285,-78.508534,17,PICHINCHA,1701,QUITO,170150,QUITO,N82 Y OE11A,ZONA 9,URBANA,ND,ND,ND,ND,31/03/2023,19:40:00,DE 19H00 A 19H59,19,VIERNES,5,MARZO,3,NO,C06,"CONDUCE BAJO LA INFLUENCIA DE ALCOHOL, SUSTANCIAS ESTUPEFACIENTES O PSICOTRÓPICAS Y/O MEDICAMENTOS.",CHOQUE LATERAL,FURGONETA,COMERCIAL,1,0,0,0,0,0,0,1,0,0,0,0,0,2,CÉDULA,13,MUJER,LESIONADO,PASAJERO,NO,NO
2023,PNE00126032023,0,0,PNE,-0.071706,-78.473392,17,PICHINCHA,1701,QUITO,170177,POMASQUI,AV.  MANUEL  CORDOVA  GALARZA  -  CALLE  ALBORADA,ZONA 9,RURAL,52,QUITO - POMASQUI - REDONDEL MITAD DEL MUNDO,E28,COLECTORA,31/03/2023,22:00:00,DE 22H00 A 22H59,22,VIERNES,5,MARZO,3,NO,C06,"CONDUCE BAJO LA INFLUENCIA DE ALCOHOL, SUSTANCIAS ESTUPEFACIENTES O PSICOTRÓPICAS Y/O MEDICAMENTOS.",COLISIÓN,AUTOMÓVIL,PARTICULAR,3,0,0,0,0,0,0,0,0,0,0,0,0,3,LICENCIA,59,HOMBRE,ILESO,CONDUCTOR,NO,SI
2023,DMQ00620032023,0,0,DMQ,-0.083213,-78.469248,17,PICHINCHA,1701,QUITO,170150,QUITO,JAIME ROLDOS AGUILERA Y REPUBLICA DOMENICANA,ZONA 9,URBANA,ND,ND,ND,ND,31/03/2023,22:15:00,DE 22H00 A 22H59,22,VIERNES,5,MARZO,3,NO,C09,CONDUCIR VEHÍCULO SUPERANDO LOS LÍMITES MÁXIMOS DE VELOCIDAD.,ESTRELLAMIENTOS,MOTOCICLETA,PARTICULAR,0,0,0,0,0,0,0,0,1,0,0,0,0,1,CÉDULA,29,HOMBRE,ILESO,PASAJERO,NO,NO
2023,DMQ00621032023,2,0,DMQ,-0.194275,-78.482061,17,PICHINCHA,1701,QUITO,170150,QUITO,6 DE DICIEMBRE Y WHYMPER,ZONA 9,URBANA,ND,ND,ND,ND,31/03/2023,22:20:00,DE 22H00 A 22H59,22,VIERNES,5,MARZO,3,NO,C23,"NO RESPETAR LAS SEÑALES REGLAMENTARIAS DE TRÁNSITO. (PARE, CEDA EL PASO, LUZ ROJA DEL SEMAFORO, ETC).",CHOQUE LATERAL,MOTOCICLETA,PARTICULAR,0,0,0,0,0,0,0,0,1,1,0,0,0,2,LICENCIA,25,HOMBRE,LESIONADO,CONDUCTOR,NO,NO
2023,DMQ00625032023,1,0,DMQ,-0.100201,-78.471711,17,PICHINCHA,1701,QUITO,170150,QUITO,GALO PLAZA LASSO Y N74C,ZONA 9,URBANA,ND,ND,ND,ND,31/03/2023,23:15:00,DE 23H00 A 23H59,23,VIERNES,5,MARZO,3,NO,C06,"CONDUCE BAJO LA INFLUENCIA DE ALCOHOL, SUSTANCIAS ESTUPEFACIENTES O PSICOTRÓPICAS Y/O MEDICAMENTOS.",CHOQUE LATERAL,MOTOCICLETA,PARTICULAR,1,0,0,0,0,0,0,0,1,0,0,0,0,2,LICENCIA,21,HOMBRE,LESIONADO,CONDUCTOR,NO,NO
2023,DMQ00626032023,0,0,DMQ,-0.242116,-78.532498,17,PICHINCHA,1701,QUITO,170150,QUITO,MARISCAL SUCRE Y JOSE ESGUSQUIZA,ZONA 9,URBANA,ND,ND,ND,ND,31/03/2023,23:45:00,DE 23H00 A 23H59,23,VIERNES,5,MARZO,3,NO,C23,"NO RESPETAR LAS SEÑALES REGLAMENTARIAS DE TRÁNSITO. (PARE, CEDA EL PASO, LUZ ROJA DEL SEMAFORO, ETC).",CHOQUE LATERAL,CAMIÓN,ESTADO,1,0,0,1,0,0,0,0,0,0,0,0,0,2,LICENCIA,37,HOMBRE,ILESO,CONDUCTOR,NO,NO